"ITEM_ID","question","gt_answer"
"1","你正在回答一道独立的供应链决策多选题。仅根据本题条件作答。

请根据题目给定的条件，分别简要分析 A、B、C、D 四个选项，再给出最终答案。

每个选项说明其成立或不成立的关键依据，必要时给出简短计算。
分析长度以解释清楚为准，避免重复题干或展开无关背景。
不要引入题目未给出的假设。

按以下结构输出：
A：……
B：……
C：……
D：……

最后输出唯一的答案 JSON：
{""answer"":[""A"",""C""]}

answer 是唯一字段，数组包含 1–3 个不重复的大写选项字母，
仅限 A、B、C、D，按字母顺序排列。
示例选项仅说明格式，不代表本题答案。
分析部分不要输出候选答案 JSON，最终答案后不要输出任何内容。

题目：
**Scenario and Given Conditions**：
零售企业向不可靠供应商 U 和可靠供应商 R 采购，报价外生，双方无产能限制。
市场逆需求为 $p(q)=m-q$，$m>0$。买方在到货总量 $Q$ 下选择销售量 $0\le q\le Q$，可保留剩余货物，其收入为
$$R(Q)=\max_{0\le q\le Q}(m-q)q=\begin{cases}mQ-Q^2,&0\le Q\le m/2,\\m^2/4,&Q>m/2.\end{cases}$$

U 的实际交付为 $\varepsilon Q_U$，$\Pr(\varepsilon=1)=P_1\in(0,1)$，$P_0=1-P_1$；R 确定交付。报价满足 $0<w_U<m$、$0<w_R\le w_E<m$，买方只对实际交付支付货款。时间 0，买方选择非负初始订单 $Q_U,Q_R$；时间 1，观察在途信号 $s\in\{G,B\}$ 后选择非负应急订单 $Q_E(s)$，初始订单不可更改；时间 2，到货、结算并销售。R 的应急订单也可按时交付。

信号满足 $\Pr(B\mid\varepsilon=0)=\rho$、$\Pr(G\mid\varepsilon=0)=1-\rho$、$\Pr(G\mid\varepsilon=1)=1$，$\rho\in[0,1]$。记 $P_B=P_0\rho$、$P_G=1-P_0\rho$，良好信号后的损毁概率为 $P_0^G=P_0(1-\rho)/P_G$；当 $\rho>0$，B 揭示损毁；当 $\rho=0$，B 为零概率事件。

买方风险中性，按上述联合分布与决策时序最大化
$$\mathbb E[R(\varepsilon Q_U+Q_R+Q_E(s))-w_U\varepsilon Q_U-w_RQ_R-w_EQ_E(s)].$$
若 $\rho=1$ 且 $w_R=P_1w_U+P_0w_E$，采购平局优先等待坏信号，选择纯应急响应。下列涉及应急量 $Q_E(B)$ 的陈述仅针对 B 为正概率的情形。

**Question**：哪些采购判断成立？

这是多选题，请选择所有由题面给定条件确定成立的陈述。

A. 存在一组最优采购决策，使买方收到 G 后不再发起应急采购，即 $Q_E(G)=0$。

B. 当 $0<\rho<1$ 时，良好信号下存在损毁风险足以保证每组最优采购决策都有 $Q_R>0$。

C. 当 $\rho=1$ 时，固定 $m,P_1,w_U,w_E$，满足 $w_U<w_R<w_E$ 且所选最优响应同时有 $Q_R>0$、$Q_E(B)>0$ 的常规价格集合包含非退化开区间。

D. 当 $0<\rho<1$ 且 $w_R=P_1w_U+P_Bw_E+P_0(1-\rho)m$ 时，存在满足 $Q_E(G)=0$、$Q_R=0$ 的最优采购决策。","0"
"2","你正在回答一道独立的供应链决策多选题。仅根据本题条件作答。

请根据题目给定的条件，分别简要分析 A、B、C、D 四个选项，再给出最终答案。

每个选项说明其成立或不成立的关键依据，必要时给出简短计算。
分析长度以解释清楚为准，避免重复题干或展开无关背景。
不要引入题目未给出的假设。

按以下结构输出：
A：……
B：……
C：……
D：……

最后输出唯一的答案 JSON：
{""answer"":[""A"",""C""]}

answer 是唯一字段，数组包含 1–3 个不重复的大写选项字母，
仅限 A、B、C、D，按字母顺序排列。
示例选项仅说明格式，不代表本题答案。
分析部分不要输出候选答案 JSON，最终答案后不要输出任何内容。

题目：
**Scenario and Given Conditions**：
市场逆需求为 $p(q)=m-q$，$m>0$。买方在到货总量 $Q$ 下选择销售量 $0\le q\le Q$，可保留剩余货物，其收入为
$$R(Q)=\max_{0\le q\le Q}(m-q)q=\begin{cases}mQ-Q^2,&0\le Q\le m/2,\\m^2/4,&Q>m/2.\end{cases}$$

单买方可向不可靠供应商 U 和可靠供应商 R 采购。三方风险中性、无产能限制。U 的实际交付为 $\varepsilon Q_U$，$\varepsilon\in\{0,1\}$，$\Pr(\varepsilon=1)=P_1\in(0,1)$，$P_0=1-P_1$；R 确定交付。单位生产成本满足 $0\le c_U<P_1m$、$0\le c_R<m$。U 对全部初始订单承担成本 $c_UQ_U$，即使交付失败也不免除生产成本；R 的成本为 $c_R[Q_R+Q_E(s)]$。买方只对实际交付支付货款。

时间 0，U 同时报价 $w_U\in[c_U/P_1,m]$，R 承诺常规价和应急价 $c_R\le w_R\le w_E\le m$；买方据报价选择非负初始订单 $Q_U,Q_R$。时间 1，买方收到信号 $s\in\{G,B\}$，选择非负应急订单 $Q_E(s)$，初始订单不可修改。时间 2，全部订单到货或损毁，交付结算与销售发生。

信号满足 $\Pr(B\mid\varepsilon=0)=\rho$、$\Pr(G\mid\varepsilon=0)=1-\rho$、$\Pr(G\mid\varepsilon=1)=1$。买方最大化
$$\pi_B=\mathbb E\big[R(\varepsilon Q_U+Q_R+Q_E(s))-w_U\varepsilon Q_U-w_RQ_R-w_EQ_E(s)\big],$$
其中期望按上述交付与信号的联合分布计算，决策须服从信号时序。所有参数为共同知识。供应商预见买方最优响应，非合作地最大化
$$\pi_U=(P_1w_U-c_U)Q_U^*,\qquad \pi_R=(w_R-c_R)Q_R^*+\mathbb E[(w_E-c_R)Q_E^*(s)].$$
星号表示买方的最优数量。供应商采用收益帕累托占优的纳什均衡；未交易的报价可多值，不假定全部价格唯一。买方选取 $Q_E(G)=0$ 的最优响应；仅当 $\rho=1$ 且 $w_R=P_1w_U+P_0w_E$ 时，采购平局优先选择等待坏信号的纯应急响应。

比较成本和交付概率相同的两个体制：I 中 $\rho=1$，信号完全揭示交付状态；N 中 $\rho=0$，信号恒为 G，买方选取上述无 G 应急订单的最优响应。上标 I、N 表示各体制的均衡量或利润。

定义成本量
$$\psi_1=\frac{P_1m+c_U}{2P_1},\quad\psi_2=\frac{P_0m+2c_U/P_1}{2+P_0},$$
$$\phi_1=\frac{(1+P_0)m+c_U}{2},\quad\phi_2=\frac{2P_0m+c_U}{1+P_0}.$$

**Question**：哪些关于应急采购与初始价格竞争的判断成立？

这是多选题，请选择所有由题面给定条件确定成立的陈述。

A. 若 $\phi_2<c_R<\phi_1$，引入完全信息后 R 的常规均衡报价满足 $w_R^I<w_R^N$。

B. 若 $c_R>\phi_2$，完全信息使 R 即使放弃初始订单仍保有正的应急贸易收益，这一保留收益削弱其争夺初始订单的降价动力。

C. 在 $c_R=\phi_1$ 处，完全信息使 U 的均衡批发价严格高于无信息时，即 $w_U^I>w_U^N$。

D. 若 $\psi_2<c_R<\phi_2$，从 N 切换到 I 会使买方从两家均有严格正初始订单，转为初始只向 U 订购并在 B 后向 R 应急补货。","0"
"3","你正在回答一道独立的供应链决策多选题。仅根据本题条件作答。

请根据题目给定的条件，分别简要分析 A、B、C、D 四个选项，再给出最终答案。

每个选项说明其成立或不成立的关键依据，必要时给出简短计算。
分析长度以解释清楚为准，避免重复题干或展开无关背景。
不要引入题目未给出的假设。

按以下结构输出：
A：……
B：……
C：……
D：……

最后输出唯一的答案 JSON：
{""answer"":[""A"",""C""]}

answer 是唯一字段，数组包含 1–3 个不重复的大写选项字母，
仅限 A、B、C、D，按字母顺序排列。
示例选项仅说明格式，不代表本题答案。
分析部分不要输出候选答案 JSON，最终答案后不要输出任何内容。

题目：
**Scenario and Given Conditions**：
市场逆需求为 $p(q)=m-q$，$m>0$。买方在到货总量 $Q$ 下选择销售量 $0\le q\le Q$，可保留剩余货物，其收入为
$$R(Q)=\max_{0\le q\le Q}(m-q)q=\begin{cases}mQ-Q^2,&0\le Q\le m/2,\\m^2/4,&Q>m/2.\end{cases}$$

单买方可向不可靠供应商 U 和可靠供应商 R 采购。三方风险中性、无产能限制。U 的实际交付为 $\varepsilon Q_U$，$\varepsilon\in\{0,1\}$，$\Pr(\varepsilon=1)=P_1\in(0,1)$，$P_0=1-P_1$；R 确定交付。单位生产成本满足 $0\le c_U<P_1m$、$0\le c_R<m$。U 对全部初始订单承担成本 $c_UQ_U$，即使交付失败也不免除生产成本；R 的成本为 $c_R[Q_R+Q_E(s)]$。买方只对实际交付支付货款。

时间 0，U 同时报价 $w_U\in[c_U/P_1,m]$，R 承诺常规价和应急价 $c_R\le w_R\le w_E\le m$；买方据报价选择非负初始订单 $Q_U,Q_R$。时间 1，买方收到信号 $s\in\{G,B\}$，选择非负应急订单 $Q_E(s)$，初始订单不可修改。时间 2，全部订单到货或损毁，交付结算与销售发生。

信号满足 $\Pr(B\mid\varepsilon=0)=\rho$、$\Pr(G\mid\varepsilon=0)=1-\rho$、$\Pr(G\mid\varepsilon=1)=1$。买方最大化
$$\pi_B=\mathbb E\big[R(\varepsilon Q_U+Q_R+Q_E(s))-w_U\varepsilon Q_U-w_RQ_R-w_EQ_E(s)\big],$$
其中期望按上述交付与信号的联合分布计算，决策须服从信号时序。所有参数为共同知识。供应商预见买方最优响应，非合作地最大化
$$\pi_U=(P_1w_U-c_U)Q_U^*,\qquad \pi_R=(w_R-c_R)Q_R^*+\mathbb E[(w_E-c_R)Q_E^*(s)].$$
星号表示买方的最优数量。供应商采用收益帕累托占优的纳什均衡；未交易的报价可多值，不假定全部价格唯一。买方选取 $Q_E(G)=0$ 的最优响应；仅当 $\rho=1$ 且 $w_R=P_1w_U+P_0w_E$ 时，采购平局优先选择等待坏信号的纯应急响应。

比较成本和交付概率相同的两个体制：I 中 $\rho=1$，信号完全揭示交付状态；N 中 $\rho=0$，信号恒为 G，买方选取上述无 G 应急订单的最优响应。上标 I、N 表示各体制的均衡量或利润。

令 $\Delta\pi_j=\pi_j^I-\pi_j^N$，$j\in\{B,U,R\}$，分别表示买方、U、R 的期望均衡利润变化。定义成本量
$$\psi_2=\frac{P_0m+2c_U/P_1}{2+P_0},\quad\phi_1=\frac{(1+P_0)m+c_U}{2},\quad\Gamma=m-\frac{P_1m-c_U}{\sqrt{4-P_1+P_1^2}}.$$

**Question**：哪些关于完全信息与无信息之间的利润比较成立？

这是多选题，请选择所有由题面给定条件确定成立的陈述。

A. 若 $\psi_2<c_R<\Gamma$，买方的期望均衡利润下降，即 $\Delta\pi_B<0$。

B. 若 $c_R=\Gamma$，买方的期望均衡利润仍下降，即 $\Delta\pi_B<0$。

C. 若 $\Gamma<c_R<\phi_1$，三方的期望均衡利润均严格提高。

D. 若 $\phi_1\le c_R<m$，U 的期望均衡利润严格提高，即 $\Delta\pi_U>0$。","0"
"4","你正在回答一道独立的供应链决策多选题。仅根据本题条件作答。

请根据题目给定的条件，分别简要分析 A、B、C、D 四个选项，再给出最终答案。

每个选项说明其成立或不成立的关键依据，必要时给出简短计算。
分析长度以解释清楚为准，避免重复题干或展开无关背景。
不要引入题目未给出的假设。

按以下结构输出：
A：……
B：……
C：……
D：……

最后输出唯一的答案 JSON：
{""answer"":[""A"",""C""]}

answer 是唯一字段，数组包含 1–3 个不重复的大写选项字母，
仅限 A、B、C、D，按字母顺序排列。
示例选项仅说明格式，不代表本题答案。
分析部分不要输出候选答案 JSON，最终答案后不要输出任何内容。

题目：
**Scenario and Given Conditions**：
单买方向不可靠供应商 U 和可靠供应商 R 采购，三方风险中性、无产能限制。
市场逆需求为 $p(q)=m-q$，$m>0$。买方在到货总量 $Q$ 下选择销售量 $0\le q\le Q$，可保留剩余货物，其收入为
$$R(Q)=\max_{0\le q\le Q}(m-q)q=\begin{cases}mQ-Q^2,&0\le Q\le m/2,\\m^2/4,&Q>m/2.\end{cases}$$

U 的单位生产成本为 $c_U=0$，其实际交付为 $\varepsilon Q_U$，$\varepsilon\in\{0,1\}$，$\Pr(\varepsilon=1)=P_1\in(0,1)$，$P_0=1-P_1$。R 单位生产成本为 $0\le c_R<m$，确定交付并承担 $c_R[Q_R+Q_E(s)]$。买方仅对实际交付支付货款。

时间 0，两供应商同时非合作报价：U 选择 $0\le w_U\le m$，R 承诺 $c_R\le w_R\le w_E\le m$；买方随后选择非负初始订单 $Q_U,Q_R$。时间 1，买方收到信号 $s\in\{G,B\}$ 后选择非负应急订单 $Q_E(s)$，初始订单不可修改。时间 2，交付、结算与销售发生。R 的全部订单均可按时交付。

信号精度为 $0<\rho<1$，满足 $\Pr(B\mid\varepsilon=0)=\rho$、$\Pr(G\mid\varepsilon=0)=1-\rho$、$\Pr(G\mid\varepsilon=1)=1$。记
$$P_B=P_0\rho,\quad P_G=1-P_0\rho,\quad P_0^G=\frac{P_0(1-\rho)}{P_G},\quad P_1^G=\frac{P_1}{P_G}.$$
买方按该联合分布和时序最大化
$$\pi_B=\mathbb E[R(\varepsilon Q_U+Q_R+Q_E(s))-w_U\varepsilon Q_U-w_RQ_R-w_EQ_E(s)].$$
供应商预见此最优响应，最大化
$$\pi_U=P_1w_UQ_U^*,\qquad\pi_R=(w_R-c_R)Q_R^*+\mathbb E[(w_E-c_R)Q_E^*(s)].$$
所有参数为共同知识，采用供应商收益帕累托占优的纳什均衡。买方选取 $Q_E(G)=0$ 的最优响应；在仍有采购平局时优先选择最小 $Q_R$ 的最优解。不假定闲置报价唯一。

定义
$$\hat\psi_1=\frac{(1+P_0^G)m}{2},\quad\hat\psi_2=\frac{2P_0-P_B(1+P_0)}{2-P_B(1+P_0)}m,\quad\psi_{mix}=\frac{2P_0^Gm}{1+P_0^G}.$$
仅考察 $c_R>\max\{\hat\psi_2,\psi_{mix}\}$ 的参数范围。A、B、C 的精度比较固定 $m,P_1,c_R$，只在保持该严格条件与各选项严格不等式的同一开区间内改变 $\rho$；不在 $c_R=\hat\psi_1$ 的切换点使用普通导数。D 中各比较精度均须满足上述参数范围。

**Question**：哪些关于监测精度与均衡响应的判断成立？

这是多选题，请选择所有由题面给定条件确定成立的陈述。

A. 当 $c_R>\hat\psi_1$ 时，U 的均衡报价对精度的局部导数满足 $\partial w_U^*/\partial\rho>0$。

B. 当 $c_R<\hat\psi_1$ 时，U 的均衡报价对精度的局部导数满足 $\partial w_U^*/\partial\rho>0$。

C. 当 $c_R<\hat\psi_1$ 时，买方的期望均衡利润对精度的局部导数满足 $\partial\pi_B^*/\partial\rho<0$。

D. 固定 $m=10$、$P_1=0.8$、$c_R=5.5$，买方的期望均衡利润在 $0<\rho<1$ 上单调递增。","0"
"5","你正在回答一道独立的供应链决策多选题。仅根据本题条件作答。

请根据题目给定的条件，分别简要分析 A、B、C、D 四个选项，再给出最终答案。

每个选项说明其成立或不成立的关键依据，必要时给出简短计算。
分析长度以解释清楚为准，避免重复题干或展开无关背景。
不要引入题目未给出的假设。

按以下结构输出：
A：……
B：……
C：……
D：……

最后输出唯一的答案 JSON：
{""answer"":[""A"",""C""]}

answer 是唯一字段，数组包含 1–3 个不重复的大写选项字母，
仅限 A、B、C、D，按字母顺序排列。
示例选项仅说明格式，不代表本题答案。
分析部分不要输出候选答案 JSON，最终答案后不要输出任何内容。

题目：
**Scenario and Given Conditions**：
风险中性制造企业在生产前向两家被动履约供应商订货 $q=(q_1,q_2)^T\ge0$，并按外生单价支付全部订单成本 $c_1q_1+c_2q_2$。产出后以固定单价 $p_0>0$ 满足固定需求 $d_0>0$；无残值、缺货罚金和容量限制。目标为最大化
$$\Pi(q)=p_0E[\min(d_0,q_1\xi_1+q_2\xi_2)]-c_1q_1-c_2q_2,$$
其中 $0<c_i<p_0\mu_i$。企业事前知道完整产出分布。

采用未截断双变量正态产出近似：$\xi\sim N(\mu,\Sigma)$，$\mu_i>0$、$\sigma_i>0$、$\rho\in(-1,1)$，$\Sigma_{12}=\rho\sigma_1\sigma_2$，非物理产出率尾部概率极小。所有期望按此未截断分布计算，负交付尾部也使用上述收入函数的解析表达式。定义 $v_i=\sigma_i/\mu_i$，已知 $v_1<v_2$，令 $\rho^*=v_1/v_2$。对非零订单定义 $CV(q)=\sqrt{\operatorname{Var}(q^T\xi)}/E[q^T\xi]$。比较供应基时限于严格成本区域，排除边界平局。

**Question**：
以下哪些陈述由给定模型确定成立？这是多选题，请选择所有由题面给定条件确定成立的陈述。

A. 若 $\rho>\rho^*$，固定 $q_1>0$ 时，$CV(q_1,q_2)$ 在 $q_2\ge0$ 上严格递增。

B. 若 $\rho>\rho^*$，对任意给定的 $0<c_1<p_0\mu_1$，存在一个非空的 $c_2$ 开区间，使企业独采供应商1，且 $c_2/\mu_2<c_1/\mu_1$。

C. 若 $\rho=\rho^*$，固定 $q_1>0$ 时，$CV(q_1,q_2)$ 在 $q_2=0$ 处的右导数严格为正。

D. 若 $\rho>\rho^*$，利润最大化订单必然是单源订单。","0"
"6","你正在回答一道独立的供应链决策多选题。仅根据本题条件作答。

请根据题目给定的条件，分别简要分析 A、B、C、D 四个选项，再给出最终答案。

每个选项说明其成立或不成立的关键依据，必要时给出简短计算。
分析长度以解释清楚为准，避免重复题干或展开无关背景。
不要引入题目未给出的假设。

按以下结构输出：
A：……
B：……
C：……
D：……

最后输出唯一的答案 JSON：
{""answer"":[""A"",""C""]}

answer 是唯一字段，数组包含 1–3 个不重复的大写选项字母，
仅限 A、B、C、D，按字母顺序排列。
示例选项仅说明格式，不代表本题答案。
分析部分不要输出候选答案 JSON，最终答案后不要输出任何内容。

题目：
**Scenario and Given Conditions**：
风险中性企业向 $n\ge3$ 家供应商采购，事前知道所有参数并选 $q\ge0$，支付 $q^Tc$。外生采购价满足 $0<c_i<(a/b)\mu_i$，$a,b>0$。产出后企业按需求 $d(p)=a-bp$ 选择售价 $p\in[0,a/b]$。无残值、缺货罚金与容量限制。

产出率采用未截断多元正态近似 $\xi\sim N(\mu,\Sigma)$，$\mu_i>0$、$\Sigma$ 对称正定，非物理产出率尾部概率极小。总交付 $Q=q^T\xi$，企业最大化 $\Pi(q)=E[h(Q)]-q^Tc$，其中
$$h(y)=\begin{cases}(a-y)y/b,&y<a/2,\\a^2/(4b),&y\ge a/2.\end{cases}$$
对物理交付 $y\ge0$，此函数为观察交付后最优定价收入；负交付尾部按显示的解析延拓计算，不截断交付。

令 $q^*$ 是一个非零全局最优订单。$J=\{i:q_i^*>0\}$ 非空；涉及未入选组的比较取 $J^c
e\varnothing$。重排坐标后 $q^*=(q_J^{*T},0^T)^T$，并按 $J,J^c$ 将协方差分为 $\Sigma_{JJ},\Sigma_{J,J^c},\Sigma_{J^c,J},\Sigma_{J^c,J^c}$。订单最优性始终相对于所有非负订单检验；不预设未入选坐标的边际利润严格为负。

**Question**：
以下哪些陈述由给定模型确定成立？这是多选题，请选择所有由题面给定条件确定成立的陈述。

A. 若 $\Sigma$ 为对角阵，且所有有效单位成本 $c_i/\mu_i$ 两两不同，则企业必然只向有效单位成本最低的供应商订货。

B. 在验证 $q^*$ 的全局最优性时，跨组协方差 $\Sigma_{J^c,J}$ 可以从未入选供应商的边际利润条件中删去。

C. 若 $\Sigma$ 为对角阵，则每个入选供应商的有效单位成本严格低于每个未入选供应商的有效单位成本。

D. 仅改变 $\Sigma_{J^c,J^c}$、保持其他参数及其他协方差块不变，并使新全矩阵仍正定且满足同一尾部近似条件时，原订单 $q^*$ 仍为全局最优订单。","0"
"7","你正在回答一道独立的供应链决策多选题。仅根据本题条件作答。

请根据题目给定的条件，分别简要分析 A、B、C、D 四个选项，再给出最终答案。

每个选项说明其成立或不成立的关键依据，必要时给出简短计算。
分析长度以解释清楚为准，避免重复题干或展开无关背景。
不要引入题目未给出的假设。

按以下结构输出：
A：……
B：……
C：……
D：……

最后输出唯一的答案 JSON：
{""answer"":[""A"",""C""]}

answer 是唯一字段，数组包含 1–3 个不重复的大写选项字母，
仅限 A、B、C、D，按字母顺序排列。
示例选项仅说明格式，不代表本题答案。
分析部分不要输出候选答案 JSON，最终答案后不要输出任何内容。

题目：
**Scenario and Given Conditions**：
风险中性制造企业向两家供应商采购，事前选择 $q\ge0$ 并支付外生订单成本 $c^Tq$；产出后以单价 $p_0>0$ 满足固定需求 $d_0>0$，无残值、缺货罚金和容量限制。企业最大化
$$\Pi(q)=p_0E[\min(d_0,q_1\xi_1+q_2\xi_2)]-c_1q_1-c_2q_2,$$
且 $0<c_i<p_0\mu_i$。企业知道完整分布，采用未截断双变量正态近似 $\xi\sim N(\mu,\Sigma)$，$\mu_i,\sigma_i>0$、$\rho\in(-1,1)$、$\Sigma_{12}=\rho\sigma_1\sigma_2$；非物理产出率尾部概率极小，收入按显示的表达式延拓到负交付尾部。定义 $v_i=\sigma_i/\mu_i$。

固定供应商1的参数和成本，令 $\widehat q_1>0$ 为只允许向1订货时的利润最大化数量。考察 $(\widehat q_1,0)$ 是否也是允许两家订货时的最优订单。称供应商2“被严格排除”，是指此订单处沿 $q_2$ 增加方向的利润右导数严格为负。允许在严格成本域内调整 $c_2$，其余模型参数固定。

**Question**：
以下哪些陈述由给定模型确定成立？这是多选题，请选择所有由题面给定条件确定成立的陈述。

A. 若 $\rho>v_1/v_2$，则每个满足 $0<c_2/\mu_2<c_1/\mu_1$ 的成本配置均使供应商2被严格排除。

B. 若有效成本更低的供应商2被严格排除，则必有 $\rho>v_1/v_2$。

C. 若 $v_1<v_2$ 且 $\rho>v_1/v_2$，则存在一个合法且有效成本更低的 $c_2$，使 $(\widehat q_1,0)$ 成为全局最优订单，并严格排除供应商2。

D. 若 $\rho<0$，则每个满足 $0<c_2<p_0\mu_2$ 的成本配置都会使 $(\widehat q_1,0)$ 失去全局最优性。","0"
"8","你正在回答一道独立的供应链决策多选题。仅根据本题条件作答。

请根据题目给定的条件，分别简要分析 A、B、C、D 四个选项，再给出最终答案。

每个选项说明其成立或不成立的关键依据，必要时给出简短计算。
分析长度以解释清楚为准，避免重复题干或展开无关背景。
不要引入题目未给出的假设。

按以下结构输出：
A：……
B：……
C：……
D：……

最后输出唯一的答案 JSON：
{""answer"":[""A"",""C""]}

answer 是唯一字段，数组包含 1–3 个不重复的大写选项字母，
仅限 A、B、C、D，按字母顺序排列。
示例选项仅说明格式，不代表本题答案。
分析部分不要输出候选答案 JSON，最终答案后不要输出任何内容。

题目：
**Scenario and Given Conditions**：
风险中性企业事前向两家供应商选订单 $q\ge0$，并支付外生全部订单成本 $c_1q_1+c_2q_2$；无残值、缺货罚金和容量限制，产出后以单价 $p_0>0$ 销售。企业知道完整分布。

产出采用未截断双变量正态近似，边际均值 $\mu_i>0$、标准差 $\sigma_i>0$ 固定，相关系数 $\rho\in(-1,1)$。$v_i=\sigma_i/\mu_i$ 满足 $v_1<v_2$，令 $\rho^*=v_1/v_2$。协方差为 $\rho\sigma_1\sigma_2$，非物理产出率尾部概率极小；以下收入表达式也用于负交付尾部，不截断交付。

基准市场需求为常数 $d_0>0$，利润为
$$\Pi(q;\rho)=p_0E[\min(d_0,q^T\xi)]-c^Tq.$$
扩展市场需求为事前未知、产出后观察到的随机变量 $D$，独立于 $\xi$，已知其完整分布，且 $0<d_{\min}\le D\le d_{\max}<\infty$，利润为
$$\bar\Pi(q;\rho)=p_0E[\min(D,q^T\xi)]-c^Tq.$$
两场景均取 $0<c_i<p_0\mu_i$。固定 $c_1$，记基准市场中最优单采1订单处添加供应商2的边际销售收入为 $C_1(c_1;\rho)$，扩展市场中的对应量为 $\bar C_1(c_1;\rho)$。它们的定义不含新增订单的采购成本。令 $L=c_1\mu_2/\mu_1$。比较供应基时不取边际收入等于采购成本的切换点。

**Question**：
以下哪些陈述由给定模型确定成立？这是多选题，请选择所有由题面给定条件确定成立的陈述。

A. 基准市场中，固定边际分布和 $c_1$，若 $-1<\rho<\widehat\rho<1$，则 $C_1(c_1;\widehat\rho)\le C_1(c_1;\rho)$。

B. 基准市场中，若 $\widehat\rho>\rho$，则每个非零固定订单 $q\ge0$ 均满足 $\Pi(q;\widehat\rho)<\Pi(q;\rho)$。

C. 扩展市场中，若 $\rho>\rho^*$，则 $\bar C_1(c_1;\rho)<L$。

D. 扩展市场中，若 $\rho>\rho^*$ 且 $c_2/\mu_2<c_1/\mu_1$，则最优供应基必为独采供应商2。","0"
"9","你正在回答一道独立的供应链决策多选题。仅根据本题条件作答。

请根据题目给定的条件，分别简要分析 A、B、C、D 四个选项，再给出最终答案。

每个选项说明其成立或不成立的关键依据，必要时给出简短计算。
分析长度以解释清楚为准，避免重复题干或展开无关背景。
不要引入题目未给出的假设。

按以下结构输出：
A：……
B：……
C：……
D：……

最后输出唯一的答案 JSON：
{""answer"":[""A"",""C""]}

answer 是唯一字段，数组包含 1–3 个不重复的大写选项字母，
仅限 A、B、C、D，按字母顺序排列。
示例选项仅说明格式，不代表本题答案。
分析部分不要输出候选答案 JSON，最终答案后不要输出任何内容。

题目：
**Scenario and Given Conditions**：
三设施串联系统，$N=3$，$K_1=10$，$K_2,K_3\ge10$；$z=(10,10,10)$。初态$x^1=z$，所有$B^1=0$。需求为确定性路径$d_1=26$，$d_t=0$（$t\ge2$），没有其他随机扰动。

设施按下游至上游编号，设施1面对终端需求，设施$N$向无限外部供货源订货。$t=1,2,\ldots$；$x_i^t$是期初本地库存，$x_1^t$可为负，表示客户欠交，$x_i^t\ge0$（$i>1$）。$B_{i,i+1}^t\ge0$是设施$i+1$尚欠设施$i$的订单，$B_{N,N+1}^t=0$。$a_i^t$是设施$i$向上游的新订单，$q_{i,i+1}^t$是其当期实际收货量；$u\wedge v=\min(u,v)$。各设施执行给定固定库存目标$z_i$，本题目标是核对该规则的订单、实物流与欠交轨迹，不另求最优目标或利润。

所有订单发出后，按$i=1,\ldots,N$执行发货和收货；发货只能使用供货设施的期初库存，本期新收到的货物不能再次向下发。随后实现终端需求$d_t$，状态更新为
$$q_{i,i+1}^t=(a_i^t+B_{i,i+1}^t)\wedge x_{i+1}^t,\qquad B_{i,i+1}^{t+1}=B_{i,i+1}^t+a_i^t-q_{i,i+1}^t\quad(i<N),$$
$$q_{N,N+1}^t=a_N^t,\qquad x_1^{t+1}=x_1^t+q_{1,2}^t-d_t,$$
$$x_i^{t+1}=x_i^t+q_{i,i+1}^t-q_{i-1,i}^t\quad(2\le i\le N).$$

订货按$1\to N$进行。零售商在当期需求实现前订货，上游在订货时收到下游当期订单。订货规则为
$$a_1^t=[10-x_1^t-B_{1,2}^t]\wedge10,$$
$$a_i^t=10-x_i^t-B_{i,i+1}^t+B_{i-1,i}^t+a_{i-1}^t\quad(i=2,3).$$

**Question**：
这是多选题，请选择所有由题面给定条件确定成立的陈述。

A. 第3期零售商的新订单为$a_1^3=0$。

B. 第3期设施3的新订单为$a_3^3=10$。

C. 第5期期初零售商库存为$x_1^5=10$。

D. 第4期零售商实际收货量为$q_{1,2}^4=10$。","0"
"10","你正在回答一道独立的供应链决策多选题。仅根据本题条件作答。

请根据题目给定的条件，分别简要分析 A、B、C、D 四个选项，再给出最终答案。

每个选项说明其成立或不成立的关键依据，必要时给出简短计算。
分析长度以解释清楚为准，避免重复题干或展开无关背景。
不要引入题目未给出的假设。

按以下结构输出：
A：……
B：……
C：……
D：……

最后输出唯一的答案 JSON：
{""answer"":[""A"",""C""]}

answer 是唯一字段，数组包含 1–3 个不重复的大写选项字母，
仅限 A、B、C、D，按字母顺序排列。
示例选项仅说明格式，不代表本题答案。
分析部分不要输出候选答案 JSON，最终答案后不要输出任何内容。

题目：
**Scenario and Given Conditions**：
三设施串联系统，$N=3$，$K_1=10$，$K_2,K_3\ge10$；$z=(10,10,10)$。初态$x^1=z$，所有$B^1=0$。需求为确定性路径$d_1=18,d_2=5$，$d_t=0$（$t\ge3$），没有其他随机扰动。

设施按下游至上游编号，设施1面对终端需求，设施$N$向无限外部供货源订货。$t=1,2,\ldots$；$x_i^t$是期初本地库存，$x_1^t$可为负，表示客户欠交，$x_i^t\ge0$（$i>1$）。$B_{i,i+1}^t\ge0$是设施$i+1$尚欠设施$i$的订单，$B_{N,N+1}^t=0$。$a_i^t$是设施$i$向上游的新订单，$q_{i,i+1}^t$是其当期实际收货量；$u\wedge v=\min(u,v)$。各设施执行给定固定库存目标$z_i$，本题目标是核对该规则的订单、实物流与欠交轨迹，不另求最优目标或利润。

所有订单发出后，按$i=1,\ldots,N$执行发货和收货；发货只能使用供货设施的期初库存，本期新收到的货物不能再次向下发。随后实现终端需求$d_t$，状态更新为
$$q_{i,i+1}^t=(a_i^t+B_{i,i+1}^t)\wedge x_{i+1}^t,\qquad B_{i,i+1}^{t+1}=B_{i,i+1}^t+a_i^t-q_{i,i+1}^t\quad(i<N),$$
$$q_{N,N+1}^t=a_N^t,\qquad x_1^{t+1}=x_1^t+q_{1,2}^t-d_t,$$
$$x_i^{t+1}=x_i^t+q_{i,i+1}^t-q_{i-1,i}^t\quad(2\le i\le N).$$

订货按$N\to1$进行，上游订货时尚未收到下游当期订单。订货规则为
$$a_1^t=[10-x_1^t-B_{1,2}^t]\wedge10,$$
$$a_i^t=10-x_i^t+B_{i-1,i}^t-B_{i,i+1}^t\quad(i=2,3).$$

**Question**：
这是多选题，请选择所有由题面给定条件确定成立的陈述。

A. 第2期设施2的新订单为$a_2^2=0$。

B. 第4期设施2的新订单为$a_2^4=5$。

C. 设施3首次发出非零新订单是在第4期。

D. 第4期零售商实际收货量为$q_{1,2}^4=3$。","0"
"11","你正在回答一道独立的供应链决策多选题。仅根据本题条件作答。

请根据题目给定的条件，分别简要分析 A、B、C、D 四个选项，再给出最终答案。

每个选项说明其成立或不成立的关键依据，必要时给出简短计算。
分析长度以解释清楚为准，避免重复题干或展开无关背景。
不要引入题目未给出的假设。

按以下结构输出：
A：……
B：……
C：……
D：……

最后输出唯一的答案 JSON：
{""answer"":[""A"",""C""]}

answer 是唯一字段，数组包含 1–3 个不重复的大写选项字母，
仅限 A、B、C、D，按字母顺序排列。
示例选项仅说明格式，不代表本题答案。
分析部分不要输出候选答案 JSON，最终答案后不要输出任何内容。

题目：
**Scenario and Given Conditions**：
四设施串联系统，$N=4$，$K_1=10,K_2\ge10,K_3=7,K_4\ge7$；$z=(15,10,11,7)$。初态$x^1=z$，所有$B^1=0$。需求为确定性路径$d_1=30$，$d_t=0$（$t\ge2$），没有其他随机扰动。

设施按下游至上游编号，设施1面对终端需求，设施$N$向无限外部供货源订货。$t=1,2,\ldots$；$x_i^t$是期初本地库存，$x_1^t$可为负，表示客户欠交，$x_i^t\ge0$（$i>1$）。$B_{i,i+1}^t\ge0$是设施$i+1$尚欠设施$i$的订单，$B_{N,N+1}^t=0$。$a_i^t$是设施$i$向上游的新订单，$q_{i,i+1}^t$是其当期实际收货量；$u\wedge v=\min(u,v)$。各设施执行给定固定库存目标$z_i$，本题目标是核对该规则的订单、实物流与欠交轨迹，不另求最优目标或利润。

所有订单发出后，按$i=1,\ldots,N$执行发货和收货；发货只能使用供货设施的期初库存，本期新收到的货物不能再次向下发。随后实现终端需求$d_t$，状态更新为
$$q_{i,i+1}^t=(a_i^t+B_{i,i+1}^t)\wedge x_{i+1}^t,\qquad B_{i,i+1}^{t+1}=B_{i,i+1}^t+a_i^t-q_{i,i+1}^t\quad(i<N),$$
$$q_{N,N+1}^t=a_N^t,\qquad x_1^{t+1}=x_1^t+q_{1,2}^t-d_t,$$
$$x_i^{t+1}=x_i^t+q_{i,i+1}^t-q_{i-1,i}^t\quad(2\le i\le N).$$

订货按$1\to4$进行。零售商在当期需求实现前订货，上游在订货时收到下游当期订单。订货规则为
$$a_1^t=[15-x_1^t-B_{1,2}^t]\wedge10,$$
$$a_2^t=10-x_2^t-B_{2,3}^t+B_{1,2}^t+a_1^t,$$
$$a_3^t=[11-x_3^t-B_{3,4}^t+B_{2,3}^t+a_2^t]\wedge7,$$
$$a_4^t=7-x_4^t+B_{3,4}^t+a_3^t.$$

**Question**：
这是多选题，请选择所有由题面给定条件确定成立的陈述。

A. 第3期设施2实际收货量为$q_{2,3}^3=8$。

B. 第6期期初设施3对设施2的欠交为$B_{2,3}^6=0$。

C. 第5期期初设施2对零售商的欠交为$B_{1,2}^5=2$。

D. 第6期期初设施3库存为$x_3^6=11$。","0"
"12","你正在回答一道独立的供应链决策多选题。仅根据本题条件作答。

请根据题目给定的条件，分别简要分析 A、B、C、D 四个选项，再给出最终答案。

每个选项说明其成立或不成立的关键依据，必要时给出简短计算。
分析长度以解释清楚为准，避免重复题干或展开无关背景。
不要引入题目未给出的假设。

按以下结构输出：
A：……
B：……
C：……
D：……

最后输出唯一的答案 JSON：
{""answer"":[""A"",""C""]}

answer 是唯一字段，数组包含 1–3 个不重复的大写选项字母，
仅限 A、B、C、D，按字母顺序排列。
示例选项仅说明格式，不代表本题答案。
分析部分不要输出候选答案 JSON，最终答案后不要输出任何内容。

题目：
**Scenario and Given Conditions：**
企业控制单品串联生产与库存。单位需求为速率 $\lambda>0$ 的泊松过程，缺货完全延期并按需求到达顺序满足。两站都是 FCFS、work-conserving 单服务器；加工阶段及需求时钟相互独立。上游有 $r\ge1$ 个 Exp($\mu_1$) 阶段，下游有 $k\ge1$ 个 Exp($\mu_2$) 阶段，$r,k$ 为整数，$\mu_i>0$。常规件通过两站，应急件直接加入下游队列；常规单位订货成本为0，应急单位成本 $c_2>0$ 在下单时支付。仓库持有成本率 $h\ge0$、延期成本率 $b>0$、两站在制持有成本率 $h_1\ge0,h_2\ge h$。目标是最小化无限期预期贴现订货支出及持有、延期成本率积分，贴现率 $\alpha>0$。

控制模型中，上游始终加工一件免费件，剩余阶段比例 $Z\in\{1/r,\ldots,1\}$。完工后立即加工新件，完工件可转移到下游（$\tau=1$）或废弃（$\tau=0$）；$\tau$ 仅在上游最后阶段完成时执行。应急量 $q\in\mathbb Z_+$ 即时进入下游。净库存 $\mathrm{IN}\in\mathbb Z$，下游订单数 $N_2\in\mathbb Z_+$ 包括加工与等待件，已完成阶段比例 $W_2\in\{0,1/k,\ldots,1-1/k\}$，下游空闲时 $W_2=0$。令 $X=\mathrm{IN}+W_2,Y=N_2-W_2$，可行状态满足 $kX\in\mathbb Z,kY\in\mathbb Z_+,X+Y\in\mathbb Z$。需求使 $X$ 减1；下游忙时每完成一阶段使 $(X,Y)$ 变为 $(X+1/k,Y-1/k)$；上游非最后阶段使 $Z$ 减 $1/r$，最后阶段使 $(Y,Z)$ 变为 $(Y+\tau,1)$。成本率为 $h\mathrm{IN}^++b\mathrm{IN}^-+h_2N_2+h_1$。

令 $g(x,y,z)$ 为该控制模型的最优贴现成本，$\Delta_2g(x,y,z)=g(x,y+1,z)-g(x,y,z)$，
$$S(y)=\max\{x:\Delta_2g(x,y,1)\le0,\ (x,y,1)\text{可行}\}.$$
以下只比较 $S$ 有限的可行格点，所有状态比较均固定同一套参数。

**Question：**
评估下游拥堵对订货及上游完工控制的影响。这是多选题，请选择所有由题面给定条件确定成立的陈述。

A. 下游忙时，可以选择当前不下应急单的最优策略。

B. 对相邻下游工作量格点，临界库存位置满足 $S(y+1/k)+(y+1/k)\le S(y)+y$。

C. 每增加一个下游剩余阶段，阈值降幅满足 $S(y)-S(y+1/k)<1/k$。

D. 在 $k=1$ 时，相邻两个有限阈值满足 $S(y+1)=S(y)$。

---","0"
"13","你正在回答一道独立的供应链决策多选题。仅根据本题条件作答。

请根据题目给定的条件，分别简要分析 A、B、C、D 四个选项，再给出最终答案。

每个选项说明其成立或不成立的关键依据，必要时给出简短计算。
分析长度以解释清楚为准，避免重复题干或展开无关背景。
不要引入题目未给出的假设。

按以下结构输出：
A：……
B：……
C：……
D：……

最后输出唯一的答案 JSON：
{""answer"":[""A"",""C""]}

answer 是唯一字段，数组包含 1–3 个不重复的大写选项字母，
仅限 A、B、C、D，按字母顺序排列。
示例选项仅说明格式，不代表本题答案。
分析部分不要输出候选答案 JSON，最终答案后不要输出任何内容。

题目：
**Scenario and Given Conditions：**
企业控制单品串联生产与库存。单位需求为速率 $\lambda>0$ 的泊松过程，缺货完全延期并按需求到达顺序满足。两站都是 FCFS、work-conserving 单服务器；加工阶段及需求时钟相互独立。上游有 $r\ge1$ 个 Exp($\mu_1$) 阶段，下游有 $k\ge1$ 个 Exp($\mu_2$) 阶段，$r,k$ 为整数，$\mu_i>0$。常规件通过两站，应急件直接加入下游队列；常规单位订货成本为0，应急单位成本 $c_2>0$ 在下单时支付。仓库持有成本率 $h\ge0$、延期成本率 $b>0$、两站在制持有成本率 $h_1\ge0,h_2\ge h$。目标是最小化无限期预期贴现订货支出及持有、延期成本率积分，贴现率 $\alpha>0$。

控制模型中，上游始终加工一件免费件，剩余阶段比例 $Z\in\{1/r,\ldots,1\}$。完工后立即加工新件，完工件可转移到下游（$\tau=1$）或废弃（$\tau=0$）；$\tau$ 仅在上游最后阶段完成时执行。应急量 $q\in\mathbb Z_+$ 即时进入下游。净库存 $\mathrm{IN}\in\mathbb Z$，下游订单数 $N_2\in\mathbb Z_+$ 包括加工与等待件，已完成阶段比例 $W_2\in\{0,1/k,\ldots,1-1/k\}$，下游空闲时 $W_2=0$。令 $X=\mathrm{IN}+W_2,Y=N_2-W_2$，可行状态满足 $kX\in\mathbb Z,kY\in\mathbb Z_+,X+Y\in\mathbb Z$。需求使 $X$ 减1；下游忙时每完成一阶段使 $(X,Y)$ 变为 $(X+1/k,Y-1/k)$；上游非最后阶段使 $Z$ 减 $1/r$，最后阶段使 $(Y,Z)$ 变为 $(Y+\tau,1)$。成本率为 $h\mathrm{IN}^++b\mathrm{IN}^-+h_2N_2+h_1$。

令 $g(x,y,z)$ 为该控制模型的最优贴现成本，$\Delta_2g(x,y,z)=g(x,y+1,z)-g(x,y,z)$，
$$S(y)=\max\{x:\Delta_2g(x,y,1)\le0,\ (x,y,1)\text{可行}\}.$$
以下只比较 $S$ 有限的可行格点，所有状态比较均固定同一套参数。

将时间及成本单位统一缩放，使 $\alpha+\lambda+\mu_1+\mu_2=1$；以下符号均指缩放后的量。令
$$
abla g(x,y,z)=g(x+1/k,y+1-1/k,z)-g(x,y,z).$$
$R_i$ 为使 $D_i(x)\le0$ 的最大整数 $x$，其中
$$\begin{aligned}
D_1(x)&=c_2+h_2+\lambda\Delta_2g(x-1,0,1/r)+\mu_1\Delta_2g(x,1,1)+\mu_2
abla g(x,0,1/r),\\
D_2(x)&=c_2+h_2+\lambda\Delta_2g(x-1,0,1/r)+\mu_2
abla g(x,0,1/r),\\
D_3(x)&=c_2+h_2+\lambda\Delta_2g(x-1,0,1/r)+\mu_1\Delta_2g(x,0,1)+\mu_2
abla g(x,0,1/r).
\end{aligned}$$
这里 $R_i,S(0),S(1)$ 都有限。只讨论 $Y=0,Z=1/r$、$X\in\mathbb Z$ 的状态，动作按 $(q,\tau)$ 排列。下列陈述涉及的状态排除两个不同动作 Bellman 成本相等的情形；比较时所列开区间至少含一个整数。$\tau$ 指当前 Bellman 决策指定的上游最后阶段完成时的处置，并非立即产生一件完工品。

**Question：**
以下对联合最优动作的判断，哪些成立？这是多选题，请选择所有由题面给定条件确定成立的陈述。

A. 在 $R_2<S(1)$ 的参数区间，没有应急订货且拒绝上游完工转移的最优动作 $(1,0)$。

B. 在 $R_2>S(0)$ 的参数区间，没有不应急订货且接受上游完工转移的最优动作 $(0,1)$。

C. 若 $S(1)<R_2<S(0)$，在 $S(1)<X<R_2$ 内最优动作为 $(0,1)$。

D. 若 $S(1)<R_2<S(0)$，在 $R_2<X<S(0)$ 内最优动作为 $(1,0)$。

---","0"
"14","你正在回答一道独立的供应链决策多选题。仅根据本题条件作答。

请根据题目给定的条件，分别简要分析 A、B、C、D 四个选项，再给出最终答案。

每个选项说明其成立或不成立的关键依据，必要时给出简短计算。
分析长度以解释清楚为准，避免重复题干或展开无关背景。
不要引入题目未给出的假设。

按以下结构输出：
A：……
B：……
C：……
D：……

最后输出唯一的答案 JSON：
{""answer"":[""A"",""C""]}

answer 是唯一字段，数组包含 1–3 个不重复的大写选项字母，
仅限 A、B、C、D，按字母顺序排列。
示例选项仅说明格式，不代表本题答案。
分析部分不要输出候选答案 JSON，最终答案后不要输出任何内容。

题目：
**Scenario and Given Conditions：**
企业控制单品两站串联生产库存。单位需求为速率 $\lambda>0$ 的泊松过程，未满足需求全部延期、按到达顺序满足。两站均 FCFS、work-conserving 单服务器，所有加工阶段与需求时钟独立。上游为 Exp($\mu_1$)，下游为 $k\ge1$ 个独立 Exp($\mu_2$) 阶段，$k$ 为整数、$\mu_i>0$。常规件经两站，应急件直接进入下游；原物理系统不能废弃在制件。常规单位成本0，应急单位成本 $c_2>0$ 下单时支付；仓库持有成本率 $h\ge0$、延期成本率 $b>0$、上游在制持有成本率 $h_1=0$、下游在制持有成本率 $h_2\ge h$。目标为最小化无限期预期贴现订货费及成本率积分，$\alpha>0$。

净库存 $\mathrm{IN}\in\mathbb Z$、在制订单数 $N_i\in\mathbb Z_+$，下游已完成比例 $W_2\in\{0,1/k,\ldots,1-1/k\}$（空闲时0）。令 $X=\mathrm{IN}+W_2,Y=N_2-W_2,Z=N_1$。可行域满足 $kX\in\mathbb Z,kY\in\mathbb Z_+,Z\in\mathbb Z_+,X+Y\in\mathbb Z$。常规、应急订货量 $(q_1,q_2)\in\mathbb Z_+^2$ 即时加入对应队列。需求使 $X$ 减1；上游完工使 $(Y,Z)$ 变为 $(Y+1,Z-1)$；下游每完成一阶段使 $(X,Y)$ 变为 $(X+1/k,Y-1/k)$。空站没有服务完成事件。成本率 $h\mathrm{IN}^++b\mathrm{IN}^-+h_2N_2$。

为定义控制阈值，取同参数辅助系统：上游持续加工免费件，每次完工可转移或废弃并立即加工新件，其他动态与成本相同。其最优贴现成本为 $g(x,y)$。统一缩放 $\alpha+\lambda+\mu_1+\mu_2=1$，令 $\Delta_2g(x,y)=g(x,y+1)-g(x,y)$、$
abla g(x,y)=g(x+1/k,y+1-1/k)-g(x,y)$；$S(y)$ 是使 $\Delta_2g(x,y)\le0$ 的最大可行 $x$。$R_1,R_2$ 是分别使下式非正的最大整数 $x$：
$$D_1(x)=c_2+h_2+\lambda\Delta_2g(x-1,0)+\mu_1\Delta_2g(x,1)+\mu_2
abla g(x,0),$$
$$D_2(x)=c_2+h_2+\lambda\Delta_2g(x-1,0)+\mu_2
abla g(x,0).$$
参数满足 $R_2\le S(1)$。令 $A=\min\{R_1,S(1)\},B=S(0)$，所讨论阈值有限、$A<B$。动作陈述问能否构造一项全局最优策略采用相应规则，包含端点不排除其他平局最优动作。

**Question：**
评估原物理系统的补货以及一个阶段完成后的控制。这是多选题，请选择所有由题面给定条件确定成立的陈述。

A. 双闲状态下，$X\le A$ 时可以采用双源各订一件的最优动作。

B. 若 $Z=0,Y=y>1/k,X\le S(y)$，下游再完成一阶段且无其他事件、企业尚未下单，则新状态可以采用订一件常规件、不订应急件的最优动作。

C. 在保持该件开工及各件产出时序相同的可行比较中，双忙时立即下达一件应急单，比将这件应急单推迟到其开始加工时支付，能得到更低的预期贴现总成本。

D. 双闲状态下，$A<X\le B$ 时可以采用仅订一件常规件的最优动作。

---","0"
"15","你正在回答一道独立的供应链决策多选题。仅根据本题条件作答。

请根据题目给定的条件，分别简要分析 A、B、C、D 四个选项，再给出最终答案。

每个选项说明其成立或不成立的关键依据，必要时给出简短计算。
分析长度以解释清楚为准，避免重复题干或展开无关背景。
不要引入题目未给出的假设。

按以下结构输出：
A：……
B：……
C：……
D：……

最后输出唯一的答案 JSON：
{""answer"":[""A"",""C""]}

answer 是唯一字段，数组包含 1–3 个不重复的大写选项字母，
仅限 A、B、C、D，按字母顺序排列。
示例选项仅说明格式，不代表本题答案。
分析部分不要输出候选答案 JSON，最终答案后不要输出任何内容。

题目：
**Scenario and Given Conditions：**
企业用两台 FCFS、work-conserving 单服务器串联加工单品，常规件经两站，应急件直接加入下游。单位需求为速率 $\lambda>0$ 的泊松过程；缺货全延期、按需求顺序满足。两站分别有 $r,k\ge1$ 个独立指数加工阶段，阶段率 $\mu_1,\mu_2>0$，加工与需求时钟相互独立。常规单位订货成本0、应急单位成本 $c_2>0$ 在订货时支付；仓库持有成本率 $h\ge0$、延期成本率 $b>0$、在制持有成本率 $h_1\ge0,h_2\ge h$。控制目标是无限期预期贴现订货费及持有、延期成本，$\alpha>0$；这里比较指定的启发式规则，不要求其为物理系统的全局最优策略。

物理净库存 $\mathrm{IN}\in\mathbb Z$、两站订单数 $N_i\in\mathbb Z_+$（含等待件）、加工件已完成阶段比例分别在 $r,k$ 网格上且小于1，空闲时为0。$X=\mathrm{IN}+W_2,Y=N_2-W_2,Z=N_1-W_1$，可行域为 $kX\in\mathbb Z,kY\in\mathbb Z_+,rZ\in\mathbb Z_+,X+Y\in\mathbb Z$。所有订货量是非负整数，进入对应队列；需求使净库存减1，上游完工转移一件至下游，下游完工使净库存加1。

阈值来自同参数辅助系统：上游持续加工免费件、完工可转移或废弃并立即加工新件；下游及应急动作不变，持有与延期成本率仍按实际件数计算。令其最优贴现成本为 $g(x,y,z)$，
$$S(y)=\max\{x:g(x,y+1,1)-g(x,y,1)\le0,\ (x,y,1)\text{可行}\}.$$
所比较的阈值均有限。只讨论上游闲、下游忙的运行区间：全追踪 FT 在 $X\le S(Y)$ 时订一件常规件，否则不订；缺少下游阶段信息的 S1T 在 $\mathrm{IN}\le S(N_2)$ 时订一件常规件，否则不订。两者在本区间均不下应急单。定义库存位置 $\mathrm{IP}_2=\mathrm{IN}+N_2$。阶段推进比较中，假设企业尚未下单、需求未到达，仅下游完成一个非最后阶段，因此 $\mathrm{IN},N_2$ 不变，$W_2$ 增加 $1/k$。

**Question：**
比较两项规则对同一可行物理状态的决策及阶段推进后的行为。这是多选题，请选择所有由题面给定条件确定成立的陈述。

A. FT 的常规订货条件等价于 $\mathrm{IP}_2\le S(Y)+Y$。

B. 若 S1T 在某状态触发常规订货，则 FT 在同一物理状态也触发常规订货。

C. 若 FT 在一个非最后阶段完成前触发常规订货，在上述单阶段推进后的状态仍触发常规订货。

D. 完整观测 $W_2$ 后，下游当前加工件的剩余加工时间条件方差等于0。","0"
"16","你正在回答一道独立的供应链决策多选题。仅根据本题条件作答。

请根据题目给定的条件，分别简要分析 A、B、C、D 四个选项，再给出最终答案。

每个选项说明其成立或不成立的关键依据，必要时给出简短计算。
分析长度以解释清楚为准，避免重复题干或展开无关背景。
不要引入题目未给出的假设。

按以下结构输出：
A：……
B：……
C：……
D：……

最后输出唯一的答案 JSON：
{""answer"":[""A"",""C""]}

answer 是唯一字段，数组包含 1–3 个不重复的大写选项字母，
仅限 A、B、C、D，按字母顺序排列。
示例选项仅说明格式，不代表本题答案。
分析部分不要输出候选答案 JSON，最终答案后不要输出任何内容。

题目：
Scenario and Given Conditions:
某垄断制造企业事前同时选择售价 $p\in[c/\mu,a/b]$ 和计划投产量 $q\ge0$，支付成本 $cq$。确定性需求为 $d(p)=a-bp$。随后产出率 $u\in[0,1]$ 实现，自产库存为 $uq$；需求短缺必须以单位成本 $g$、无限容量的紧急供应补齐。剩余品无残值，无额外缺货罚款。参数满足 $a,b,c>0$、$0<\mu<1$、$a\mu>bc$、$c/\mu<g<a/b$、$0<\sigma^2<\mu(1-\mu)$。企业仅知产出率的均值和方差，采用模糊集
$$\mathcal D=\{F:\operatorname{supp}F\subseteq[0,1],\ E_Fu=\mu,\ E_Fu^2=S\},\qquad S=\mu^2+\sigma^2,$$
最大化鲁棒期望利润
$$\Pi_E^*=\max_{p,q}\min_{F\in\mathcal D}E_F[pd(p)-cq-g(d(p)-uq)^+],\quad z^+=\max\{z,0\}.$$
记 $p_E^*,q_E^*$ 为联合最优决策，$q_E^*(p)$ 为固定正需求售价时的最优投产量；并定义
$$\delta(\sigma)=\frac{(1-\mu)^2+\sigma^2}{(1-\mu)(\mu-\mu^2-\sigma^2)}.$$
以下比较固定未被指明改变的参数，且保持可行域；涉及 $g$ 的局部比较避开 $g=c\delta$，涉及最优投产量时排除该切换点的并列解。

Question:
企业评估调价、方差变化和采购成本变化对投产政策的影响。请选择所有正确选项。本题为多选题，四个选项中有 1–3 个正确选项。

A. 固定正需求售价满足 $p>c\delta(\sigma)$，就足以使 $q_E^*(p)>d(p)$。

B. 两组仅方差不同的场景，若分别满足 $g<c\delta(\sigma_1)$ 与 $g<c\delta(\sigma_2)$，则两组最优零售价相同。

C. 两组仅方差不同且均可行的场景，若 $\sigma_1^2<\sigma_2^2$，则 $\Pi_E^*(\sigma_2)<\Pi_E^*(\sigma_1)$。

D. 在 $g>c\delta(\sigma)$ 的开区间内，比值 $q_E^*/d(p_E^*)$ 随 $g$ 严格增加。","0"
"17","你正在回答一道独立的供应链决策多选题。仅根据本题条件作答。

请根据题目给定的条件，分别简要分析 A、B、C、D 四个选项，再给出最终答案。

每个选项说明其成立或不成立的关键依据，必要时给出简短计算。
分析长度以解释清楚为准，避免重复题干或展开无关背景。
不要引入题目未给出的假设。

按以下结构输出：
A：……
B：……
C：……
D：……

最后输出唯一的答案 JSON：
{""answer"":[""A"",""C""]}

answer 是唯一字段，数组包含 1–3 个不重复的大写选项字母，
仅限 A、B、C、D，按字母顺序排列。
示例选项仅说明格式，不代表本题答案。
分析部分不要输出候选答案 JSON，最终答案后不要输出任何内容。

题目：
Scenario and Given Conditions:
某垄断制造企业事前选择 $q\ge0$ 并支付计划生产成本 $cq$，随后完全观测产出率 $u$ 和库存 $x=uq$，再免费选择售价 $p\in[0,a/b]$。需求为确定性线性需求 $d(p)=a-bp$；销量为 $\min\{d(p),x\}$，未满足需求损失，剩余库存无残值，无应急渠道和额外缺货罚款。参数满足 $a,b,c>0$、$0<\mu<1$、$a\mu>bc$、$0\le\sigma^2\le\mu(1-\mu)$。企业采用
$$\mathcal D=\{F:\operatorname{supp}F\subseteq[0,1],\ E_Fu=\mu,\ E_Fu^2=S\},\quad S=\mu^2+\sigma^2.$$
第二阶段最优收入、第一阶段目标分别为
$$r_R(x)=\max_{p\in[0,a/b]}p\min\{a-bp,x\},\qquad
\Pi_R^*=\max_{q\ge0}\left\{\min_{F\in\mathcal D}E_Fr_R(uq)-cq\right\}.$$
记第一阶段最优量为 $q_R^*$、对应响应价格为 $p_R(x)$。零库存时约定 $p_R(0)=a/b$。为计算期望价格，指定参考分布 $F_0$：$P(u=0)=\sigma^2/S$、$P(u=S/\mu)=\mu^2/S$；这不是对真实分布的假设。所有参数比较固定其余参数并保持活跃条件 $a\mu>bc$，期望价格均在重新优化 $q_R^*$ 后按同一 $F_0$ 评估。

Question:
请选择所有正确选项。本题为多选题，四个选项中有 1–3 个正确选项。

A. 对两个库存实现 $0<x_1<x_2\le a/2$，最优响应价格满足 $p_R(x_1)>p_R(x_2)$。

B. 给定 $a/2<q<a\mu/(2S)$ 时，每个 $F\in\mathcal D$ 都满足 $E_Fr_R(uq)=(aq\mu-q^2S)/b$。

C. 均值、需求与成本固定，方差从一个可行值严格增加至另一个可行值时，最优投产量 $q_R^*$ 严格下降。

D. 生产成本 $c$ 严格上升时，$E_{F_0}[p_R(uq_R^*)]$ 严格下降。","0"
"18","你正在回答一道独立的供应链决策多选题。仅根据本题条件作答。

请根据题目给定的条件，分别简要分析 A、B、C、D 四个选项，再给出最终答案。

每个选项说明其成立或不成立的关键依据，必要时给出简短计算。
分析长度以解释清楚为准，避免重复题干或展开无关背景。
不要引入题目未给出的假设。

按以下结构输出：
A：……
B：……
C：……
D：……

最后输出唯一的答案 JSON：
{""answer"":[""A"",""C""]}

answer 是唯一字段，数组包含 1–3 个不重复的大写选项字母，
仅限 A、B、C、D，按字母顺序排列。
示例选项仅说明格式，不代表本题答案。
分析部分不要输出候选答案 JSON，最终答案后不要输出任何内容。

题目：
Scenario and Given Conditions:
某垄断制造企业比较四种运营策略。计划量 $q\ge0$，成本为 $cq$，实际库存为 $uq$；确定性需求 $d(p)=a-bp$，剩余品无残值，无额外缺货罚款。参数满足 $a,b,c>0$、$0<\mu<1$、$a\mu>bc$、$0<\sigma^2<\mu(1-\mu)$、$c/\mu<g<a/b$。真实产出分布未知，鲁棒决策使用
$$\mathcal D=\{F:\operatorname{supp}F\subseteq[0,1],\ E_Fu=\mu,\ E_Fu^2=\mu^2+\sigma^2\}.$$
B、E 在产出实现前同时选择 $p\in[c/\mu,a/b]$ 和 $q$；R、C 先投产、完全观测 $u$ 后免费选择 $p\in[0,a/b]$。B、R 损失未满足销量；E、C 必须以单位成本 $g$、无限容量的应急采购补齐短缺。四个鲁棒最优净利润为
$$\Pi_B^*=\max_{p,q}\min_{F\in\mathcal D}E_F[p\min\{d(p),uq\}-cq],$$
$$\Pi_E^*=\max_{p,q}\min_{F\in\mathcal D}E_F[pd(p)-cq-g(d(p)-uq)^+],$$
$$\Pi_R^*=\max_q\left\{\min_{F\in\mathcal D}E_F\max_{p\in[0,a/b]}p\min\{d(p),uq\}-cq\right\},$$
$$\Pi_C^*=\max_q\left\{\min_{F\in\mathcal D}E_F\max_{p\in[0,a/b]}[pd(p)-g(d(p)-uq)^+]-cq\right\}.$$
记 $p_R(x),p_C(x)$ 为同一库存 $x$ 下各自的事后最优价，约定 $p_R(0)=a/b$。令 $h=(a-bg)/2$，$V_E=\Pi_E^*-\Pi_B^*$，$V_{E|R}=\Pi_C^*-\Pi_R^*$，$D=\Pi_C^*+\Pi_B^*-\Pi_E^*-\Pi_R^*$。$D<0,=0,>0$ 分别定义为战略替代、独立、互补；C 的一个最优投产量记为 $q_C^*$。

Question:
请选择所有正确选项。本题为多选题，四个选项中有 1–3 个正确选项。

A. 对库存实现 $0\le x<h$，有 $p_C(x)<p_R(x)$。

B. 若 $\Pi_C^*=\Pi_R^*$，则在每个 $F\in\mathcal D$ 下，C 最优投产后的正额应急采购事件概率均为零。

C. 若 $V_{E|R}=0$，则战略交互差额满足 $D\le0$。

D. 对库存实现 $h\le x\le a/2$，C 的最优价格满足 $d(p_C(x))=x$。","0"
"19","你正在回答一道独立的供应链决策多选题。仅根据本题条件作答。

请根据题目给定的条件，分别简要分析 A、B、C、D 四个选项，再给出最终答案。

每个选项说明其成立或不成立的关键依据，必要时给出简短计算。
分析长度以解释清楚为准，避免重复题干或展开无关背景。
不要引入题目未给出的假设。

按以下结构输出：
A：……
B：……
C：……
D：……

最后输出唯一的答案 JSON：
{""answer"":[""A"",""C""]}

answer 是唯一字段，数组包含 1–3 个不重复的大写选项字母，
仅限 A、B、C、D，按字母顺序排列。
示例选项仅说明格式，不代表本题答案。
分析部分不要输出候选答案 JSON，最终答案后不要输出任何内容。

题目：
Scenario and Given Conditions:
某垄断制造企业比较产出信息对策略价值的影响。确定性需求为 $d(p)=a-bp$，计划量 $q\ge0$、成本 $cq$，实际库存 $uq$。参数满足 $a,b,c>0$、$0<\mu<1$、$a\mu>bc$、$c/\mu\le g<a/b$，产出率支撑为 $[0,1]$。剩余品无残值，无额外缺货罚款，紧急采购单位成本为 $g$ 且容量无限。
B、E 事前同时定价投产，价格域为 $[c/\mu,a/b]$；R、C 先投产、完全观测产出后免费定价，价格域为 $[0,a/b]$。B、R 损失短缺销量，E、C 必须应急补齐全部需求。对任一信息集 $\mathcal A$，各自最大化鲁棒期望净利润为
$$\Pi_B^*(\mathcal A)=\max_{p,q}\min_{F\in\mathcal A}E_F[p\min\{a-bp,uq\}-cq],$$
$$\Pi_E^*(\mathcal A)=\max_{p,q}\min_{F\in\mathcal A}E_F[p(a-bp)-cq-g(a-bp-uq)^+],$$
$$\Pi_R^*(\mathcal A)=\max_q\left\{\min_{F\in\mathcal A}E_F\max_{p\in[0,a/b]}p\min\{a-bp,uq\}-cq\right\},$$
$$\Pi_C^*(\mathcal A)=\max_q\left\{\min_{F\in\mathcal A}E_F\max_{p\in[0,a/b]}[p(a-bp)-g(a-bp-uq)^+]-cq\right\}.$$
均值信息集为 $\mathcal M=\{F:\operatorname{supp}F\subseteq[0,1],E_Fu=\mu\}$；矩信息集为 $\mathcal D(\sigma^2)=\{F\in\mathcal M:E_Fu^2=\mu^2+\sigma^2\}$，其中 $0\le\sigma^2\le\mu(1-\mu)$。以下无信息集下标的利润与价值均在 $\mathcal M$ 下评估：
$$V_R=\Pi_R^*-\Pi_B^*,\qquad V_{R|E}=\Pi_C^*-\Pi_E^*,\qquad
D=\Pi_C^*+\Pi_B^*-\Pi_E^*-\Pi_R^*.$$
$D<0,=0,>0$ 分别定义为战略替代、独立、互补。方差信息对 R 的利润增益定义为
$$G_R(\sigma)=\Pi_R^*(\mathcal D(\sigma^2))-\Pi_R^*(\mathcal M).$$

Question:
请选择所有正确选项。本题为多选题，四个选项中有 1–3 个正确选项。

A. 均值信息下的战略交互差额 $D$ 在给定采购成本域内恒等于零。

B. 均值信息下，单独响应定价的价值满足 $V_R=0$。

C. 固定均值、需求和生产成本时，均值信息下的 $V_{R|E}$ 随 $g$ 单调不减。

D. 固定均值、需求和生产成本时，$G_R$ 在 $\sigma^2=\mu(1-\mu)$ 处取得严格最大值。","0"
"20","你正在回答一道独立的供应链决策多选题。仅根据本题条件作答。

请根据题目给定的条件，分别简要分析 A、B、C、D 四个选项，再给出最终答案。

每个选项说明其成立或不成立的关键依据，必要时给出简短计算。
分析长度以解释清楚为准，避免重复题干或展开无关背景。
不要引入题目未给出的假设。

按以下结构输出：
A：……
B：……
C：……
D：……

最后输出唯一的答案 JSON：
{""answer"":[""A"",""C""]}

answer 是唯一字段，数组包含 1–3 个不重复的大写选项字母，
仅限 A、B、C、D，按字母顺序排列。
示例选项仅说明格式，不代表本题答案。
分析部分不要输出候选答案 JSON，最终答案后不要输出任何内容。

题目：
**Scenario and Given Conditions**：集中规划者在有限期 $t=1,\ldots,T$ 决定制造入库量 $x_t^1$、仓库向零售端的运输量 $x_t^2$ 及两级期末库存 $s_t^1,s_t^2$。需求 $d_t\ge0$ 与全部成本在期初确定已知，无随机变量；不允许欠交，同期入库可用于同期出库和需求。容量 $C_p,C_r>0$ 全期固定，库存无上界，且
$$s_{t-1}^1+x_t^1=s_t^1+x_t^2,\qquad s_{t-1}^2+x_t^2=d_t+s_t^2,$$
$$0\le x_t^1\le C_py_t^1,\quad0\le x_t^2\le C_ry_t^2,\quad s_t^e\ge0,\quad y_t^e\in\{0,1\},\quad s_0^e=s_T^e=0.$$
目标为 $\min\sum_{t,e}[h_t^e(s_t^e)+q_t^ey_t^e+p_t^e(x_t^e)]$。$q_t^e\ge0$；$p_t^e,h_t^e$ 是已给定的连续、非负、非递减凹函数，零点值为0。零流量取 $y=0$；接受任意同值最优方案。只讨论可行实例。连续流量多面体 $P$ 指物料守恒、库存及 $0\le x_t^1\le C_p,0\le x_t^2\le C_r$ 所定义的集合，不包含二值激活变量。

子计划 $\phi=[a_1,a_2,b_1,b_2]$ 满足 $1\le a_1\le a_2\le b_1\le b_2\le T$，$s_{a_1-1}^1=s_{b_1}^1=s_{a_2-1}^2=s_{b_2}^2=0$；$s_t^1>0$ 对 $a_1\le t<a_2$，$s_t^2>0$ 对 $b_1\le t<b_2$，且 $(s_t^1,s_t^2)
e(0,0)$ 对 $a_2\le t<b_1$。块 $[k,l]$ 满足 $a_2\le k\le l\le b_1$，其内部 $k\le t<l$ 的两级库存均为正。部分生产期指 $0<x_t^1<C_p$，部分运输期指 $0<x_t^2<C_r$。

块端点的四类定义如下，四元组按 $(s_{k-1}^1,s_l^1,s_{k-1}^2,s_l^2)$ 排列：$A_{11}=(>0,\ge0,=0,=0)$，$A_{12}=(\ge0,=0,=0,>0)$，$A_{21}=(=0,>0,\ge0,=0)$，$A_{22}=(=0,=0,>0,\ge0)$。相邻块的下一起点为上一终点加1，前一块末端与后一块起端的库存所属级一致。

**Question**：以下关于最优批次安排与流量多面体极值点的判断，哪些成立？
这是多选题，请选择所有由题面给定条件确定成立的陈述。

A. 对每个可行的凹成本实例，其全部最优方案都在每个子计划中至多有一个部分生产期。

B. 在某些凹成本实例中，可以存在一个流量为 $P$ 极值点的最优方案，其单个子计划包含多个部分运输期。

C. 若某可行方案的块 $[k,l]$ 中有两个不同运输期 $t_1<t_2$ 满足 $0<x_{t_i}^2<C_r$，则该方案的流量不是 $P$ 的极值点。

D. 若仅把 $p_t^e$ 改为连续、非负、非递减的严格凸函数，仍对每个可行实例保证存在一个在各子计划中至多有一个部分生产期的最优方案。","0"
"21","你正在回答一道独立的供应链决策多选题。仅根据本题条件作答。

请根据题目给定的条件，分别简要分析 A、B、C、D 四个选项，再给出最终答案。

每个选项说明其成立或不成立的关键依据，必要时给出简短计算。
分析长度以解释清楚为准，避免重复题干或展开无关背景。
不要引入题目未给出的假设。

按以下结构输出：
A：……
B：……
C：……
D：……

最后输出唯一的答案 JSON：
{""answer"":[""A"",""C""]}

answer 是唯一字段，数组包含 1–3 个不重复的大写选项字母，
仅限 A、B、C、D，按字母顺序排列。
示例选项仅说明格式，不代表本题答案。
分析部分不要输出候选答案 JSON，最终答案后不要输出任何内容。

题目：
**Scenario and Given Conditions**：集中规划者在有限期 $t=1,\ldots,T$ 决定制造入库量 $x_t^1$、仓库向零售端的运输量 $x_t^2$ 及两级期末库存 $s_t^1,s_t^2$。需求 $d_t\ge0$ 与全部成本在期初确定已知，无随机变量；不允许欠交，同期入库可用于同期出库和需求。容量 $C_p,C_r>0$ 全期固定，库存无上界，且
$$s_{t-1}^1+x_t^1=s_t^1+x_t^2,\qquad s_{t-1}^2+x_t^2=d_t+s_t^2,$$
$$0\le x_t^1\le C_py_t^1,\quad0\le x_t^2\le C_ry_t^2,\quad s_t^e\ge0,\quad y_t^e\in\{0,1\},\quad s_0^e=s_T^e=0.$$
目标为 $\min\sum_{t,e}[h_t^e(s_t^e)+q_t^ey_t^e+p_t^e(x_t^e)]$。$q_t^e\ge0$；$p_t^e,h_t^e$ 是已给定的连续、非负、非递减凹函数，零点值为0。零流量取 $y=0$；接受任意同值最优方案。只讨论可行实例。连续流量多面体 $P$ 指物料守恒、库存及 $0\le x_t^1\le C_p,0\le x_t^2\le C_r$ 所定义的集合，不包含二值激活变量。

子计划 $\phi=[a_1,a_2,b_1,b_2]$ 满足 $1\le a_1\le a_2\le b_1\le b_2\le T$，$s_{a_1-1}^1=s_{b_1}^1=s_{a_2-1}^2=s_{b_2}^2=0$；$s_t^1>0$ 对 $a_1\le t<a_2$，$s_t^2>0$ 对 $b_1\le t<b_2$，且 $(s_t^1,s_t^2)
e(0,0)$ 对 $a_2\le t<b_1$。块 $[k,l]$ 满足 $a_2\le k\le l\le b_1$，其内部 $k\le t<l$ 的两级库存均为正。部分生产期指 $0<x_t^1<C_p$，部分运输期指 $0<x_t^2<C_r$。

块端点的四类定义如下，四元组按 $(s_{k-1}^1,s_l^1,s_{k-1}^2,s_l^2)$ 排列：$A_{11}=(>0,\ge0,=0,=0)$，$A_{12}=(\ge0,=0,=0,>0)$，$A_{21}=(=0,>0,\ge0,=0)$，$A_{22}=(=0,=0,>0,\ge0)$。相邻块的下一起点为上一终点加1，前一块末端与后一块起端的库存所属级一致。

考察一个封闭子计划，其在 $a_1\le t<a_2$ 没有运输出库，在 $b_1<t\le b_2$ 没有制造入库。令 $d_{u,v}=\sum_{t=u}^v d_t$（空和为0）、$\xi_t=\sum_{u=a_1}^t x_u^1$、$w_t=\sum_{u=a_2}^t x_u^2$。块运输总量为 $\rho=w_l-w_{k-1}$。下面各选项均条件于所述端点类型的可行块；涉及极值点时指 $P$ 的流量极值点，端点类型保持固定。

**Question**：以下关于运输总量及部分运输期的判断，哪些成立？
这是多选题，请选择所有由题面给定条件确定成立的陈述。

A. 若类型为 $A_{11}$，且该方案流量为 $P$ 的极值点，则块内存在正的部分运输量当且仅当 $d_{k,l}/C_r$ 不是整数。

B. 若类型为 $A_{22}$，则 $\rho=\xi_l-\xi_{k-1}$。

C. 若类型为 $A_{22}$ 且块长至少为2，即使块内有两个部分运输期，该方案仍可能是 $P$ 的极值点。

D. 若类型为 $A_{21}$，则 $\rho=\xi_l-d_{a_2,k-1}$。","0"
"22","你正在回答一道独立的供应链决策多选题。仅根据本题条件作答。

请根据题目给定的条件，分别简要分析 A、B、C、D 四个选项，再给出最终答案。

每个选项说明其成立或不成立的关键依据，必要时给出简短计算。
分析长度以解释清楚为准，避免重复题干或展开无关背景。
不要引入题目未给出的假设。

按以下结构输出：
A：……
B：……
C：……
D：……

最后输出唯一的答案 JSON：
{""answer"":[""A"",""C""]}

answer 是唯一字段，数组包含 1–3 个不重复的大写选项字母，
仅限 A、B、C、D，按字母顺序排列。
示例选项仅说明格式，不代表本题答案。
分析部分不要输出候选答案 JSON，最终答案后不要输出任何内容。

题目：
**Scenario and Given Conditions**：规划者评估两个独立的一期制造与配送配置，$T=1$，确定需求 $d_1=6$。同期制造可同期配送，禁止欠交，各级期初期末库存均为0，库存非负且无上界，无随机变量。所有模块流量非负、激活变量为二值变量，$e\in\{1,2\}$。各级总流量为模块流量之和 $x^e=\sum_i x^{e,i}$，满足 $x^1=x^2=6$。有限模块满足 $0\le x^{e,i}\le C_i^ey^{e,i}$，$y^{e,i}\in\{0,1\}$；无限容量外包模块满足 $y=0\Rightarrow x=0$，正流量必须激活，无物理流量上界。零流量取 $y=0$。目标是最小化 $\sum_{e,i}[q^{e,i}y^{e,i}+p^{e,i}(x^{e,i})]$，接受任意同值最优方案。库存成本为0。

配置甲：制造模块容量6、启动费及变量费均为0；配送模块1、2的容量分别为4、7，启动费分别为2、3，变量成本分别为 $p^{2,1}(x)=x$、$p^{2,2}(x)=2x$。

配置乙：制造端有容量6的有限模块和无限容量外包模块；配送端有容量4的有限模块和无限容量外包模块。有限制造模块费用为0；有限配送模块启动费2、变量成本 $p(x)=x$。两级外包模块各有启动费 $M$、变量成本 $p(x)=Mx$，其中 $M>3$ 是任意有限实数。

配置甲中，部分配送期指恰好一个模块流量严格介于0与自身容量之间，另一个取0或满容量。配置乙中，部分配送期指有限配送模块严格部分使用或配送外包流量为正。流量多面体只包括流量、库存及物理容量约束，不含激活变量。

**Question**：以下对两配置的模块安排与配送决策的判断，哪些成立？
这是多选题，请选择所有由题面给定条件确定成立的陈述。

A. 配置甲的最低总成本为13。

B. 配置甲的任何流量极值点方案，其正部分配送量都等于 $6-4=2$。

C. 配置甲的配送分配 $(x^{2,1},x^{2,2})=(3,3)$ 不是流量多面体的极值点。

D. 配置乙的任何可行方案，其外包配送量均至少为2。","0"
"23","你正在回答一道独立的供应链决策多选题。仅根据本题条件作答。

请根据题目给定的条件，分别简要分析 A、B、C、D 四个选项，再给出最终答案。

每个选项说明其成立或不成立的关键依据，必要时给出简短计算。
分析长度以解释清楚为准，避免重复题干或展开无关背景。
不要引入题目未给出的假设。

按以下结构输出：
A：……
B：……
C：……
D：……

最后输出唯一的答案 JSON：
{""answer"":[""A"",""C""]}

answer 是唯一字段，数组包含 1–3 个不重复的大写选项字母，
仅限 A、B、C、D，按字母顺序排列。
示例选项仅说明格式，不代表本题答案。
分析部分不要输出候选答案 JSON，最终答案后不要输出任何内容。

题目：
**Scenario and Given Conditions**：集中规划者管理纯串联 $L$ 级制造供应系统（整数 $L\ge2$），有限期 $t=1,\ldots,T$。每级每期最多启用一个固定容量 $C_e>0$ 的模块，全部需求和参数期初确定已知，无随机变量，无欠交，同期流量可向下一级传递，库存无上界。$x_t^{L+1}=d_t\ge0$，$D=\sum_t d_t$，并满足
$$s_{t-1}^e+x_t^e=s_t^e+x_t^{e+1},\quad x_t^e=C_ey_t^e,\quad y_t^e\in\{0,1\},\quad s_t^e\ge0,\quad s_0^e=s_T^e=0.$$
目标为 $\min\sum_{t,e}(h_t^es_t^e+q_t^ey_t^e+p_t^ex_t^e)$，所有费用系数非负。考虑满足上述约束的离散全额批次排程；各级库存为连续数量。

规划团队先按末两级 $(L-1,L)$ 的本地成本求最优排程；固定所得 $x^{L-1}$ 为上游两级 $(L-3,L-2)$ 的外生需求，再按这两级本地成本求解，逐次向上，直到覆盖第1级。偶数 $L$ 以两级子问题结束；奇数 $L$ 最后求第1级的单级子问题。每个子问题使用相同逐期守恒及零首尾库存。若有平局，任选一个局部最优排程并固定后再向上，不返工；任何一步不可行则此次级联失败。

**Question**：以下关于全额批次与级联排程的判断，哪些成立？
这是多选题，请选择所有由题面给定条件确定成立的陈述。

A. 存在全系统可行实例，其末级中间期库存 $s_t^L$ 不是 $C_L$ 的整数倍。

B. $D/C_e\in\{1,\ldots,T\}$ 对所有级成立，就足以保证全系统存在离散可行排程。

C. 若级联的全部步骤均得到可行排程，则拼接方案的全系统成本不小于原问题的最优成本。

D. 若级联的全部步骤都成功求得局部最优排程，则拼接方案必为全系统最优排程。","0"
"24","你正在回答一道独立的供应链决策多选题。仅根据本题条件作答。

请根据题目给定的条件，分别简要分析 A、B、C、D 四个选项，再给出最终答案。

每个选项说明其成立或不成立的关键依据，必要时给出简短计算。
分析长度以解释清楚为准，避免重复题干或展开无关背景。
不要引入题目未给出的假设。

按以下结构输出：
A：……
B：……
C：……
D：……

最后输出唯一的答案 JSON：
{""answer"":[""A"",""C""]}

answer 是唯一字段，数组包含 1–3 个不重复的大写选项字母，
仅限 A、B、C、D，按字母顺序排列。
示例选项仅说明格式，不代表本题答案。
分析部分不要输出候选答案 JSON，最终答案后不要输出任何内容。

题目：
**Scenario and Given Conditions**：集中规划者在有限期 $t=1,\ldots,T$ 决定制造入库量 $x_t^1$、仓库向零售端的运输量 $x_t^2$ 及两级期末库存 $s_t^1,s_t^2$。需求 $d_t\ge0$ 与全部成本在期初确定已知，无随机变量；不允许欠交，同期入库可用于同期出库和需求。容量 $C_p,C_r>0$ 全期固定，库存无上界，且
$$s_{t-1}^1+x_t^1=s_t^1+x_t^2,\qquad s_{t-1}^2+x_t^2=d_t+s_t^2,$$
$$0\le x_t^1\le C_py_t^1,\quad0\le x_t^2\le C_ry_t^2,\quad s_t^e\ge0,\quad y_t^e\in\{0,1\},\quad s_0^e=s_T^e=0.$$
目标为 $\min\sum_{t,e}[h_t^e(s_t^e)+q_t^ey_t^e+p_t^e(x_t^e)]$。$q_t^e\ge0$；$p_t^e,h_t^e$ 是已给定的连续、非负、非递减凹函数，零点值为0。零流量取 $y=0$；接受任意同值最优方案。只讨论可行实例。连续流量多面体 $P$ 指物料守恒、库存及 $0\le x_t^1\le C_p,0\le x_t^2\le C_r$ 所定义的集合，不包含二值激活变量。

子计划 $\phi=[a_1,a_2,b_1,b_2]$ 满足 $1\le a_1\le a_2\le b_1\le b_2\le T$，$s_{a_1-1}^1=s_{b_1}^1=s_{a_2-1}^2=s_{b_2}^2=0$；$s_t^1>0$ 对 $a_1\le t<a_2$，$s_t^2>0$ 对 $b_1\le t<b_2$，且 $(s_t^1,s_t^2)
e(0,0)$ 对 $a_2\le t<b_1$。块 $[k,l]$ 满足 $a_2\le k\le l\le b_1$，其内部 $k\le t<l$ 的两级库存均为正。部分生产期指 $0<x_t^1<C_p$，部分运输期指 $0<x_t^2<C_r$。

考察一个最优方案，其流量是 $P$ 的极值点，且其中的封闭子计划在 $a_1\le t<a_2$ 没有运输出库、在 $b_1<t\le b_2$ 没有制造入库。令 $D=\sum_{t=a_2}^{b_2}d_t$、$\xi_t=\sum_{u=a_1}^t x_u^1$，$r=D-C_p\lfloor D/C_p\rfloor$。对于 $a_1\le t<b_1$，规划团队拟使用数值集合
$$E_t=\{mC_p:m\in\mathbb Z,0\le m\le t-a_1+1\}\ \cup\ \{mC_p+r:m\in\mathbb Z,0\le m\le t-a_1\}.$$

**Question**：以下对批次筛选及库存边界政策的判断，哪些成立？
这是多选题，请选择所有由题面给定条件确定成立的陈述。

A. 若 $D$ 是 $C_p$ 的正整数倍，则该极值点方案在子计划内的每个正制造量均等于 $C_p$。

B. $E_t$ 的每个成员都能实现为一个满足原模型前缀需求与非负库存的累积制造量 $\xi_t$。

C. 对这样的封闭子计划，总有 $a_1=a_2$ 且 $b_1=b_2$。

D. 对任一 $a_2\le\tau<b_1$，若新增 $s_\tau^1=s_\tau^2=0$ 后全系统仍可行，则新增约束后的最优成本不低于原问题最优成本。","0"
"25","你正在回答一道独立的供应链决策多选题。仅根据本题条件作答。

请根据题目给定的条件，分别简要分析 A、B、C、D 四个选项，再给出最终答案。

每个选项说明其成立或不成立的关键依据，必要时给出简短计算。
分析长度以解释清楚为准，避免重复题干或展开无关背景。
不要引入题目未给出的假设。

按以下结构输出：
A：……
B：……
C：……
D：……

最后输出唯一的答案 JSON：
{""answer"":[""A"",""C""]}

answer 是唯一字段，数组包含 1–3 个不重复的大写选项字母，
仅限 A、B、C、D，按字母顺序排列。
示例选项仅说明格式，不代表本题答案。
分析部分不要输出候选答案 JSON，最终答案后不要输出任何内容。

题目：
Scenario and Given Conditions：
一家供应链协调企业评估三家独立企业的应急采购与转售：企业1向企业2供货，企业2向企业3供货。单产品订单矩阵只有 $o_{12}=o_{23}=6$ 非零，包括对角线在内的其余元素均为0。合约价 $p=10$，安全库存与持有成本均为0，单位转售管理成本 $\iota_i=1$，未弥补输入缺口的单位惩罚 $b_i=12$。净成本已扣除网络外交易收入，不另外加入终端销售收入；各企业没有资本转移或救助协议。
二级转售市场需求为 $d(\pi)=4(10-\pi)$（$0\le\pi<10$），$\pi\ge10$ 时为0；备用采购市场供给为 $s(\kappa)=2\kappa$（$\kappa\ge0$）。两市场分离。转售企业选非负售价，采购企业选非负采购报价，各自最大化净资产。转售市场外部买家选择 $0\le y_i\le\bar r_i$ 最大化 $\int_0^{\sum_i y_i}(10-z/4)\,dz-\sum_i\pi_i y_i$；备用市场外部供应方选择 $0\le z_i\le\bar\sigma_i$ 最大化 $\sum_i\kappa_i z_i-\int_0^{\sum_i z_i}u/2\,du$。同价按潜在成交规模比例分配。
对于当前违约集合 $F$，定义
$$\bar r_i(F)=\sum_{j\in F}o_{ij},\qquad \bar\sigma_i(F)=\sum_{j\in F}o_{ji}.$$
第一式表示买家未接收的当期订单；第二式表示供应商停业后的未来重复订单输入缺口，适用于包括已违约企业在内的所有节点。当前交付为 $q_{ij}=o_{ij}\mathbf1_{\{j
otin F\}}$。
令实际应急成交为 $0\le r_i\le\bar r_i$、$0\le\sigma_i\le\bar\sigma_i$，净资产为
$$e_i(F)=w_i+p\big(\sum_j o_{ij}-\bar r_i\big)-c_i+(\pi_i-\iota_i)r_i-b_i\bar\sigma_i+(b_i-\kappa_i)\sigma_i.$$
在本题从零中断状态可达的非空市场中，边际转售收入大于1，边际采购成本小于12。每轮使用上述定价与分配规则的局部均衡成交，空市场损益为0。
先计算 $e_i^{(0)}=w_i+p\sum_j o_{ij}-c_i$，取 $F^{(0)}=\{i:e_i^{(0)}<0\}$。第一轮用 $F^{(0)}$ 出清并核算 $e_i^{(1)}$，再取 $F^{(1)}=\{i:e_i^{(1)}<0\}$；继续同样更新，直到集合稳定。此从零中断状态出发的稳定结果记为 $F^*$ 与 $e_i^*$。净资产等于0时仍偿付。

本次成本实现与初始权益为 $(c_1,c_2,c_3)=(62,64,15)$、$(w_1,w_2,w_3)=(30,14,8)$。这些是分析情境的给定参数；本题只考查该实现，不要求计算违约概率。

Question：
这是多选题，请选择所有由题面给定条件确定成立的陈述。

A. 企业2在第一轮应急出清后的净资产为 $e_2^{(1)}=-5$。

B. 企业1在从零中断状态出发的稳定结果中净资产为 $e_1^*=4$。

C. 企业3在从零中断状态出发的稳定结果中净资产为 $e_3^*=-7$。

D. 仅把企业1的初始权益提高至50后，企业2在第一轮应急出清后的净资产变为15。

---","0"
"26","你正在回答一道独立的供应链决策多选题。仅根据本题条件作答。

请根据题目给定的条件，分别简要分析 A、B、C、D 四个选项，再给出最终答案。

每个选项说明其成立或不成立的关键依据，必要时给出简短计算。
分析长度以解释清楚为准，避免重复题干或展开无关背景。
不要引入题目未给出的假设。

按以下结构输出：
A：……
B：……
C：……
D：……

最后输出唯一的答案 JSON：
{""answer"":[""A"",""C""]}

answer 是唯一字段，数组包含 1–3 个不重复的大写选项字母，
仅限 A、B、C、D，按字母顺序排列。
示例选项仅说明格式，不代表本题答案。
分析部分不要输出候选答案 JSON，最终答案后不要输出任何内容。

题目：
Scenario and Given Conditions：
采购负责人比较同一分层供应链中两家中间层企业 $i,j$ 的采购结构及期望净资产。有限企业集为 $\mathcal N$，产品集为 $\{1,\ldots,M\}$。企业所在层为 $m\in\{2,\ldots,M\}$，只采购产品 $m-1$、销售产品 $m$。最上游只销售，最下游只采购并向外部消费者销售，底层无向图连通。订单 $o_{ab}^h\ge0$ 表示企业 $a$ 向企业 $b$ 供应产品 $h$；合约价 $p^h>0$，初始权益 $w_a\ge0$，安全库存均为0。所有订单事前固定，成本实现时违约状态可观察。随机净生产成本向量 $c$ 的各分量为有界连续随机变量，可相关；净成本已扣除外部销售收入。
企业 $i$ 的正订单供应商集合为 $U_i=\{k\}$，企业 $j$ 的集合满足 $\{k\}\subset U_j$；定义 $T=o_{ki}^{m-1}=\sum_{a\in U_j}o_{aj}^{m-1}>0$。二者买家集合相同且逐买家销售订单相同，初始权益相同，净成本 $c_i,c_j$ 同分布；同层企业具有相同单位转售成本 $\iota^h\ge0$。每家企业未弥补输入缺口的单位惩罚为 $b_a^h>0$。
当期交付为 $q_{ab}^h=o_{ab}^h\mathbf1_{\{e_b\ge0\}}$。供应商当期向偿付买家交付后若违约则停业；未来输入缺口用重复订单量表示。对任意违约集合 $F$，令
$$\bar r_a^h(F)=\sum_{b\in F}o_{ab}^h,\qquad \bar\sigma_a^h(F)=\sum_{b\in F}o_{ba}^h.$$
实际应急成交满足 $0\le r_a^h\le\bar r_a^h$、$0\le\sigma_a^h\le\bar\sigma_a^h$。企业净资产为
$$e_a=w_a+\sum_h p^h(\sum_b o_{ab}^h-\bar r_a^h)-c_a+\sum_h(\pi_a^h-\iota^h)r_a^h-\sum_h b_a^h\bar\sigma_a^h+\sum_h(b_a^h-\kappa_a^h)\sigma_a^h.$$
两应急市场分离，每个产品分别定价。需求 $d_h$ 在正需求范围二阶连续可微、凹且严格递减，$d_h(\pi)=0$ 对 $\pi\ge p^h$，$d_h(0)\ge\sum_{ab}o_{ab}^h$；供给 $s_h$ 二阶连续可微、凹且严格递增，$s_h(0)=0$。转售企业选非负价格、采购企业选非负采购报价以最大化自身净资产。外部买方选择 $y_a\in[0,\bar r_a^h]$ 最大化 $\int_0^{\sum y_a}d_h^{-1}(z)dz-\sum_a\pi_a^h y_a$；外部供应方选择 $z_a\in[0,\bar\sigma_a^h]$ 最大化 $\sum_a\kappa_a^h z_a-\int_0^{\sum z_a}s_h^{-1}(u)du$。同价按潜在规模比例分配。所有可达活跃市场满足
$$[r d_h^{-1}(r)]'\big|_{r=\sum_a\bar r_a^h}>\max_{a:\bar r_a^h>0}\iota^h,\quad [\sigma s_h^{-1}(\sigma)]'\big|_{\sigma=\sum_a\bar\sigma_a^h}<\min_{a:\bar\sigma_a^h>0}b_a^h.$$
从零中断状态识别净资产严格为负的基本违约企业，按每轮局部市场均衡更新所有企业净资产及违约集合，直到稳定；净资产为0时偿付。稳定集合记为 $D^*$，最终净资产为 $\underline e_a$。令 $\bar\sigma_a=\bar\sigma_a^{m-1}(D^*)$，$K=s_{m-1}^{-1}(\sum_a\bar\sigma_a^{m-1}(D^*))$；无采购活动时相应费用为0。假定所有下列期望有限。
定义事件 $A=\{k\in D^*\}$、$B=\{k
otin D^*,(U_j\setminus\{k\})\cap D^*
e\varnothing\}$，且 $P(A),P(B)>0$。联合成本分布还满足 $P(B\cap\{c_i=c_j\})>0$ 和 $P(A\cap\{U_j\setminus D^*
e\varnothing\})>0$。采购方案比较采用期望最终净资产准则。

Question：
这是多选题，请选择所有由题面给定条件确定成立的陈述。

A. 若 $U_j\subseteq D^*$，两企业的最终净输入缺口相同，即 $\bar\sigma_i=\bar\sigma_j=T$。

B. 两企业的期望净资产差满足 $E[\underline e_j-\underline e_i]=-E[K(\bar\sigma_j-\bar\sigma_i)]$。

C. 在事件 $B$ 内且 $c_i=c_j$ 的任一成本实现中，有 $\underline e_j>\underline e_i$。

D. 在事件 $A$ 内且企业 $j$ 至少有一个供应商仍偿付的任一成本实现中，企业 $i$ 的备用采购单位成交价格严格高于企业 $j$。

---","0"
"27","你正在回答一道独立的供应链决策多选题。仅根据本题条件作答。

请根据题目给定的条件，分别简要分析 A、B、C、D 四个选项，再给出最终答案。

每个选项说明其成立或不成立的关键依据，必要时给出简短计算。
分析长度以解释清楚为准，避免重复题干或展开无关背景。
不要引入题目未给出的假设。

按以下结构输出：
A：……
B：……
C：……
D：……

最后输出唯一的答案 JSON：
{""answer"":[""A"",""C""]}

answer 是唯一字段，数组包含 1–3 个不重复的大写选项字母，
仅限 A、B、C、D，按字母顺序排列。
示例选项仅说明格式，不代表本题答案。
分析部分不要输出候选答案 JSON，最终答案后不要输出任何内容。

题目：
Scenario and Given Conditions：
一家供应链协调企业评估三家独立企业的应急采购与转售：企业1向企业2供货，企业2向企业3供货。单产品订单矩阵只有 $o_{12}=o_{23}=6$ 非零，包括对角线在内的其余元素均为0。合约价 $p=10$，安全库存与持有成本均为0，单位转售管理成本 $\iota_i=1$，未弥补输入缺口的单位惩罚 $b_i=12$。净成本已扣除网络外交易收入，不另外加入终端销售收入；各企业没有资本转移或救助协议。
二级转售市场需求为 $d(\pi)=4(10-\pi)$（$0\le\pi<10$），$\pi\ge10$ 时为0；备用采购市场供给为 $s(\kappa)=2\kappa$（$\kappa\ge0$）。两市场分离。转售企业选非负售价，采购企业选非负采购报价，各自最大化净资产。转售市场外部买家选择 $0\le y_i\le\bar r_i$ 最大化 $\int_0^{\sum_i y_i}(10-z/4)\,dz-\sum_i\pi_i y_i$；备用市场外部供应方选择 $0\le z_i\le\bar\sigma_i$ 最大化 $\sum_i\kappa_i z_i-\int_0^{\sum_i z_i}u/2\,du$。同价按潜在成交规模比例分配。
对于当前违约集合 $F$，定义
$$\bar r_i(F)=\sum_{j\in F}o_{ij},\qquad \bar\sigma_i(F)=\sum_{j\in F}o_{ji}.$$
第一式表示买家未接收的当期订单；第二式表示供应商停业后的未来重复订单输入缺口，适用于包括已违约企业在内的所有节点。当前交付为 $q_{ij}=o_{ij}\mathbf1_{\{j
otin F\}}$。
令实际应急成交为 $0\le r_i\le\bar r_i$、$0\le\sigma_i\le\bar\sigma_i$，净资产为
$$e_i(F)=w_i+p\big(\sum_j o_{ij}-\bar r_i\big)-c_i+(\pi_i-\iota_i)r_i-b_i\bar\sigma_i+(b_i-\kappa_i)\sigma_i.$$
在本题从零中断状态可达的非空市场中，边际转售收入大于1，边际采购成本小于12。每轮使用上述定价与分配规则的局部均衡成交，空市场损益为0。
先计算 $e_i^{(0)}=w_i+p\sum_j o_{ij}-c_i$，取 $F^{(0)}=\{i:e_i^{(0)}<0\}$。第一轮用 $F^{(0)}$ 出清并核算 $e_i^{(1)}$，再取 $F^{(1)}=\{i:e_i^{(1)}<0\}$；继续同样更新，直到集合稳定。此从零中断状态出发的稳定结果记为 $F^*$ 与 $e_i^*$。净资产等于0时仍偿付。

本次成本实现为 $(c_1,c_2,c_3)=(62,64,15)$，权益为 $(w_1,w_2,w_3)=(30,x,8)$，其中 $x\ge4$ 是拟给予企业2的资本水平。协调企业需要确定资本注入后从零中断状态出发的结果；其余参数不随 $x$ 改变。本题只考查该成本实现，不要求计算违约概率。

Question：
这是多选题，请选择所有由题面给定条件确定成立的陈述。

A. 对 $4\le x<19$，从零中断状态出发的稳定违约集合为 $F^*=\{2,3\}$。

B. 当 $x=19$ 时，企业2在从零中断状态出发的稳定结果中净资产为0。

C. 对 $19\le x<28$，从零中断状态出发的稳定违约集合为 $F^*=\{2,3\}$。

D. 对 $x\ge28$，企业1在从零中断状态出发的稳定结果中净资产为4。","0"
"28","你正在回答一道独立的供应链决策多选题。仅根据本题条件作答。

请根据题目给定的条件，分别简要分析 A、B、C、D 四个选项，再给出最终答案。

每个选项说明其成立或不成立的关键依据，必要时给出简短计算。
分析长度以解释清楚为准，避免重复题干或展开无关背景。
不要引入题目未给出的假设。

按以下结构输出：
A：……
B：……
C：……
D：……

最后输出唯一的答案 JSON：
{""answer"":[""A"",""C""]}

answer 是唯一字段，数组包含 1–3 个不重复的大写选项字母，
仅限 A、B、C、D，按字母顺序排列。
示例选项仅说明格式，不代表本题答案。
分析部分不要输出候选答案 JSON，最终答案后不要输出任何内容。

题目：
Scenario and Given Conditions：
一家风险中性制造企业向供应商订购部件。先确定投入订单 $Q\ge0$，再实现随机产出率 $\xi\in[0,1]$；有效产出 $x=\xi Q$ 全部销售，不另作留货或弃货选择。订货前双方均已知市场潜力 $a>0$ 和平均产出率 $\theta>0$。固定变异系数 $\delta\ge0$，$E\xi=\theta$、$E\xi^2=(1+\delta^2)\theta^2$。逆需求为 $P(x)=a-bx$，$b>0$；合同支付为 $\eta wQ+(1-\eta)w\xi Q$，$w>0$、$0\le\eta\le1$。供应商投入量等于 $Q$，成本为 $cQ$。

取 $c=0$，所有比较均保持 $a\theta>\eta w+(1-\eta)w\theta>0$。记 $A=a-(1-\eta)w>0$、$K=2b(1+\delta^2)$。产出率比较域非空，为 $\eta w/A<\theta\le\bar\theta=1/(1+\delta^2)$。采购方最大化
$$\Pi_B(Q|\theta,a)=(A\theta-\eta w)Q-\frac K2\theta^2Q^2.$$
以 $Q^r(\theta,a)$ 记唯一最优订单；以 $\theta^\dagger(a)$ 记其关于 $\theta$ 的名义驻点（允许不落入可行域）。改变 $\theta$ 时固定 $a,b,w,\eta,\delta$；改变 $a$ 时固定其余参数，并保持被比较的产出率有效。

Question：
关于最优订单的可行域、技术与市场比较静态，这是多选题，请选择所有由题面给定条件确定成立的陈述。

A. 若 $\eta>0$ 且 $\theta^\dagger(a)\ge\bar\theta$，则 $Q^r(\theta,a)$ 在整个给定产出率域内严格递增。

B. 若 $\eta>0$ 且给定产出率域非空，则 $Q^r(\theta,a)$ 的最大值在该域内的一个内点取得。

C. 固定任意有效的 $\theta_L<\theta_H$，提高 $a$ 时，订单比 $Q^r(\theta_L,a)/Q^r(\theta_H,a)$ 在 $\eta=0$ 时保持不变，在 $\eta>0$ 时严格增加。

D. 在 $\eta>0$ 下，提高 $a$ 会使 $\theta^\dagger(a)$ 严格增加。","0"
"29","你正在回答一道独立的供应链决策多选题。仅根据本题条件作答。

请根据题目给定的条件，分别简要分析 A、B、C、D 四个选项，再给出最终答案。

每个选项说明其成立或不成立的关键依据，必要时给出简短计算。
分析长度以解释清楚为准，避免重复题干或展开无关背景。
不要引入题目未给出的假设。

按以下结构输出：
A：……
B：……
C：……
D：……

最后输出唯一的答案 JSON：
{""answer"":[""A"",""C""]}

answer 是唯一字段，数组包含 1–3 个不重复的大写选项字母，
仅限 A、B、C、D，按字母顺序排列。
示例选项仅说明格式，不代表本题答案。
分析部分不要输出候选答案 JSON，最终答案后不要输出任何内容。

题目：
Scenario and Given Conditions：
一家风险中性制造企业向一家风险中性供应商采购部件。供应商私知类型 $t\in\{H,L\}$，采购方私知市场状态 $m\in\{H,L\}$。$0<\theta_L<\theta_H\le1/(1+\delta^2)$，$\delta\ge0$。给定类型，随机产出率 $\xi_t\in[0,1]$ 满足 $E\xi_t=\theta_t$、$E\xi_t^2=(1+\delta^2)\theta_t^2$，这两个矩不再随市场状态改变。联合先验 $p_{tm}>0$、$\sum_{t,m}p_{tm}=1$ 为共同知识，$\mu(m|t)=p_{tm}/\sum_jp_{tj}$、$\lambda(t|m)=p_{tm}/\sum_sp_{sm}$，$\bar a_t=\sum_m\mu(m|t)a_m$。

采购方销售全部有效产出 $x=\xi_tQ$，无留货或弃货选择，逆需求为 $P(x|m)=a_m-bx$，$b>0$。合同外生，不随消息改变：支付 $\eta wQ+(1-\eta)w\xi_tQ$，$w>0$、$0\le\eta\le1$。供应商投入量等于订单 $Q\ge0$，成本为 $cQ$，$c\ge0$。对所有 $(t,m)$ 要求 $a_m\theta_t>\eta w+(1-\eta)w\theta_t>c$。

双方先分别观察各自私有信息；供应商发送无成本、不可验证、无罚款的消息 $t'\in\{H,L\}$；采购方结合 $m$ 更新后验 $\beta(t|t',m)$ 并下单；随后随机产出实现，全部交付、销售并结算。采购方在每个后验下选择 $Q$ 最大化
$$\sum_t\beta(t|t',m)\{([a_m-(1-\eta)w]\theta_t-\eta w)Q-b(1+\delta^2)\theta_t^2Q^2\}.$$
供应商类型 $t$ 选择消息以最大化 $k_t\sum_m\mu(m|t)Q^*(t',m)$，其中 $k_t=\eta w+(1-\eta)w\theta_t-c>0$。弱完美贝叶斯均衡要求序贯最优及路径上的 Bayes 更新，离路径信念不受约束，消息间无差异时允许如实发送。

令 $K=2b(1+\delta^2)$、$A_m=a_m-(1-\eta)w$。如实发送并被相信时，订单为
$$Q^r_{tm}=\frac{A_m\theta_t-\eta w}{K\theta_t^2}.$$
至少一个市场下两消息诱导不同订单的真实揭示均衡称为有影响力；若两个市场下订单都不随消息改变，则称为非影响力。

取 $a_H>a_L>0$。定义 $s=1/\theta_H+1/\theta_L-1$、$C=w(1+\eta s)$。

Question：
关于有影响力真实揭示弱完美贝叶斯均衡的存在条件，这是多选题，请选择所有由题面给定条件确定成立的陈述。

A. 跨市场反向排序 $Q^r_{LH}\ge Q^r_{HH}$、$Q^r_{HL}\ge Q^r_{LL}$ 是该均衡存在的充分条件。

B. 该均衡存在当且仅当 $\bar a_H\le C\le\bar a_L$。

C. 条件信念满足 $\mu(H|H)\le\mu(H|L)$ 是该均衡存在的充分条件。

D. 合同采用纯到货支付 $\eta=0$ 时，该均衡不能存在。","0"
"30","你正在回答一道独立的供应链决策多选题。仅根据本题条件作答。

请根据题目给定的条件，分别简要分析 A、B、C、D 四个选项，再给出最终答案。

每个选项说明其成立或不成立的关键依据，必要时给出简短计算。
分析长度以解释清楚为准，避免重复题干或展开无关背景。
不要引入题目未给出的假设。

按以下结构输出：
A：……
B：……
C：……
D：……

最后输出唯一的答案 JSON：
{""answer"":[""A"",""C""]}

answer 是唯一字段，数组包含 1–3 个不重复的大写选项字母，
仅限 A、B、C、D，按字母顺序排列。
示例选项仅说明格式，不代表本题答案。
分析部分不要输出候选答案 JSON，最终答案后不要输出任何内容。

题目：
Scenario and Given Conditions：
一家风险中性制造企业向一家风险中性供应商采购部件。供应商私知类型 $t\in\{H,L\}$，采购方私知市场状态 $m\in\{H,L\}$。$0<\theta_L<\theta_H\le1/(1+\delta^2)$，$\delta\ge0$。给定类型，随机产出率 $\xi_t\in[0,1]$ 满足 $E\xi_t=\theta_t$、$E\xi_t^2=(1+\delta^2)\theta_t^2$，这两个矩不再随市场状态改变。联合先验 $p_{tm}>0$、$\sum_{t,m}p_{tm}=1$ 为共同知识，$\mu(m|t)=p_{tm}/\sum_jp_{tj}$、$\lambda(t|m)=p_{tm}/\sum_sp_{sm}$，$\bar a_t=\sum_m\mu(m|t)a_m$。

采购方销售全部有效产出 $x=\xi_tQ$，无留货或弃货选择，逆需求为 $P(x|m)=a_m-bx$，$b>0$。合同外生，不随消息改变：支付 $\eta wQ+(1-\eta)w\xi_tQ$，$w>0$、$0\le\eta\le1$。供应商投入量等于订单 $Q\ge0$，成本为 $cQ$，$c\ge0$。对所有 $(t,m)$ 要求 $a_m\theta_t>\eta w+(1-\eta)w\theta_t>c$。

双方先分别观察各自私有信息；供应商发送无成本、不可验证、无罚款的消息 $t'\in\{H,L\}$；采购方结合 $m$ 更新后验 $\beta(t|t',m)$ 并下单；随后随机产出实现，全部交付、销售并结算。采购方在每个后验下选择 $Q$ 最大化
$$\sum_t\beta(t|t',m)\{([a_m-(1-\eta)w]\theta_t-\eta w)Q-b(1+\delta^2)\theta_t^2Q^2\}.$$
供应商类型 $t$ 选择消息以最大化 $k_t\sum_m\mu(m|t)Q^*(t',m)$，其中 $k_t=\eta w+(1-\eta)w\theta_t-c>0$。弱完美贝叶斯均衡要求序贯最优及路径上的 Bayes 更新，离路径信念不受约束，消息间无差异时允许如实发送。

令 $K=2b(1+\delta^2)$、$A_m=a_m-(1-\eta)w$。如实发送并被相信时，订单为
$$Q^r_{tm}=\frac{A_m\theta_t-\eta w}{K\theta_t^2}.$$
至少一个市场下两消息诱导不同订单的真实揭示均衡称为有影响力；若两个市场下订单都不随消息改变，则称为非影响力。

取 $a_H>a_L>0$，参数使有影响力真实揭示弱完美贝叶斯均衡存在。仅比较同一合同下的真实揭示候选 $r$ 与无信息池化候选 $b$，不预设实际选择哪个候选。池化时路径上后验为 $\lambda(t|m)$，订单为
$$Q^b_m=\frac{A_m\sum_t\lambda(t|m)\theta_t-\eta w}{K\sum_t\lambda(t|m)\theta_t^2}.$$
记 $Q^e_{tm}$ 在 $e=r$ 时为 $Q^r_{tm}$，在 $e=b$ 时为 $Q^b_m$，并定义
$$\Pi_B^e=\sum_{t,m}p_{tm}\{(A_m\theta_t-\eta w)Q^e_{tm}-\tfrac K2\theta_t^2(Q^e_{tm})^2\},\qquad \Pi_S^e=\sum_{t,m}p_{tm}k_tQ^e_{tm}.$$
定义 $\hat w=\eta w+(1-\eta)w\theta_L\theta_H/(\theta_L+\theta_H)$，
$$\gamma_m=\frac{A_m\theta_L\theta_H-\eta w(\theta_L+\theta_H)}{p_{Lm}\theta_L^2+p_{Hm}\theta_H^2},\qquad S=\sum_mp_{Lm}p_{Hm}\gamma_m.$$
NITS（No Incentive to Separate）要求最低产出类型 $L$ 的均衡条件期望利润不低于其被采购方确信识别为 $L$ 时的条件期望利润。

Question：
关于同合同比较与 NITS 筛选，这是多选题，请选择所有由题面给定条件确定成立的陈述。

A. 真实揭示候选使采购方事前期望利润严格高于池化候选，即 $\Pi_B^r>\Pi_B^b$。

B. 在 $S>0$ 时，对有效成本 $c
e\hat w$，供应商利润变化 $\Pi_S^r-\Pi_S^b$ 与 $\hat w-c$ 同号。

C. 有影响力真实揭示候选一旦存在，池化候选就违反 NITS。

D. 在 $S>0$ 且有效成本 $c=\hat w$ 时，供应商在真实揭示候选下的事前利润严格增加。","0"
"31","你正在回答一道独立的供应链决策多选题。仅根据本题条件作答。

请根据题目给定的条件，分别简要分析 A、B、C、D 四个选项，再给出最终答案。

每个选项说明其成立或不成立的关键依据，必要时给出简短计算。
分析长度以解释清楚为准，避免重复题干或展开无关背景。
不要引入题目未给出的假设。

按以下结构输出：
A：……
B：……
C：……
D：……

最后输出唯一的答案 JSON：
{""answer"":[""A"",""C""]}

answer 是唯一字段，数组包含 1–3 个不重复的大写选项字母，
仅限 A、B、C、D，按字母顺序排列。
示例选项仅说明格式，不代表本题答案。
分析部分不要输出候选答案 JSON，最终答案后不要输出任何内容。

题目：
Scenario and Given Conditions：
一家风险中性制造企业向一家风险中性供应商采购部件。供应商私知类型 $t\in\{H,L\}$，采购方私知市场状态 $m\in\{H,L\}$。$0<\theta_L<\theta_H\le1/(1+\delta^2)$，$\delta\ge0$。给定类型，随机产出率 $\xi_t\in[0,1]$ 满足 $E\xi_t=\theta_t$、$E\xi_t^2=(1+\delta^2)\theta_t^2$，这两个矩不再随市场状态改变。联合先验 $p_{tm}>0$、$\sum_{t,m}p_{tm}=1$ 为共同知识，$\mu(m|t)=p_{tm}/\sum_jp_{tj}$、$\lambda(t|m)=p_{tm}/\sum_sp_{sm}$，$\bar a_t=\sum_m\mu(m|t)a_m$。

采购方销售全部有效产出 $x=\xi_tQ$，无留货或弃货选择，逆需求为 $P(x|m)=a_m-bx$，$b>0$。合同外生，不随消息改变：支付 $\eta wQ+(1-\eta)w\xi_tQ$，$w>0$、$0\le\eta\le1$。供应商投入量等于订单 $Q\ge0$，成本为 $cQ$，$c\ge0$。对所有 $(t,m)$ 要求 $a_m\theta_t>\eta w+(1-\eta)w\theta_t>c$。

双方先分别观察各自私有信息；供应商发送无成本、不可验证、无罚款的消息 $t'\in\{H,L\}$；采购方结合 $m$ 更新后验 $\beta(t|t',m)$ 并下单；随后随机产出实现，全部交付、销售并结算。采购方在每个后验下选择 $Q$ 最大化
$$\sum_t\beta(t|t',m)\{([a_m-(1-\eta)w]\theta_t-\eta w)Q-b(1+\delta^2)\theta_t^2Q^2\}.$$
供应商类型 $t$ 选择消息以最大化 $k_t\sum_m\mu(m|t)Q^*(t',m)$，其中 $k_t=\eta w+(1-\eta)w\theta_t-c>0$。弱完美贝叶斯均衡要求序贯最优及路径上的 Bayes 更新，离路径信念不受约束，消息间无差异时允许如实发送。

令 $K=2b(1+\delta^2)$、$A_m=a_m-(1-\eta)w$。如实发送并被相信时，订单为
$$Q^r_{tm}=\frac{A_m\theta_t-\eta w}{K\theta_t^2}.$$
至少一个市场下两消息诱导不同订单的真实揭示均衡称为有影响力；若两个市场下订单都不随消息改变，则称为非影响力。

本题参数为 $a_H=40$、$a_L=22$、$b=1$、$w=14$、$c=2$、$\delta=0.2$、$\theta_H=0.9$、$\theta_L=0.5$，联合先验为 $p_{HH}=p_{LL}=0.1$、$p_{HL}=p_{LH}=0.4$。分别考虑三个外生合同的预付比例 $\eta=0.38,0.40,0.41$；其余参数固定。每个合同单独进行博弈，不构成动态承诺合同。

只在真实揭示与无信息池化两个候选之间选择。NITS 要求最低产出类型 $L$ 的均衡条件期望利润不低于其被采购方确信识别为 $L$ 时的条件期望利润。选择规则为：若真实揭示是 PBE 且池化违反 NITS，则采用真实揭示；其他情形采用池化。池化的路径后验为 $\lambda(t|m)$，订单为
$$Q^b_m=\frac{A_m\sum_t\lambda(t|m)\theta_t-\eta w}{K\sum_t\lambda(t|m)\theta_t^2}.$$
所选候选 $e\in\{r,b\}$ 的事前利润为
$$\Pi_B^e=\sum_{t,m}p_{tm}\{(A_m\theta_t-\eta w)Q^e_{tm}-\tfrac K2\theta_t^2(Q^e_{tm})^2\},\qquad \Pi_S^e=\sum_{t,m}p_{tm}k_tQ^e_{tm},$$
其中 $Q^e_{tm}$ 分别为 $Q^r_{tm}$ 或 $Q^b_m$。

Question：
采购方比较这些合同下的均衡结果与利润，这是多选题，请选择所有由题面给定条件确定成立的陈述。

A. 从 $\eta=0.38$ 调至 $0.40$，所选候选从池化变为真实揭示。

B. 从 $\eta=0.38$ 调至 $0.40$，采购方的所选均衡事前利润增加。

C. 从 $\eta=0.38$ 调至 $0.40$，供应商的所选均衡事前利润减少。

D. 从 $\eta=0.40$ 调至 $0.41$，采购方的所选均衡事前利润增加。","0"
"32","你正在回答一道独立的供应链决策多选题。仅根据本题条件作答。

请根据题目给定的条件，分别简要分析 A、B、C、D 四个选项，再给出最终答案。

每个选项说明其成立或不成立的关键依据，必要时给出简短计算。
分析长度以解释清楚为准，避免重复题干或展开无关背景。
不要引入题目未给出的假设。

按以下结构输出：
A：……
B：……
C：……
D：……

最后输出唯一的答案 JSON：
{""answer"":[""A"",""C""]}

answer 是唯一字段，数组包含 1–3 个不重复的大写选项字母，
仅限 A、B、C、D，按字母顺序排列。
示例选项仅说明格式，不代表本题答案。
分析部分不要输出候选答案 JSON，最终答案后不要输出任何内容。

题目：
Scenario and Given Conditions：
一家风险中性制造企业向一家风险中性供应商采购部件。供应商私知类型 $t\in\{H,L\}$，采购方私知市场状态 $m\in\{H,L\}$。$0<\theta_L<\theta_H\le1/(1+\delta^2)$，$\delta\ge0$。给定类型，随机产出率 $\xi_t\in[0,1]$ 满足 $E\xi_t=\theta_t$、$E\xi_t^2=(1+\delta^2)\theta_t^2$，这两个矩不再随市场状态改变。联合先验 $p_{tm}>0$、$\sum_{t,m}p_{tm}=1$ 为共同知识，$\mu(m|t)=p_{tm}/\sum_jp_{tj}$、$\lambda(t|m)=p_{tm}/\sum_sp_{sm}$，$\bar a_t=\sum_m\mu(m|t)a_m$。

采购方销售全部有效产出 $x=\xi_tQ$，无留货或弃货选择，逆需求为 $P(x|m)=a_m-bx$，$b>0$。合同外生，不随消息改变：支付 $\eta wQ+(1-\eta)w\xi_tQ$，$w>0$、$0\le\eta\le1$。供应商投入量等于订单 $Q\ge0$，成本为 $cQ$，$c\ge0$。对所有 $(t,m)$ 要求 $a_m\theta_t>\eta w+(1-\eta)w\theta_t>c$。

双方先分别观察各自私有信息；供应商发送无成本、不可验证、无罚款的消息 $t'\in\{H,L\}$；采购方结合 $m$ 更新后验 $\beta(t|t',m)$ 并下单；随后随机产出实现，全部交付、销售并结算。采购方在每个后验下选择 $Q$ 最大化
$$\sum_t\beta(t|t',m)\{([a_m-(1-\eta)w]\theta_t-\eta w)Q-b(1+\delta^2)\theta_t^2Q^2\}.$$
供应商类型 $t$ 选择消息以最大化 $k_t\sum_m\mu(m|t)Q^*(t',m)$，其中 $k_t=\eta w+(1-\eta)w\theta_t-c>0$。弱完美贝叶斯均衡要求序贯最优及路径上的 Bayes 更新，离路径信念不受约束，消息间无差异时允许如实发送。

令 $K=2b(1+\delta^2)$、$A_m=a_m-(1-\eta)w$。如实发送并被相信时，订单为
$$Q^r_{tm}=\frac{A_m\theta_t-\eta w}{K\theta_t^2}.$$
至少一个市场下两消息诱导不同订单的真实揭示均衡称为有影响力；若两个市场下订单都不随消息改变，则称为非影响力。

允许 $a_H\ge a_L>0$。两个市场状态的联合概率均为正，即使 $a_H=a_L$，也保留状态标签及本题信息时序。不同情形的比较均保持全部基准盈利条件。

Question：
关于真实揭示机制对市场差异与条件信念的要求，这是多选题，请选择所有由题面给定条件确定成立的陈述。

A. 若 $a_H=a_L$，任何存在的真实揭示弱完美贝叶斯均衡均非影响力。

B. 若 $a_H>a_L$ 且有影响力真实揭示弱完美贝叶斯均衡存在，则 $Q^r_{LH}>Q^r_{HH}$ 且 $Q^r_{HL}>Q^r_{LL}$，即跨市场的类型订单排序严格反转。

C. 若 $a_H>a_L$ 且 $\mu(H|H)>\mu(H|L)$，有影响力真实揭示弱完美贝叶斯均衡不存在。

D. 若 $a_H>a_L$、$\mu(H|H)=\mu(H|L)$，且 $Q^r_{LH}>Q^r_{HH}$、$Q^r_{HL}>Q^r_{LL}$，则有影响力真实揭示弱完美贝叶斯均衡存在。","0"
"33","你正在回答一道独立的供应链决策多选题。仅根据本题条件作答。

请根据题目给定的条件，分别简要分析 A、B、C、D 四个选项，再给出最终答案。

每个选项说明其成立或不成立的关键依据，必要时给出简短计算。
分析长度以解释清楚为准，避免重复题干或展开无关背景。
不要引入题目未给出的假设。

按以下结构输出：
A：……
B：……
C：……
D：……

最后输出唯一的答案 JSON：
{""answer"":[""A"",""C""]}

answer 是唯一字段，数组包含 1–3 个不重复的大写选项字母，
仅限 A、B、C、D，按字母顺序排列。
示例选项仅说明格式，不代表本题答案。
分析部分不要输出候选答案 JSON，最终答案后不要输出任何内容。

题目：
**Scenario and Given Conditions**：某高端工业装备再制造服务中心采用按单再制造（Remanufacture-to-Order, RMTO）模式运营。再制造所需旧件分为 2 个质量等级（$i \in \{1, 2\}$，标号 1 代表高质量等级）。
- 成本参数满足：单位再制造成本 $0 \le r_1 \le r_2 < c_L$，单位时间旧件在库持有成本率 $h_1 \ge h_2 > 0$。其中 $c_L$ 为单位缺货惩罚成本（已综合包含即时销售损失与长远商誉损失）。
- 随机与流转结构：终端客户需求到达服从强度为 $\lambda > 0$ 的泊松过程。中心通过外部回收渠道获取旧件，采购提前期服从均值为 $1/\mu$ 的独立指数分布（$\mu > 0$），且系统中至多同时进行一个采购过程。每次采购完成到货检验后，旧件质量随机揭示：属于等级 $i$ 的先验概率为 $p_i > 0$（$p_1 + p_2 = 1$），该概率分布不随系统状态改变。每次采购发生期望采购费用 $c_A > 0$，到货检验后全部接受，不能选择性拒收。
- 时序与履约：按单再制造作业耗时极短（相对于客户等待耐心可忽略），客户到达时若在库有可用旧件，中心即时决定是否履约及调用何种旧件；若履约则扣除相应旧件并发生对应等级的再制造成本；若无可用旧件或选择拒绝，则发生缺货损失 $c_L$。系统不保有成品库存。
- 决策目标与算子：系统目标为最小化无限期期望贴现成本，连续时间贴现参数为 $\alpha \in (0, 1)$。经时间尺度标准化后满足 $\alpha + \lambda + \mu = 1$。系统状态以各等级旧件在库量向量 $x = (x_1, x_2) \in \mathbb{N}_0^2$ 表示，持有成本率为 $h(x) = h_1 x_1 + h_2 x_2$。最优贴现成本函数 $v^*(x)$ 满足 Bellman 方程：
  $$v^*(x) = \mu T_1 v^*(x) + \lambda T_2 v^*(x) + h(x)$$
  其中采购决策算子为 $T_1 v(x) = \min\{v(x), c_A + \sum_{i=1}^2 p_i v(x + e_i)\}$，需求履约决策算子为 $T_2 v(x) = \min\{v(x) + c_L, \min_{i: x_i > 0}[v(x - e_i) + r_i]\}$（空集合上的内层最小值为 $+\infty$，$e_i$ 为单位基向量）。

若需使用采购阈值，$S_i^*(x_{-i})$ 表示某个最优平稳采购策略的整数获取上限，$x_{-i}$ 表示另一类型的库存。所有成本变化均保持成本排序与 $r_2<c_L$，比较时其余参数固定。

各次质量抽样与系统状态及过去销售独立；期望成本最小化为唯一目标。相等的动作成本允许并列最优，涉及阈值时选用满足相应结构的最优平稳策略；不声称所有最优策略动作相同。

**Question**：分析上述系统的最优控制或成本比较。这是多选题，请选择所有成立的陈述。

A. 仅将旧件质量分布改为一阶随机占优的更高质量分布（在两等级中即增加 $p_1$），可保证最优采购区域在所有参数实例下弱扩张。

B. 若两等级均有库存，$v^*(x-e_1)+r_1\le v^*(x-e_2)+r_2$；因此可以最优地用等级 1 履约。

C. 当另一等级库存增加一件时，$S_1^*(x_2+1)\le S_1^*(x_2)$。

D. 若降低 $c_L$ 并仍保持 $r_2<c_L$，空库存状态的最优期望贴现成本严格增加。","0"
"34","你正在回答一道独立的供应链决策多选题。仅根据本题条件作答。

请根据题目给定的条件，分别简要分析 A、B、C、D 四个选项，再给出最终答案。

每个选项说明其成立或不成立的关键依据，必要时给出简短计算。
分析长度以解释清楚为准，避免重复题干或展开无关背景。
不要引入题目未给出的假设。

按以下结构输出：
A：……
B：……
C：……
D：……

最后输出唯一的答案 JSON：
{""answer"":[""A"",""C""]}

answer 是唯一字段，数组包含 1–3 个不重复的大写选项字母，
仅限 A、B、C、D，按字母顺序排列。
示例选项仅说明格式，不代表本题答案。
分析部分不要输出候选答案 JSON，最终答案后不要输出任何内容。

题目：
**Scenario and Given Conditions**：某循环制造中心对回收的两种旧件（$K=2$，质量等级 $i \in \{1, 2\}$，标号 1 为高质量）实施质量检验与选择性接收。
- 成本与参数设定：单位旧件再制造成本满足 $0 \le r_1 \le r_2 < c_L$，单位时间持有成本率满足 $h_1 \ge h_2 > 0$。连续时间贴现参数 $\alpha \in (0, 1)$。客户需求到达服从速率为 $\lambda > 0$ 的泊松过程；采购机会以独立指数速率 $\mu > 0$ 到达，标准化时间满足 $\alpha + \lambda + \mu = 1$。
- 零检验费与选择性接收：到达旧件的质量等级先验分布为 $p_1, p_2 > 0$（$p_1 + p_2 = 1$）。中心对到货旧件进行质量检验的单位费用为零（$c_I = 0$）。因此，到货旧件的真实等级 $i$ 在到货瞬间即可无成本识别。中心可根据其实际质量等级 $i$ 及当前库存状态 $x = (x_1, x_2) \in \mathbb{N}_0^2$，自主决定是否接收该件：若接收，支付采购价格 $c_{Pi} \ge 0$（其中 $c_{P1} \ge c_{P2} \ge 0$），对应等级库存 $x_i$ 增加 1；若拒收，不发生采购支出，库存不发生变化。
- 动态规划方程：在无限期贴现准则下，最优成本函数 $v^*(x)$ 满足：
  $$v^*(x) = \mu \sum_{i=1}^2 p_i \min\{v^*(x), v^*(x + e_i) + c_{Pi}\} + \lambda \min\{v^*(x) + c_L, \min_{i: x_i > 0}[v^*(x - e_i) + r_i]\} + h_1 x_1 + h_2 x_2$$

系统无成品库存，按单再制造足够快；需求到达时可拒绝并支付 $c_L$，或以可用等级 $i$ 履约、支付 $r_i$ 并减少一件该等级库存。至多一个采购过程；需求与采购相互独立。$e_i$ 为单位向量，空内层最小值为 $+\infty$。$S_i^*(n)$ 表示一个最优平稳策略在另一类型库存为 $n$ 时的整数获取上限。对任意实值续期函数 $g$，$T_1g$ 定义为题面采购事件算子（将方程中的 $v^*$ 换成 $g$）。

各次质量抽样与系统状态及过去销售独立；期望成本最小化为唯一目标。相等的动作成本允许并列最优，涉及阈值时选用满足相应结构的最优平稳策略；不声称所有最优策略动作相同。

**Question**：分析上述系统的最优控制或成本比较。这是多选题，请选择所有成立的陈述。

A. 若某个 $n$ 下 $S_1^*(n)=s\ge1$，则异类库存增至 $n+1$ 后，$S_1^*(n+1)\in\{s-1,s\}$。

B. 异类库存增加一件，使本类旧件获取上限增加一件，即 $S_1^*(n+1)=S_1^*(n)+1$。

C. 零检验费时，对任意实值续期函数 $g$，有 $T_1g(x)=\min\{g(x),\sum_i p_i[g(x+e_i)+c_{Pi}]\}$。

D. 增加等级 2 旧件的边际最优成本 $v^*(x+e_2)-v^*(x)$ 随 $x_1$ 增加而弱增加。","0"
"35","你正在回答一道独立的供应链决策多选题。仅根据本题条件作答。

请根据题目给定的条件，分别简要分析 A、B、C、D 四个选项，再给出最终答案。

每个选项说明其成立或不成立的关键依据，必要时给出简短计算。
分析长度以解释清楚为准，避免重复题干或展开无关背景。
不要引入题目未给出的假设。

按以下结构输出：
A：……
B：……
C：……
D：……

最后输出唯一的答案 JSON：
{""answer"":[""A"",""C""]}

answer 是唯一字段，数组包含 1–3 个不重复的大写选项字母，
仅限 A、B、C、D，按字母顺序排列。
示例选项仅说明格式，不代表本题答案。
分析部分不要输出候选答案 JSON，最终答案后不要输出任何内容。

题目：
**Scenario and Given Conditions**：某制造企业通过回收旧件进行再制造以满足终端需求。旧件包含两个质量等级（$K=2$），对应再制造成本满足 $0 \le r_1 \le r_2 < c_L$，持有成本率满足 $h_1 \ge h_2 > 0$。需求到达服从速率为 $\lambda$ 的泊松过程，采购提前期服从均值为 $1/\mu$ 的指数分布，贴现参数 $\alpha \in (0, 1)$，时间经缩放使得 $\alpha + \lambda + \mu = 1$。
- 检验费用与采购定价：到货旧件质量未预先标明，等级为 $i$ 的先验概率为 $p_i > 0$（$p_1 + p_2 = 1$）。中心可选择对到货旧件进行质量检验，每次检验须支付检验成本 $c_I \ge 0$。检验完成后质量揭示，企业可选择支付采购价格 $c_{Pi}$（$c_{P1} \ge c_{P2} \ge 0$）接收该件并将其入库，亦可选择放弃接收该件（拒收后无采购价支出，库存不变；但检验费无论是否接收均已发生）。
- 无限期贴现成本准则下的 Bellman 方程为：
  $$v^*(x) = \mu T_1 v^*(x) + \lambda T_2 v^*(x) + h_1 x_1 + h_2 x_2$$
  其中采购与检验算子为 $T_1 v(x) = \min\{v(x), c_I + \sum_{i=1}^2 p_i \min\{v(x), v(x + e_i) + c_{Pi}\}\}$，履约算子 $T_2 v(x) = \min\{v(x) + c_L, \min_{i: x_i > 0}[v(x - e_i) + r_i]\}$。
- 同时，企业评估了另一种长期期望单位时间平均成本准则下的平稳运营机制。在该准则下，$P_a^*$ 表示在最优平均成本策略执行过程中，到货旧件经检验后最终被系统接收的极限平稳概率。

状态 $x=(x_1,x_2)\in\mathbb N_0^2$，$x_i$ 是等级 $i$ 旧件库存；$\lambda,\mu>0$。$S_i^*(n)$ 表示另一等级库存为 $n$ 时的整数获取上限。至多一个采购过程，需求与采购过程独立；可不启动检验，未检验时无检验费且不接收旧件。没有成品库存；按单再制造足够快，需求事件履约减少一件选定旧件并支付 $r_i$，拒单产生 $c_L$。$e_i$ 是单位向量，空内层最小值为 $+\infty$。对任意实值续期函数 $g$，$T_1g$ 使用上面的算子定义。平均成本准则使用同一物理系统和费用时序，不通过将贴现方程直接设 $\alpha=0$ 定义。

各次质量抽样与系统状态及过去销售独立；期望成本最小化为唯一目标。相等的动作成本允许并列最优，涉及阈值时选用满足相应结构的最优平稳策略；不声称所有最优策略动作相同。

**Question**：分析上述系统的最优控制或成本比较。这是多选题，请选择所有成立的陈述。

A. 在贴现成本准则下，若 $c_I\ge\max_i[(c_L-r_i-c_{Pi})p_i]$，则存在检验后全接收的最优采购结构，其有效每次采购费用为 $c_A=c_I+\sum_i p_i c_{Pi}$。

B. 当 $c_I\ge\max_i[(c_L-r_i-c_{Pi})p_i]$ 时，对任意实值续期函数 $g$，都有 $T_1g(x)=\min\{g(x),c_I+\sum_i p_i[g(x+e_i)+c_{Pi}]\}$。

C. 在平均成本准则下，若 $c_I\le(c_L-r_2)P_a^*$，则可以选择最优平稳策略，使其类型获取上限满足 $S_i^*(n+1)+1\ge S_i^*(n)\ge S_i^*(n+1)$。

D. 在贴现准则下，对一件最终用于履约的旧件，将其正检验费用 $c_I>0$ 从检验时刻移至后续履约时刻支付，会保持这笔费用的期望现值不变。","0"
"36","你正在回答一道独立的供应链决策多选题。仅根据本题条件作答。

请根据题目给定的条件，分别简要分析 A、B、C、D 四个选项，再给出最终答案。

每个选项说明其成立或不成立的关键依据，必要时给出简短计算。
分析长度以解释清楚为准，避免重复题干或展开无关背景。
不要引入题目未给出的假设。

按以下结构输出：
A：……
B：……
C：……
D：……

最后输出唯一的答案 JSON：
{""answer"":[""A"",""C""]}

answer 是唯一字段，数组包含 1–3 个不重复的大写选项字母，
仅限 A、B、C、D，按字母顺序排列。
示例选项仅说明格式，不代表本题答案。
分析部分不要输出候选答案 JSON，最终答案后不要输出任何内容。

题目：
**Scenario and Given Conditions**：某制造厂采用备库再制造（Remanufacture-to-Stock, RMTS）模式运营。
- 状态与多阶段网络：系统完整状态以 $(x, y) \in \mathbb{N}_0^{K+1}$ 表示，其中向量 $x = (x_1, \dots, x_K)$ 为各等级未加工可用旧件的库存向量（质量等级标号 $1 \le \dots \le K$，1 为最高等级），$y$ 为已加工完成的标准化成品在库数量。系统不设在制品（WIP）独立状态。
- 成本与速率：需求到达服从速率为 $\lambda > 0$ 的泊松过程。若产成品在库（$y > 0$），需求立即由成品履约（$y \to y - 1$）；若缺货（$y = 0$），产生单位 lost-sale 损失 $c_L$（包含销售收入损失与商誉损失）。旧件持有成本率为 $\sum_{i=1}^K h_i x_i$，产成品持有成本率为 $h_R y$，其中 $h_1 \ge \dots \ge h_K > 0, h_R > 0$。各等级再制造成本满足 $0 \le r_1 \le \dots \le r_K < c_L$。
- 采购与生产流转：
  - 采购服务台单一运行，提前期服从指数分布（均值 $1/\mu_1$），每次采购发生期望费用 $c_A > 0$，质量采购前未知，到货全部接受并以先验概率 $p_i > 0$ 加入等级 $i$ 的库存。
  - 再制造加工服务台单一运行，加工时长服从均值为 $1/\mu_2$ 的指数分布。当启用服务台加工等级 $k$ 旧件时，经加工完成瞬间系统状态发生转移：$(x, y) \to (x - e_k, y + 1)$，并发生再制造成本 $r_k$。未启用加工对应虚拟自转移。
- 准则与充分条件：目标为最小化无限期期望贴现成本，连续时间贴现率为 $\alpha \in (0, 1)$，时间经缩放使得 $\alpha + \lambda + \mu_1 + \mu_2 = 1$。系统参数满足成本条件：
  $$h_q \ge h_R + r_q, \quad \forall q \in \{1, \dots, K\}$$
- 边际采购成本定义为 $D_A(x, y) = c_A + \sum_{i=1}^K p_i v^*(x + e_i, y) - v^*(x, y)$。已知最优平稳策略下，对各类旧件存在状态相依采购上限 $S_i^*(x_{-i}, y)$，采购启动当且仅当 $x_i < S_i^*(x_{-i}, y), \forall i$。

各过程相互独立，$p_i>0$ 且 $\sum_i p_i=1$，所有速率、贴现率、持有成本率采用同一缩放时间单位。允许成本平局，不要求最优动作唯一。再制造启用和选型在状态变化时选择，完成事件才扣除旧件、增加成品并支付 $r_i$。其 Bellman 方程为
$$v^*(x,y)=\mu_1\min\{v^*(x,y),c_A+\sum_i p_i v^*(x+e_i,y)\}+\mu_2\min\{v^*(x,y),\min_{i:x_i>0}[v^*(x-e_i,y+1)+r_i]\}+\lambda T_3v^*(x,y)+\sum_i h_ix_i+h_Ry,$$
其中 $T_3v(x,y)=v(x,y-1)$（$y>0$），$T_3v(x,0)=v(x,0)+c_L$；空内层最小值为 $+\infty$，$e_i$ 是 $K$ 维单位向量。

各次质量抽样与系统状态及过去销售独立；期望成本最小化为唯一目标。相等的动作成本允许并列最优，涉及阈值时选用满足相应结构的最优平稳策略；不声称所有最优策略动作相同。

**Question**：分析上述系统的最优控制或成本比较。这是多选题，请选择所有成立的陈述。

A. 若只增加一件成品、保持旧件库存不变，则 $D_A(x,y+1)<D_A(x,y)$。

B. 完成一件等级 $i$ 旧件加工后，固定其他旧件库存的裸获取上限满足 $S_i^*(x_{-i},y+1)=S_i^*(x_{-i},y)+1$。

C. 有可用旧件时，启用服务台加工其中最高质量旧件，是一个最优再制造动作。

D. 若 $x_k>0$，完成一件等级 $k$ 旧件加工后，有 $D_A(x-e_k,y+1)\le D_A(x,y)$。","0"
"37","你正在回答一道独立的供应链决策多选题。仅根据本题条件作答。

请根据题目给定的条件，分别简要分析 A、B、C、D 四个选项，再给出最终答案。

每个选项说明其成立或不成立的关键依据，必要时给出简短计算。
分析长度以解释清楚为准，避免重复题干或展开无关背景。
不要引入题目未给出的假设。

按以下结构输出：
A：……
B：……
C：……
D：……

最后输出唯一的答案 JSON：
{""answer"":[""A"",""C""]}

answer 是唯一字段，数组包含 1–3 个不重复的大写选项字母，
仅限 A、B、C、D，按字母顺序排列。
示例选项仅说明格式，不代表本题答案。
分析部分不要输出候选答案 JSON，最终答案后不要输出任何内容。

题目：
**Scenario and Given Conditions**：一家制造厂控制备库再制造系统（RMTS）。状态 $(x,y)\in\mathbb N_0^{K+1}$ 中，$x_i$ 为等级 $i$ 的可用旧件数，$y$ 为同质成品数；1 是最高质量。无独立在制品状态、无库存容量上限。单位再制造成本 $0\le r_1\le\cdots\le r_K<c_L$，旧件持有成本率 $h_1\ge\cdots\ge h_K>0$，成品持有成本率 $h_R>0$。售价收入损失与商誉损失并入 lost-sale 费用 $c_L$。

需求为速率 $\lambda>0$ 的泊松过程；若 $y>0$，立即履约并令 $y\to y-1$，否则需求流失并支付 $c_L$。单采购服务台启用后以指数速率 $\mu_1>0$ 完成采购，支付期望费用 $c_A>0$，到货质量揭示为 $i$ 的概率为 $p_i>0$，$\sum_i p_i=1$，相应 $x_i\to x_i+1$；启动前质量不可选择，到货全部接受；质量分布不依赖当前状态及以往销售。单再制造服务台可启用或闲置；启用等级 $i$ 须 $x_i>0$，以指数速率 $\mu_2>0$ 完成并令 $(x,y)\to(x-e_i,y+1)$，在完成时支付 $r_i$。需求、采购、加工独立且无记忆，动作在状态变化时选择；未启用的服务台为虚拟自转移。持有成本连续累积，率为 $\sum_i h_ix_i+h_Ry$，$e_i$ 为单位向量。

比较两种目标：I 为无限期期望贴现成本，连续时间贴现率 $\alpha>0$，缩放时间满足 $\alpha+\lambda+\mu_1+\mu_2=1$，持有成本率同步缩放；II 为长期期望单位时间平均成本，在原物理时间单位下评估。准则 I 的最优成本函数满足
$$v^*(x,y)=\mu_1\min\{v^*(x,y),c_A+\sum_i p_iv^*(x+e_i,y)\}+\mu_2\min\{v^*(x,y),\min_{i:x_i>0}[v^*(x-e_i,y+1)+r_i]\}+\lambda T_3v^*(x,y)+\sum_i h_ix_i+h_Ry,$$
其中 $T_3v(x,y)=v(x,y-1)$（$y>0$），$T_3v(x,0)=v(x,0)+c_L$，空内层最小值为 $+\infty$。推式生产是有可用旧件时不主动闲置服务台，仍须等待指数加工时间。允许并列最优。

准则 II 下的一组待分析参数（原物理时间单位）为 $K=3,\mu_1=1,\mu_2=2,\lambda=2,c_A=5,c_L=30,r=(5,10,15),p=(0.3,0.4,0.3),h=(3,2,1),h_R=4$。状态四元组依次为 $(x_1,x_2,x_3,y)$。

**Question**：分析上述系统的最优控制或成本比较。这是多选题，请选择所有成立的陈述。

A. 对准则 II，$h_q\ge h_R$（所有 $q$）足以保证有可用旧件时可以最优地采用推式生产。

B. 在给定准则 II 数值实例中，状态 $(0,0,3,4)$ 与 $(0,0,4,3)$ 的最优采购决策相同。

C. 对准则 I，将一件旧件的正加工费用从加工完成时刻后置到成品后续售出时刻，保持该笔费用的期望现值不变。

D. 在给定准则 II 数值实例中，状态 $(0,0,3,4)$ 下不采购最优，而状态 $(0,0,4,3)$ 下采购最优。","0"
"38","你正在回答一道独立的供应链决策多选题。仅根据本题条件作答。

请根据题目给定的条件，分别简要分析 A、B、C、D 四个选项，再给出最终答案。

每个选项说明其成立或不成立的关键依据，必要时给出简短计算。
分析长度以解释清楚为准，避免重复题干或展开无关背景。
不要引入题目未给出的假设。

按以下结构输出：
A：……
B：……
C：……
D：……

最后输出唯一的答案 JSON：
{""answer"":[""A"",""C""]}

answer 是唯一字段，数组包含 1–3 个不重复的大写选项字母，
仅限 A、B、C、D，按字母顺序排列。
示例选项仅说明格式，不代表本题答案。
分析部分不要输出候选答案 JSON，最终答案后不要输出任何内容。

题目：
**Scenario and Given Conditions**：制造企业处于有限期运营的最后一期，两种原料连续可分，转化率为 $0<a_1<a_2$。产品不可储存，未满足需求为流失销售，无缺货罚金、终端残值或未来收益。到货后的库存 $y$、需求 $D>0$ 与质量加工产能 $R>0$ 已经观测；采购支出已经发生。产品单价 $p>0$，本期期末原料持有成本 $h_1,h_2>0$。企业选择消耗量 $r$ 最大化
$$p(a_1r_1+a_2r_2)-h_1(y_1-r_1)-h_2(y_2-r_2),$$
约束为 $0\le r_j\le y_j$、$r_1+r_2\le R$、$a_1r_1+a_2r_2\le D$。以下都是同一模型的参数条件，不是实测数据：$y_1,y_2>R$、$h_2>h_1$、$h_1/a_1>h_2/a_2$。比較不同负荷时，固定 $a,p,h,R,y$，只改变已观测的 $D$。本期已观测的状态无剩余随机性。

**Question**：以下哪些关于最优生产与约束的陈述成立？这是多选题，请选择所有由题面给定条件确定成立的陈述。

A. 若 $0<D<a_1R$，最优方案只使用原料 1，且产能约束严格松弛。

B. 若 $a_1R<D<a_2R$，最优方案同时达到需求上限与加工产能上限。

C. 若 $D>a_2R$，最优方案仍只使用原料 1。

D. 若 $D=a_2R$，需求约束虽然可由其他约束蕴含，仍在最优方案处取等。","0"
"39","你正在回答一道独立的供应链决策多选题。仅根据本题条件作答。

请根据题目给定的条件，分别简要分析 A、B、C、D 四个选项，再给出最终答案。

每个选项说明其成立或不成立的关键依据，必要时给出简短计算。
分析长度以解释清楚为准，避免重复题干或展开无关背景。
不要引入题目未给出的假设。

按以下结构输出：
A：……
B：……
C：……
D：……

最后输出唯一的答案 JSON：
{""answer"":[""A"",""C""]}

answer 是唯一字段，数组包含 1–3 个不重复的大写选项字母，
仅限 A、B、C、D，按字母顺序排列。
示例选项仅说明格式，不代表本题答案。
分析部分不要输出候选答案 JSON，最终答案后不要输出任何内容。

题目：
**Scenario and Given Conditions**：制造企业在有限期运营的最后一期开始前订购两种连续可分原料，转化率 $0<a_1<a_2$。到货前库存为 $(x_1,0)$，其中 $0<x_1<D/a_1$。本期需求 $D>0$ 和加工产能 $R>D/a_1$ 是确定的，订货时已知。产品不可储存，未满足需求为流失销售，无缺货罚金、终端残值或后续生产期。产品单价 $p>0$，持有成本 $h_1,h_2>0$，采购单价 $c_1,c_2>0$，满足
$$h_1/a_1>h_2/a_2,\qquad c_1>a_1p,\qquad 0<c_2<a_2p.$$
名义订单为 $o\ge0$。原料 1 供应无限，原料 2 可用量 $q_2$ 在订货后实现：以概率 $\pi\in(0,1)$ 等于 $Q>D/a_2$，以概率 $1-\pi$ 等于 0。实际交付分别为 $o_1$ 和 $\min(o_2,q_2)$，只对实际交付支付采购费，未交付部分不结转。到货后企业选择生产消耗 $r$，约束为 $0\le r\le (x_1+o_1,\min(o_2,q_2))$、$r_1+r_2\le R$、$a_1r_1+a_2r_2\le D$。企业最大化期望销售收入减实际采购费与期末原料持有成本；订单在 $q_2$ 实现前决定，生产在实现后决定。参数比较保持其他条件不变。

**Question**：以下哪些关于最优订货与随机交付的陈述成立？这是多选题，请选择所有由题面给定条件确定成立的陈述。

A. 增加 $x_1$ 且仍满足 $0<x_1<D/a_1$ 时，最优原料 2 名义订货量以斜率 $-a_1/a_2$ 下降。

B. 降低成功供货概率 $\pi$ 后，最优原料 2 名义订货量应按 $1/\pi$ 比例放大。

C. 最优原料 2 订单的期望实际交付量为 $\pi(D-a_1x_1)/a_2$。

D. 原料 1 的最优名义订货量严格为正。","0"
"40","你正在回答一道独立的供应链决策多选题。仅根据本题条件作答。

请根据题目给定的条件，分别简要分析 A、B、C、D 四个选项，再给出最终答案。

每个选项说明其成立或不成立的关键依据，必要时给出简短计算。
分析长度以解释清楚为准，避免重复题干或展开无关背景。
不要引入题目未给出的假设。

按以下结构输出：
A：……
B：……
C：……
D：……

最后输出唯一的答案 JSON：
{""answer"":[""A"",""C""]}

answer 是唯一字段，数组包含 1–3 个不重复的大写选项字母，
仅限 A、B、C、D，按字母顺序排列。
示例选项仅说明格式，不代表本题答案。
分析部分不要输出候选答案 JSON，最终答案后不要输出任何内容。

题目：
**Scenario and Given Conditions**：制造企业在有限期运营的最后一期开始前为两种连续可分原料决定名义目标库存 $z\ge x$，订单为 $z-x$。转化率 $0<a_1<a_2$，产品单价 $p>0$，持有成本 $h_1,h_2>0$、采购单价 $c_1,c_2>0$ 满足 $h_1/a_1>h_2/a_2$、$c_1>a_1p$、$0<c_2<a_2p$。需求 $D>0$ 和加工产能 $R>D/a_1$ 是确定的。到货前库存为 $x=(x_1,0)$，$0<x_1<D/a_1$。原料 1 本期供应可用量恒为 0，原料 2 可用量 $q_2$ 在订货后以概率 $\pi\in(0,1)$ 等于 $Q>D/a_2$，否则等于 0。仅实际交付支付费用，未交付部分不结转。产品不可储存，无缺货罚金、终端残值或未来收益。

生产在到货后决定，最大化销售收入减持有成本，消耗约束为 $0\le r\le v$、$r_1+r_2\le R$、$a_1r_1+a_2r_2\le D$。为表达同一利润目标，定义
$$J(w)=(a_1p+h_1)w_1+(a_2p+h_2)w_2,$$
$$U(v)=\min\{J(w):0\le w\le v,\ a_1w_1+a_2w_2\ge a_1v_1+a_2v_2-D,\ w_1+w_2\ge v_1+v_2-R\},$$
$$\bar G(v)=(c_1-a_1p)v_1+(c_2-a_2p)v_2+U(v),$$
$$G(z,x)=\mathbb E\bar G\big(\min(z_1,x_1),\min(z_2,q_2)\big).$$
企业实际订货问题为 $\min_{z\ge x}G(z,x)$。这里所有最小值均按坐标取值；在比较“取消下界”时，仅把定义域改为 $z\in\mathbb R_+^2$，$G$ 的公式保持不变。若目标库存有多解，涉及原料 2 目标时取其最小最优坐标。

**Question**：以下哪些关于随机截断与订货优化的陈述成立？这是多选题，请选择所有由题面给定条件确定成立的陈述。

A. 即使 $\bar G$ 是凸函数，本题 $G(\cdot,x)$ 仍不是凸函数。

B. 本题取消下界 $z\ge x$ 后，所得最小值与实际订货问题的最小值相同。

C. 在实际订货问题中，原料 2 的最小最优目标库存是 $(D-a_1x_1)/a_2$。

D. 在实际订货问题中，改变 $x_1$ 且保留题面参数域时，原料 2 的最小最优目标库存不变。","0"
"41","你正在回答一道独立的供应链决策多选题。仅根据本题条件作答。

请根据题目给定的条件，分别简要分析 A、B、C、D 四个选项，再给出最终答案。

每个选项说明其成立或不成立的关键依据，必要时给出简短计算。
分析长度以解释清楚为准，避免重复题干或展开无关背景。
不要引入题目未给出的假设。

按以下结构输出：
A：……
B：……
C：……
D：……

最后输出唯一的答案 JSON：
{""answer"":[""A"",""C""]}

answer 是唯一字段，数组包含 1–3 个不重复的大写选项字母，
仅限 A、B、C、D，按字母顺序排列。
示例选项仅说明格式，不代表本题答案。
分析部分不要输出候选答案 JSON，最终答案后不要输出任何内容。

题目：
**Scenario and Given Conditions**：制造企业处于有限期运营的最后一期。两种原料连续可分，转化率 $0<a_1<a_2$，产品单价 $p>0$，期末持有成本 $h_1,h_2>0$。到货后的库存 $y$、需求 $D>0$ 与质量加工产能 $R>0$ 已经观测，且 $a_1R<D<a_2R$。产品不可储存，未满足需求流失，无缺货罚金、终端残值或未来收益；采购费用已发生。企业选择 $r$ 最大化
$$p(a_1r_1+a_2r_2)-h_1(y_1-r_1)-h_2(y_2-r_2),$$
满足 $0\le r_j\le y_j$、$r_1+r_2\le R$、$a_1r_1+a_2r_2\le D$。

分析人员观测到一个最优方案 $r^*$，满足 $0<r_j^*<y_j$（两原料都有正消耗和正剩余库存）、$r_1^*+r_2^*=R$、$a_1r_1^*+a_2r_2^*=D$。不假定该最优方案唯一。剩余库存为 $w^*=y-r^*$；在无任何约束的非负剩余库存问题中，$\bar w$ 定义为最小化 $J(w)=(a_1p+h_1)w_1+(a_2p+h_2)w_2$ 的点。本期状态已知，无剩余随机性。

**Question**：以下哪些推断由该观测和模型确定成立？这是多选题，请选择所有由题面给定条件确定成立的陈述。

A. 保持其他条件不变，增加 $y_2$ 后最优产成品总产出将严格增加。

B. 持有成本必须满足 $h_1/a_1\ge h_2/a_2$。

C. 单位原料 2 的销售收入加节省的持有成本必须至少等于原料 1，即 $a_2p+h_2\ge a_1p+h_1$。

D. 观测到两个约束同时取等，就可以判定 $w^*=\bar w$。","0"
"42","你正在回答一道独立的供应链决策多选题。仅根据本题条件作答。

请根据题目给定的条件，分别简要分析 A、B、C、D 四个选项，再给出最终答案。

每个选项说明其成立或不成立的关键依据，必要时给出简短计算。
分析长度以解释清楚为准，避免重复题干或展开无关背景。
不要引入题目未给出的假设。

按以下结构输出：
A：……
B：……
C：……
D：……

最后输出唯一的答案 JSON：
{""answer"":[""A"",""C""]}

answer 是唯一字段，数组包含 1–3 个不重复的大写选项字母，
仅限 A、B、C、D，按字母顺序排列。
示例选项仅说明格式，不代表本题答案。
分析部分不要输出候选答案 JSON，最终答案后不要输出任何内容。

题目：
### Scenario and Given Conditions
考虑一个两周期（$n \in \{0, 1\}$）易损品（perishable goods）库存决策问题。零售商在每期期初确定订货/库存水平 $\tau_n \ge 0$。产品在当期销售，无期初结转库存，未售出的余货在当期期末报废且无残值（残值与单位持有成本归一化，使得单位超储成本 $h = 1$）；未满足的需求直接丢失，且零售商无法直接观测到超出库存部分的未满足需求；单位缺货惩罚成本为 $p = \gamma / (1 - \gamma)$，其中成本参数 $\gamma \in (0, 1)$。未来成本折现因子为 $\lambda \in (0, 1)$。单期成本函数为：
$$g(\tau, x) = (\tau - x)^+ + \frac{\gamma}{1-\gamma} (x - \tau)^+$$

市场的真实需求强度参数 $\theta \in \Theta$ 未知。给定 $\theta$ 时，各期需求 $X_n$ 条件独立同分布，具有非负连续密度函数 $f_\theta(x)$ 及累积分布函数 $F_\theta(x)$。零售商拥有关于 $\theta$ 的初始先验概率密度 $\rho_0(\theta)$，满足先验期望需求有限。首期预测密度与预测分布函数分别为 $\psi_0(x) = \int f_\theta(x) \rho_0(\theta) d\theta$ 及 $\Psi_0(x) = \int F_\theta(x) \rho_0(\theta) d\theta$。

在第 0 期设定库存 $\tau_0$ 后，零售商观测到销售量 $Y_0 = \min(X_0, \tau_0)$ 以及截断指示变量 $\delta_0 = \mathbf{1}[X_0 < \tau_0]$：
- 若 $X_0 = y < \tau_0$（精确观测），则后验概率密度更新为 $\rho_y^o(\theta) = \frac{f_\theta(y)\rho_0(\theta)}{\psi_0(y)}$；
- 若 $X_0 \ge \tau_0$（右截断），则后验概率密度更新为 $\rho_{\tau_0}^c(\theta) = \frac{[1 - F_\theta(\tau_0)]\rho_0(\theta)}{1 - \Psi_0(\tau_0)}$。

在第 1 期（终期），零售商根据更新后的后验 $\rho$ 选取最优库存 $\tau_1^*(\rho)$ 以最小化当期期望成本 $G(\tau; \rho) = \iint g(\tau, x) f_\theta(x) \rho(\theta) dx d\theta$，对应价值函数为 $V_1(\rho) = G(\tau_1^*(\rho); \rho)$。第 0 期零售商的动态优化目标为：
$$\min_{t \ge 0} \{ G(t; \rho_0) + \lambda \phi(t) \}, \quad \text{其中 } \phi(t) = \int_0^t V_1(\rho_x^o) \psi_0(x) dx + [1 - \Psi_0(t)] V_1(\rho_t^c)$$
记近视库存水平为 $\tau_0^M = \Psi_0^{-1}(\gamma)$。第 1 期在后验 $\rho_t^o$ 与 $\rho_t^c$ 下的最优库存分别记为 $a_o(t) = \tau_1^*(\rho_t^o)$ 和 $a_c(t) = \tau_1^*(\rho_t^c)$。


另假设先验在某非退化参数区间具有正密度，正需求处的条件密度在该区间为正。相关后验预测分位数唯一，讨论点的预测密度和更新分母均正，积分和求导可交换。首期选择全局最优解，平局取最小者；讨论正规内部最优点。没有题示成本之外的采购支付或收入。


### Question
请判断上述模型及明确指定比较体制下的库存和学习结论。

这是多选题，请选择所有由题面给定条件确定成立的陈述。

A. 在正规首期最优点 $t=\tau_0^*$，$\phi\prime(t)=\psi_0(t)\{G(a_o(t);\rho_t^o)-G(a_c(t);\rho_t^o)\}$。

B. 在正规首期最优点 $t=\tau_0^*$，$\phi\prime(t)=\psi_0(t)\{G(a_o(t);\rho_t^o)-G(a_c(t);\rho_t^c)\}$。

C. 若期末总能精确记录真实需求 $X_0$，首期动态最优库存等于 $\Psi_0^{-1}(\gamma)$。

D. 常规截断体制下，首期动态最优库存的预测不缺货概率不低于 $\gamma$。","0"
"43","你正在回答一道独立的供应链决策多选题。仅根据本题条件作答。

请根据题目给定的条件，分别简要分析 A、B、C、D 四个选项，再给出最终答案。

每个选项说明其成立或不成立的关键依据，必要时给出简短计算。
分析长度以解释清楚为准，避免重复题干或展开无关背景。
不要引入题目未给出的假设。

按以下结构输出：
A：……
B：……
C：……
D：……

最后输出唯一的答案 JSON：
{""answer"":[""A"",""C""]}

answer 是唯一字段，数组包含 1–3 个不重复的大写选项字母，
仅限 A、B、C、D，按字母顺序排列。
示例选项仅说明格式，不代表本题答案。
分析部分不要输出候选答案 JSON，最终答案后不要输出任何内容。

题目：
### Scenario and Given Conditions
风险中性零售商销售易损品，共 $N$ 期，$n=0,\ldots,N-1$。每期期初根据历史销售观测选择库存 $\tau_n\ge0$；余货期末报废，无结转和残值，未满足需求丢失。除下列成本外无采购支付或收入：
$$g(\tau,x)=(\tau-x)^++\frac{\gamma}{1-\gamma}(x-\tau)^+,\qquad\gamma\in(0,1),\lambda\in(0,1).$$
共同未知参数 $\theta>0$ 给定后，各期需求条件 iid，$F_\theta(x)=1-e^{-\theta x^k}$，$f_\theta(x)=\theta kx^{k-1}e^{-\theta x^k}$，$x\ge0,k>0$。初始先验为 Gamma(shape $\alpha_0$, rate $\beta_0$)，密度为 $\beta_0^{\alpha_0}\theta^{\alpha_0-1}e^{-\beta_0\theta}/\Gamma(\alpha_0)$，$\alpha_0,\beta_0>0,\alpha_0k>1$。
常规体制只观测 $Y_n=\min(X_n,\tau_n)$ 和 $\delta_n=\mathbf1[X_n<\tau_n]$。当前后验 $\rho_n=\mathrm{Gamma}(\alpha_n,\beta_n)$ 更新为 $\alpha_{n+1}=\alpha_n+\delta_n,\beta_{n+1}=\beta_n+Y_n^k$。连续需求的等号事件概率为零。预测 CDF 为
$$\Psi(x\mid\alpha,\beta)=1-\left(\frac{\beta}{\beta+x^k}\right)^\alpha.$$
目标为最小化先验和需求下的期望 $E[\sum_{n=0}^{N-1}\lambda^ng(\tau_n,X_n)]$。令 $G(\tau;\rho)=E_\rho E_\theta g(\tau,X)$，$\Phi(X,\tau,\rho)$ 为上述更新。动态最优库存由
$$V_n(\rho)=\min_{\tau\ge0}\{G(\tau;\rho)+\lambda E[V_{n+1}(\Phi(X,\tau,\rho))]\},\quad V_N=0$$
的全局最小值确定；近视库存只最小化 $G$：
$$\tau^M(\alpha,\beta)=\{\beta[(1-\gamma)^{-1/\alpha}-1]\}^{1/k}.$$
各策略用自身观测更新后验；记 $B_n^\lambda(\alpha,\beta)=\tau_n^*(\alpha,\beta)-\tau^M(\alpha,\beta)$。
本题 $N\ge2$。折现比较固定期次、后验、$N,k,\gamma$。

### Question
请判断上述模型及明确指定比较体制下的库存和学习结论。

这是多选题，请选择所有由题面给定条件确定成立的陈述。

A. 发生库存为 $t>0$ 的截断观测时，参数后验相对于观测前的密度按 $e^{-\theta t^k}$ 重新加权。

B. 最后一期动态最优库存的预测不缺货概率等于 $\gamma$。

C. 发生库存为 $t>0$ 的截断观测后，下一期近视库存与用观测前后验计算的近视库存相同。

D. $B_n^\lambda$ 关于 $\lambda$ 连续非减，且 $\lambda\downarrow0$ 时趋于零。","0"
"44","你正在回答一道独立的供应链决策多选题。仅根据本题条件作答。

请根据题目给定的条件，分别简要分析 A、B、C、D 四个选项，再给出最终答案。

每个选项说明其成立或不成立的关键依据，必要时给出简短计算。
分析长度以解释清楚为准，避免重复题干或展开无关背景。
不要引入题目未给出的假设。

按以下结构输出：
A：……
B：……
C：……
D：……

最后输出唯一的答案 JSON：
{""answer"":[""A"",""C""]}

answer 是唯一字段，数组包含 1–3 个不重复的大写选项字母，
仅限 A、B、C、D，按字母顺序排列。
示例选项仅说明格式，不代表本题答案。
分析部分不要输出候选答案 JSON，最终答案后不要输出任何内容。

题目：
### Scenario and Given Conditions
风险中性零售商销售易损品，共 $N$ 期，$n=0,\ldots,N-1$。每期期初根据历史销售观测选择库存 $\tau_n\ge0$；余货期末报废，无结转和残值，未满足需求丢失。除下列成本外无采购支付或收入：
$$g(\tau,x)=(\tau-x)^++\frac{\gamma}{1-\gamma}(x-\tau)^+,\qquad\gamma\in(0,1),\lambda\in(0,1).$$
共同未知参数 $\theta>0$ 给定后，各期需求条件 iid，$F_\theta(x)=1-e^{-\theta x^k}$，$f_\theta(x)=\theta kx^{k-1}e^{-\theta x^k}$，$x\ge0,k>0$。初始先验为 Gamma(shape $\alpha_0$, rate $\beta_0$)，密度为 $\beta_0^{\alpha_0}\theta^{\alpha_0-1}e^{-\beta_0\theta}/\Gamma(\alpha_0)$，$\alpha_0,\beta_0>0,\alpha_0k>1$。
常规体制只观测 $Y_n=\min(X_n,\tau_n)$ 和 $\delta_n=\mathbf1[X_n<\tau_n]$。当前后验 $\rho_n=\mathrm{Gamma}(\alpha_n,\beta_n)$ 更新为 $\alpha_{n+1}=\alpha_n+\delta_n,\beta_{n+1}=\beta_n+Y_n^k$。连续需求的等号事件概率为零。预测 CDF 为
$$\Psi(x\mid\alpha,\beta)=1-\left(\frac{\beta}{\beta+x^k}\right)^\alpha.$$
目标为最小化先验和需求下的期望 $E[\sum_{n=0}^{N-1}\lambda^ng(\tau_n,X_n)]$。令 $G(\tau;\rho)=E_\rho E_\theta g(\tau,X)$，$\Phi(X,\tau,\rho)$ 为上述更新。动态最优库存由
$$V_n(\rho)=\min_{\tau\ge0}\{G(\tau;\rho)+\lambda E[V_{n+1}(\Phi(X,\tau,\rho))]\},\quad V_N=0$$
的全局最小值确定；近视库存只最小化 $G$：
$$\tau^M(\alpha,\beta)=\{\beta[(1-\gamma)^{-1/\alpha}-1]\}^{1/k}.$$
各策略用自身观测更新后验；记 $B_n^\lambda(\alpha,\beta)=\tau_n^*(\alpha,\beta)-\tau^M(\alpha,\beta)$。
本题 $N\ge1$，初始参数记为 $\alpha,\beta$。近视与动态最优策略的期望总折现成本为 $V_0^M$、$V_0$。定义 $OG=V_0^M-V_0$、$MOG=OG/V_0$，$V_0>0$，未知参数变异系数 $CV_\theta=1/\sqrt\alpha$。比较 $\beta'=s\beta$ 时固定 $\alpha,N,k,\gamma,\lambda$，$s>0$。

### Question
请判断上述模型及明确指定比较体制下的库存和学习结论。

这是多选题，请选择所有由题面给定条件确定成立的陈述。

A. $OG(\alpha,s\beta)=s^{1/k}OG(\alpha,\beta)$。

B. $MOG(\alpha,s\beta)=MOG(\alpha,\beta)$。

C. 将 $\beta$ 放大而固定 $\alpha$，属于保持先验预测需求均值不变的风险扩张。

D. 当 $N=1$ 时，$MOG=0$。","0"
"45","你正在回答一道独立的供应链决策多选题。仅根据本题条件作答。

请根据题目给定的条件，分别简要分析 A、B、C、D 四个选项，再给出最终答案。

每个选项说明其成立或不成立的关键依据，必要时给出简短计算。
分析长度以解释清楚为准，避免重复题干或展开无关背景。
不要引入题目未给出的假设。

按以下结构输出：
A：……
B：……
C：……
D：……

最后输出唯一的答案 JSON：
{""answer"":[""A"",""C""]}

answer 是唯一字段，数组包含 1–3 个不重复的大写选项字母，
仅限 A、B、C、D，按字母顺序排列。
示例选项仅说明格式，不代表本题答案。
分析部分不要输出候选答案 JSON，最终答案后不要输出任何内容。

题目：
### Scenario and Given Conditions
风险中性零售商销售易损品，共 $N$ 期，$n=0,\ldots,N-1$。每期期初根据历史销售观测选择库存 $\tau_n\ge0$；余货期末报废，无结转和残值，未满足需求丢失。除下列成本外无采购支付或收入：
$$g(\tau,x)=(\tau-x)^++\frac{\gamma}{1-\gamma}(x-\tau)^+,\qquad\gamma\in(0,1),\lambda\in(0,1).$$
共同未知参数 $\theta>0$ 给定后，各期需求条件 iid，$F_\theta(x)=1-e^{-\theta x^k}$，$f_\theta(x)=\theta kx^{k-1}e^{-\theta x^k}$，$x\ge0,k>0$。初始先验为 Gamma(shape $\alpha_0$, rate $\beta_0$)，密度为 $\beta_0^{\alpha_0}\theta^{\alpha_0-1}e^{-\beta_0\theta}/\Gamma(\alpha_0)$，$\alpha_0,\beta_0>0,\alpha_0k>1$。
常规体制只观测 $Y_n=\min(X_n,\tau_n)$ 和 $\delta_n=\mathbf1[X_n<\tau_n]$。当前后验 $\rho_n=\mathrm{Gamma}(\alpha_n,\beta_n)$ 更新为 $\alpha_{n+1}=\alpha_n+\delta_n,\beta_{n+1}=\beta_n+Y_n^k$。连续需求的等号事件概率为零。预测 CDF 为
$$\Psi(x\mid\alpha,\beta)=1-\left(\frac{\beta}{\beta+x^k}\right)^\alpha.$$
目标为最小化先验和需求下的期望 $E[\sum_{n=0}^{N-1}\lambda^ng(\tau_n,X_n)]$。令 $G(\tau;\rho)=E_\rho E_\theta g(\tau,X)$，$\Phi(X,\tau,\rho)$ 为上述更新。动态最优库存由
$$V_n(\rho)=\min_{\tau\ge0}\{G(\tau;\rho)+\lambda E[V_{n+1}(\Phi(X,\tau,\rho))]\},\quad V_N=0$$
的全局最小值确定；近视库存只最小化 $G$：
$$\tau^M(\alpha,\beta)=\{\beta[(1-\gamma)^{-1/\alpha}-1]\}^{1/k}.$$
各策略用自身观测更新后验；记 $B_n^\lambda(\alpha,\beta)=\tau_n^*(\alpha,\beta)-\tau^M(\alpha,\beta)$。
本题限定 $k=1,N\ge2$，当前后验为 Gamma$(\alpha,\beta)$，$\alpha>2$。令 $m(\theta)=1/\theta$，$\mu=E_\rho m(\theta)$、$\upsilon=\mathrm{Var}_\rho m(\theta)$；预测需求方差记为 $\mathrm{Var}(X\mid\rho)$。
另比较当前后验 $(\alpha,\beta_\alpha)$，其中 $\beta_\alpha=\bar\mu(\alpha-1)$、$\bar\mu>0$ 固定，同时固定 $N,n,\lambda,\gamma$。探索增量比值只讨论固定非终期 $n\le N-2$ 及 $\alpha\to\infty$，不讨论有限参数的精确近似值。

### Question
请判断上述模型及明确指定比较体制下的库存和学习结论。

这是多选题，请选择所有由题面给定条件确定成立的陈述。

A. $\upsilon=\mathrm{Var}(X\mid\rho)$。

B. $\upsilon/\mu=\beta/[(\alpha-1)(\alpha-2)]$。

C. 固定非终期时，$\displaystyle\lim_{\alpha\to\infty}\frac{B_n^\lambda(2\alpha,\bar\mu(2\alpha-1))}{B_n^\lambda(\alpha,\bar\mu(\alpha-1))}=\frac12$。

D. 最后一期，无论当前 $\upsilon/\mu$ 的正值大小，探索增量均为零。","0"
"46","你正在回答一道独立的供应链决策多选题。仅根据本题条件作答。

请根据题目给定的条件，分别简要分析 A、B、C、D 四个选项，再给出最终答案。

每个选项说明其成立或不成立的关键依据，必要时给出简短计算。
分析长度以解释清楚为准，避免重复题干或展开无关背景。
不要引入题目未给出的假设。

按以下结构输出：
A：……
B：……
C：……
D：……

最后输出唯一的答案 JSON：
{""answer"":[""A"",""C""]}

answer 是唯一字段，数组包含 1–3 个不重复的大写选项字母，
仅限 A、B、C、D，按字母顺序排列。
示例选项仅说明格式，不代表本题答案。
分析部分不要输出候选答案 JSON，最终答案后不要输出任何内容。

题目：
### Scenario and Given Conditions
风险中性零售商销售易损品，共 $N$ 期，$n=0,\ldots,N-1$。每期期初根据历史销售观测选择库存 $\tau_n\ge0$；余货期末报废，无结转和残值，未满足需求丢失。除下列成本外无采购支付或收入：
$$g(\tau,x)=(\tau-x)^++\frac{\gamma}{1-\gamma}(x-\tau)^+,\qquad\gamma\in(0,1),\lambda\in(0,1).$$
共同未知参数 $\theta>0$ 给定后，各期需求条件 iid，$F_\theta(x)=1-e^{-\theta x^k}$，$f_\theta(x)=\theta kx^{k-1}e^{-\theta x^k}$，$x\ge0,k>0$。初始先验为 Gamma(shape $\alpha_0$, rate $\beta_0$)，密度为 $\beta_0^{\alpha_0}\theta^{\alpha_0-1}e^{-\beta_0\theta}/\Gamma(\alpha_0)$，$\alpha_0,\beta_0>0,\alpha_0k>1$。
常规体制只观测 $Y_n=\min(X_n,\tau_n)$ 和 $\delta_n=\mathbf1[X_n<\tau_n]$。当前后验 $\rho_n=\mathrm{Gamma}(\alpha_n,\beta_n)$ 更新为 $\alpha_{n+1}=\alpha_n+\delta_n,\beta_{n+1}=\beta_n+Y_n^k$。连续需求的等号事件概率为零。预测 CDF 为
$$\Psi(x\mid\alpha,\beta)=1-\left(\frac{\beta}{\beta+x^k}\right)^\alpha.$$
目标为最小化先验和需求下的期望 $E[\sum_{n=0}^{N-1}\lambda^ng(\tau_n,X_n)]$。令 $G(\tau;\rho)=E_\rho E_\theta g(\tau,X)$，$\Phi(X,\tau,\rho)$ 为上述更新。动态最优库存由
$$V_n(\rho)=\min_{\tau\ge0}\{G(\tau;\rho)+\lambda E[V_{n+1}(\Phi(X,\tau,\rho))]\},\quad V_N=0$$
的全局最小值确定；近视库存只最小化 $G$：
$$\tau^M(\alpha,\beta)=\{\beta[(1-\gamma)^{-1/\alpha}-1]\}^{1/k}.$$
各策略用自身观测更新后验；记 $B_n^\lambda(\alpha,\beta)=\tau_n^*(\alpha,\beta)-\tau^M(\alpha,\beta)$。
本题 $N\ge2$。企业还考虑完全观测体制：未满足需求仍丢失，但期末精确记录真实需求 $X_n$，据完整似然更新同一个未知 $\theta$ 的后验；产品和成本不变。成本参数比较固定当前后验、期次与其他参数。

### Question
请判断上述模型及明确指定比较体制下的库存和学习结论。

这是多选题，请选择所有由题面给定条件确定成立的陈述。

A. 完全观测体制下，各期动态最优库存均等于该期后验的近视库存。

B. 完全观测体制下，观察首期真实需求 $y>0$ 后，后验仍为初始 Gamma$(\alpha_0,\beta_0)$。

C. 常规截断体制下，提高 $\gamma$ 会提高按近视库存订货时精确观测需求的预测概率。

D. 常规截断体制下，固定后验和其他参数，$\lambda\downarrow0$ 时动态最优库存趋于近视库存。","0"
"47","你正在回答一道独立的供应链决策多选题。仅根据本题条件作答。

请根据题目给定的条件，分别简要分析 A、B、C、D 四个选项，再给出最终答案。

每个选项说明其成立或不成立的关键依据，必要时给出简短计算。
分析长度以解释清楚为准，避免重复题干或展开无关背景。
不要引入题目未给出的假设。

按以下结构输出：
A：……
B：……
C：……
D：……

最后输出唯一的答案 JSON：
{""answer"":[""A"",""C""]}

answer 是唯一字段，数组包含 1–3 个不重复的大写选项字母，
仅限 A、B、C、D，按字母顺序排列。
示例选项仅说明格式，不代表本题答案。
分析部分不要输出候选答案 JSON，最终答案后不要输出任何内容。

题目：
Scenario and Given Conditions：

某供应商采用不可撤销保单 $(p,\delta)$：签约后不得撤回赔付承诺，监控所得信息可证实并共享，信息类不能直接作为状态依赖合同条款。

供应商向一个非策略买方赊销一件商品，付款成功收到 $r>0$，违约收到 $0$；也可不向该买方发货，将商品以确定收入 $r_0$ 外销。风险中性、无融资约束的保险人提供贸易信用保险。供应商最大化扣除保费与融资成本的期望收益，保险人最大化保费减努力、退款及赔付成本的期望收益，接受合同须期望利润非负。供应商可不投保。

有监控时观察类别 $i=1,2,3$ 的概率为 $\theta_i>0$，$\sum_i\theta_i=1$，违约概率 $0\le\beta_1<\beta_2<\beta_3\le1$；没有监控则仅知 $\bar\beta=\sum_i\theta_i\beta_i$。给定类别，付款是上述二点随机支付，风险外生。这里的后验分布已经包含监控失败的影响。假定 $(1-\beta_3)r<r_0<(1-\bar\beta)r$。融资成本为 $L(x)=l(T-x)^+$，$l>0$，$0\le T<2r_0-r$，$x$ 是扣除保费、加入退款或赔付后的结算现金流。相关合同 $0\le p\le r-r_0$、$0\le\delta\le r$；可撤销合同时另有 $0\le f\le p$。监控成本 $0<c\le\phi$，$\phi=\sum_i\theta_i[r_0-(1-\beta_i)r]^+$。

供应商提约，保险人接受并收保费 $p$，再选择是否付出不可验证的监控努力。信息出现后，保险人若有撤销权则在发货前选择维持 $N$ 或撤销 $C$；供应商随后决定发货或外销；最后买方付款或违约并清算。维持承保且发货违约时赔付 $r-\delta$，撤销则支付退款 $f$ 并免除理赔。

对于供应商已知的违约率 $b$，维持时发货收益为 $r-p-b[\delta+L(r-\delta-p)]$，外销为 $r_0-p$；撤销时发货收益为 $(1-b)r-p+f-bL(f-p)$，外销为 $r_0-p+f$。供应商收益相等时发货。保险人比较维持时的实际预期理赔和撤销退款，成本相等时维持；努力成本相等时选择努力。供应商在可接受合同中选最优合同。集中基准由无融资约束的决策者控制努力和发货，收益为 $\Pi^{FB}=(1-\bar\beta)r+(\phi-c)^+$；Full Value 指供应商期望收益等于该基准。

本题参数为 $r=100,r_0=70,l=1,T=5$，$(\theta_1,\theta_2,\theta_3)=(0.5,0.3,0.2)$，$(\beta_1,\beta_2,\beta_3)=(0.10,0.40,0.60)$，因此 $\bar\beta=0.29,\phi=9$。定义 $D=\delta+L(r-\delta-p)$，$B=(r-r_0)/D$，$D=0$ 时 $B=+\infty$。以下改变 $T$ 或合同的比较均保持其余参数不变。

Question：以下哪些陈述成立？
这是多选题，请选择所有由题面给定条件确定成立的陈述。

A. 若合同使 $B\ge\beta_3$，正成本监控不能通过减少该合同的期望理赔而获得补偿。

B. 保持发货状态集合不变时，提高免赔额会增加保险人通过监控避免停发状态理赔的收益。

C. 将 $T$ 降至 $0$ 后，最优不可撤销合同仍不能保证取得 Full Value。

D. 对于满足“仅在状态 $1$ 发货”的合同，状态 $1$ 违约后的现金流必定至少为 $T$。","0"
"48","你正在回答一道独立的供应链决策多选题。仅根据本题条件作答。

请根据题目给定的条件，分别简要分析 A、B、C、D 四个选项，再给出最终答案。

每个选项说明其成立或不成立的关键依据，必要时给出简短计算。
分析长度以解释清楚为准，避免重复题干或展开无关背景。
不要引入题目未给出的假设。

按以下结构输出：
A：……
B：……
C：……
D：……

最后输出唯一的答案 JSON：
{""answer"":[""A"",""C""]}

answer 是唯一字段，数组包含 1–3 个不重复的大写选项字母，
仅限 A、B、C、D，按字母顺序排列。
示例选项仅说明格式，不代表本题答案。
分析部分不要输出候选答案 JSON，最终答案后不要输出任何内容。

题目：
Scenario and Given Conditions：

供应商选择可撤销保单，监控信息可证实并共享，但不能直接作为状态依赖合同条款。

供应商向一个非策略买方赊销一件商品，付款成功收到 $r>0$，违约收到 $0$；也可不向该买方发货，将商品以确定收入 $r_0$ 外销。风险中性、无融资约束的保险人提供贸易信用保险。供应商最大化扣除保费与融资成本的期望收益，保险人最大化保费减努力、退款及赔付成本的期望收益，接受合同须期望利润非负。供应商可不投保。

有监控时观察类别 $i=1,2,3$ 的概率为 $\theta_i>0$，$\sum_i\theta_i=1$，违约概率 $0\le\beta_1<\beta_2<\beta_3\le1$；没有监控则仅知 $\bar\beta=\sum_i\theta_i\beta_i$。给定类别，付款是上述二点随机支付，风险外生。这里的后验分布已经包含监控失败的影响。假定 $(1-\beta_3)r<r_0<(1-\bar\beta)r$。融资成本为 $L(x)=l(T-x)^+$，$l>0$，$0\le T<2r_0-r$，$x$ 是扣除保费、加入退款或赔付后的结算现金流。相关合同 $0\le p\le r-r_0$、$0\le\delta\le r$；可撤销合同时另有 $0\le f\le p$。监控成本 $0<c\le\phi$，$\phi=\sum_i\theta_i[r_0-(1-\beta_i)r]^+$。

供应商提约，保险人接受并收保费 $p$，再选择是否付出不可验证的监控努力。信息出现后，保险人若有撤销权则在发货前选择维持 $N$ 或撤销 $C$；供应商随后决定发货或外销；最后买方付款或违约并清算。维持承保且发货违约时赔付 $r-\delta$，撤销则支付退款 $f$ 并免除理赔。

对于供应商已知的违约率 $b$，维持时发货收益为 $r-p-b[\delta+L(r-\delta-p)]$，外销为 $r_0-p$；撤销时发货收益为 $(1-b)r-p+f-bL(f-p)$，外销为 $r_0-p+f$。供应商收益相等时发货。保险人比较维持时的实际预期理赔和撤销退款，成本相等时维持；努力成本相等时选择努力。供应商在可接受合同中选最优合同。集中基准由无融资约束的决策者控制努力和发货，收益为 $\Pi^{FB}=(1-\bar\beta)r+(\phi-c)^+$；Full Value 指供应商期望收益等于该基准。

本题进一步取 $r_0>(1-\beta_2)r$，已付出监控努力，候选合同为 $\delta=0$、$p=f=c/\theta_1+\beta_1r$。若比较另一退款额度，保持 $p,\delta$ 及已获得的信息不变，只在 $[0,p]$ 内改变 $f$；不重新求解努力阶段。

Question：以下哪些陈述成立？
这是多选题，请选择所有由题面给定条件确定成立的陈述。

A. 在状态 $1$，降低退款额度会增加保险人维持保单相对撤销保单的成本优势。

B. 候选合同下，状态 $2$ 和 $3$ 的最终发货概率均为零。

C. 候选合同下，保险人扣除监控、退款和理赔后的期望利润为 $c$。

D. 候选合同下，供应商期望收益等于 $\Pi^{FB}$。","0"
"49","你正在回答一道独立的供应链决策多选题。仅根据本题条件作答。

请根据题目给定的条件，分别简要分析 A、B、C、D 四个选项，再给出最终答案。

每个选项说明其成立或不成立的关键依据，必要时给出简短计算。
分析长度以解释清楚为准，避免重复题干或展开无关背景。
不要引入题目未给出的假设。

按以下结构输出：
A：……
B：……
C：……
D：……

最后输出唯一的答案 JSON：
{""answer"":[""A"",""C""]}

answer 是唯一字段，数组包含 1–3 个不重复的大写选项字母，
仅限 A、B、C、D，按字母顺序排列。
示例选项仅说明格式，不代表本题答案。
分析部分不要输出候选答案 JSON，最终答案后不要输出任何内容。

题目：
Scenario and Given Conditions：

供应商使用可撤销保单，监控信息可证实并共享。

供应商向一个非策略买方赊销一件商品，付款成功收到 $r>0$，违约收到 $0$；也可不向该买方发货，将商品以确定收入 $r_0$ 外销。风险中性、无融资约束的保险人提供贸易信用保险。供应商最大化扣除保费与融资成本的期望收益，保险人最大化保费减努力、退款及赔付成本的期望收益，接受合同须期望利润非负。供应商可不投保。

有监控时观察类别 $i=1,2,3$ 的概率为 $\theta_i>0$，$\sum_i\theta_i=1$，违约概率 $0\le\beta_1<\beta_2<\beta_3\le1$；没有监控则仅知 $\bar\beta=\sum_i\theta_i\beta_i$。给定类别，付款是上述二点随机支付，风险外生。这里的后验分布已经包含监控失败的影响。假定 $(1-\beta_3)r<r_0<(1-\bar\beta)r$。融资成本为 $L(x)=l(T-x)^+$，$l>0$，$0\le T<2r_0-r$，$x$ 是扣除保费、加入退款或赔付后的结算现金流。相关合同 $0\le p\le r-r_0$、$0\le\delta\le r$；可撤销合同时另有 $0\le f\le p$。监控成本 $0<c\le\phi$，$\phi=\sum_i\theta_i[r_0-(1-\beta_i)r]^+$。

供应商提约，保险人接受并收保费 $p$，再选择是否付出不可验证的监控努力。信息出现后，保险人若有撤销权则在发货前选择维持 $N$ 或撤销 $C$；供应商随后决定发货或外销；最后买方付款或违约并清算。维持承保且发货违约时赔付 $r-\delta$，撤销则支付退款 $f$ 并免除理赔。

对于供应商已知的违约率 $b$，维持时发货收益为 $r-p-b[\delta+L(r-\delta-p)]$，外销为 $r_0-p$；撤销时发货收益为 $(1-b)r-p+f-bL(f-p)$，外销为 $r_0-p+f$。供应商收益相等时发货。保险人比较维持时的实际预期理赔和撤销退款，成本相等时维持；努力成本相等时选择努力。供应商在可接受合同中选最优合同。集中基准由无融资约束的决策者控制努力和发货，收益为 $\Pi^{FB}=(1-\bar\beta)r+(\phi-c)^+$；Full Value 指供应商期望收益等于该基准。

本题取 $r=100,r_0=70,l=2,\beta_2=0.20$，其余后验参数满足上述条件。已付出努力、获得信息，合同满足 $f=p$、$\delta<r$；观察到的保险人策略为状态 $1$ 维持、状态 $2,3$ 严格撤销。已知维持时供应商会在状态 $1,2$ 发货。下面对 $T$ 和 $l$ 的局部比较以该承保策略继续成立、同一 $f=p$ 合同和其余参数固定为条件；不判定这些合同是否事前最优。

Question：以下哪些陈述成立？
这是多选题，请选择所有由题面给定条件确定成立的陈述。

A. 在维持承保下仍发货的前提下，仅从保险人的事后最优性看，防止状态 $2$ 撤销要求退款严格大于 $\beta_2(r-\delta)$。

B. 当 $T\le25$ 时状态 $2$ 撤销后仍发货，当 $25<T<40$ 时该状态转为外销。

C. 增加 $l$ 会严格降低状态 $2$ 撤销后发货与外销无差异的临界 $T$。

D. 状态 $2$ 撤销后仍发货时，该状态的期望融资成本为 $0$。","0"
"50","你正在回答一道独立的供应链决策多选题。仅根据本题条件作答。

请根据题目给定的条件，分别简要分析 A、B、C、D 四个选项，再给出最终答案。

每个选项说明其成立或不成立的关键依据，必要时给出简短计算。
分析长度以解释清楚为准，避免重复题干或展开无关背景。
不要引入题目未给出的假设。

按以下结构输出：
A：……
B：……
C：……
D：……

最后输出唯一的答案 JSON：
{""answer"":[""A"",""C""]}

answer 是唯一字段，数组包含 1–3 个不重复的大写选项字母，
仅限 A、B、C、D，按字母顺序排列。
示例选项仅说明格式，不代表本题答案。
分析部分不要输出候选答案 JSON，最终答案后不要输出任何内容。

题目：
Scenario and Given Conditions：

供应商选择可撤销保单，监控所得类别 $i$ 是保险人的私有信息，不能由供应商或法庭核验，不能直接写入合同；不存在其他可信披露渠道。供应商仅观察可验证动作 $N/C$ 及退款，再按 Bayes 法则更新违约率。

供应商向一个非策略买方赊销一件商品，付款成功收到 $r>0$，违约收到 $0$；也可不向该买方发货，将商品以确定收入 $r_0$ 外销。风险中性、无融资约束的保险人提供贸易信用保险。供应商最大化扣除保费与融资成本的期望收益，保险人最大化保费减努力、退款及赔付成本的期望收益，接受合同须期望利润非负。供应商可不投保。

有监控时观察类别 $i=1,2,3$ 的概率为 $\theta_i>0$，$\sum_i\theta_i=1$，违约概率 $0\le\beta_1<\beta_2<\beta_3\le1$；没有监控则仅知 $\bar\beta=\sum_i\theta_i\beta_i$。给定类别，付款是上述二点随机支付，风险外生。这里的后验分布已经包含监控失败的影响。假定 $(1-\beta_3)r<r_0<(1-\bar\beta)r$。融资成本为 $L(x)=l(T-x)^+$，$l>0$，$0\le T<2r_0-r$，$x$ 是扣除保费、加入退款或赔付后的结算现金流。相关合同 $0\le p\le r-r_0$、$0\le\delta\le r$；可撤销合同时另有 $0\le f\le p$。监控成本 $0<c\le\phi$，$\phi=\sum_i\theta_i[r_0-(1-\beta_i)r]^+$。

供应商提约，保险人接受并收保费 $p$，再选择是否付出不可验证的监控努力。信息出现后，保险人若有撤销权则在发货前选择维持 $N$ 或撤销 $C$；供应商随后决定发货或外销；最后买方付款或违约并清算。维持承保且发货违约时赔付 $r-\delta$，撤销则支付退款 $f$ 并免除理赔。

对于供应商已知的违约率 $b$，维持时发货收益为 $r-p-b[\delta+L(r-\delta-p)]$，外销为 $r_0-p$；撤销时发货收益为 $(1-b)r-p+f-bL(f-p)$，外销为 $r_0-p+f$。供应商收益相等时发货。保险人比较维持时的实际预期理赔和撤销退款，成本相等时维持；努力成本相等时选择努力。供应商在可接受合同中选最优合同。集中基准由无融资约束的决策者控制努力和发货，收益为 $\Pi^{FB}=(1-\bar\beta)r+(\phi-c)^+$；Full Value 指供应商期望收益等于该基准。

本题取 $r=100,r_0=70$、$0\le\delta<r$。定义 $B=(r-r_0)/[\delta+L(r-\delta-p)]$（分母为零取无穷）及 $B_C=(r-r_0)/[r+L(f-p)]$。考虑诱导正成本监控的完美贝叶斯均衡（PBE）。讨论局部行动策略时，候选策略为状态 $1$ 维持、状态 $2,3$ 撤销，两类消息均有正概率；相应后验为 $b_N=\beta_1$ 和 $b_C=(\theta_2\beta_2+\theta_3\beta_3)/(\theta_2+\theta_3)$。局部事后最优性与整个含努力阶段的 PBE 可行性须分别判断。

Question：以下哪些陈述成立？
这是多选题，请选择所有由题面给定条件确定成立的陈述。

A. 在诱导正成本监控的 PBE 中，撤销后发货的 UI 体制不成立。

B. 在相同私有信息环境下，改用不可撤销保单且仅依靠无成本口头陈述，仍能实现全部监控价值。

C. 若供应商在状态信息可证实时愿意对状态 $2$ 无保发货，那么不可证实信息下收到池化的撤销消息也必愿意发货。

D. 给定供应商“维持后发货、撤销后外销”的反应，候选策略满足保险人事后最优性的充要条件是 $\beta_1(r-\delta)\le f<\beta_2(r-\delta)$。","0"
"51","你正在回答一道独立的供应链决策多选题。仅根据本题条件作答。

请根据题目给定的条件，分别简要分析 A、B、C、D 四个选项，再给出最终答案。

每个选项说明其成立或不成立的关键依据，必要时给出简短计算。
分析长度以解释清楚为准，避免重复题干或展开无关背景。
不要引入题目未给出的假设。

按以下结构输出：
A：……
B：……
C：……
D：……

最后输出唯一的答案 JSON：
{""answer"":[""A"",""C""]}

answer 是唯一字段，数组包含 1–3 个不重复的大写选项字母，
仅限 A、B、C、D，按字母顺序排列。
示例选项仅说明格式，不代表本题答案。
分析部分不要输出候选答案 JSON，最终答案后不要输出任何内容。

题目：
Scenario and Given Conditions：

供应商在不可撤销合同 $(p,\delta)$ 和可撤销合同 $(p,\delta,f)$ 之间选择，分别比较两种信息环境：环境 V 的监控类别可证实并共享；环境 U 的类别为保险人私有、无法证实，供应商只能观察撤销动作，口头信息没有可信披露渠道。两种环境的物理风险、努力技术、现金流和成本参数完全相同，均不能按类别直接写完整状态依赖合同。

供应商向一个非策略买方赊销一件商品，付款成功收到 $r>0$，违约收到 $0$；也可不向该买方发货，将商品以确定收入 $r_0$ 外销。风险中性、无融资约束的保险人提供贸易信用保险。供应商最大化扣除保费与融资成本的期望收益，保险人最大化保费减努力、退款及赔付成本的期望收益，接受合同须期望利润非负。供应商可不投保。

有监控时观察类别 $i=1,2,3$ 的概率为 $\theta_i>0$，$\sum_i\theta_i=1$，违约概率 $0\le\beta_1<\beta_2<\beta_3\le1$；没有监控则仅知 $\bar\beta=\sum_i\theta_i\beta_i$。给定类别，付款是上述二点随机支付，风险外生。这里的后验分布已经包含监控失败的影响。假定 $(1-\beta_3)r<r_0<(1-\bar\beta)r$。融资成本为 $L(x)=l(T-x)^+$，$l>0$，$0\le T<2r_0-r$，$x$ 是扣除保费、加入退款或赔付后的结算现金流。相关合同 $0\le p\le r-r_0$、$0\le\delta\le r$；可撤销合同时另有 $0\le f\le p$。监控成本 $0<c\le\phi$，$\phi=\sum_i\theta_i[r_0-(1-\beta_i)r]^+$。

供应商提约，保险人接受并收保费 $p$，再选择是否付出不可验证的监控努力。信息出现后，保险人若有撤销权则在发货前选择维持 $N$ 或撤销 $C$；供应商随后决定发货或外销；最后买方付款或违约并清算。维持承保且发货违约时赔付 $r-\delta$，撤销则支付退款 $f$ 并免除理赔。

对于供应商已知的违约率 $b$，维持时发货收益为 $r-p-b[\delta+L(r-\delta-p)]$，外销为 $r_0-p$；撤销时发货收益为 $(1-b)r-p+f-bL(f-p)$，外销为 $r_0-p+f$。供应商收益相等时发货。保险人比较维持时的实际预期理赔和撤销退款，成本相等时维持；努力成本相等时选择努力。供应商在可接受合同中选最优合同。集中基准由无融资约束的决策者控制努力和发货，收益为 $\Pi^{FB}=(1-\bar\beta)r+(\phi-c)^+$；Full Value 指供应商期望收益等于该基准。

进一步假定 $r_0<(1-\beta_2)r$。比较最优合同收益时，“弱偏好”指收益不低于，允许平局。没有监控的平滑保单的供应商收益记为 $\Pi_0=(1-\bar\beta)r$。

Question：以下哪些陈述成立？
这是多选题，请选择所有由题面给定条件确定成立的陈述。

A. 若 $T=0$ 且 $\beta_2\le\bar\beta$，在环境 V 中存在一段充分小但严格为正的监控成本区间，可用不可撤销合同取得 Full Value。

B. 若 $\beta_2\ge\bar\beta$，在环境 U 中供应商弱偏好最优可撤销合同而非最优不可撤销合同。

C. 若 $\beta_2<\bar\beta$，在环境 U 中供应商对所有 $c\in(0,\phi]$ 均严格偏好收益为 $\Pi_0$ 的不可撤销合同。

D. 固定物理参数，把环境 U 改成 V 会严格提高集中基准 $\Pi^{FB}$。","0"
"52","你正在回答一道独立的供应链决策多选题。仅根据本题条件作答。

请根据题目给定的条件，分别简要分析 A、B、C、D 四个选项，再给出最终答案。

每个选项说明其成立或不成立的关键依据，必要时给出简短计算。
分析长度以解释清楚为准，避免重复题干或展开无关背景。
不要引入题目未给出的假设。

按以下结构输出：
A：……
B：……
C：……
D：……

最后输出唯一的答案 JSON：
{""answer"":[""A"",""C""]}

answer 是唯一字段，数组包含 1–3 个不重复的大写选项字母，
仅限 A、B、C、D，按字母顺序排列。
示例选项仅说明格式，不代表本题答案。
分析部分不要输出候选答案 JSON，最终答案后不要输出任何内容。

题目：
Scenario and Given Conditions：

某装配制造商 OEM 生产一单位产品需各采购一单位部件 1、2，部件严格互补，装配成本为零。产品反需求为 $P(Q)=75-Q/2$。供应商 $i$ 私知成本 $c_i\in\{5,15\}$，两家成本独立，每个值的概率均为 $1/2$，先验公知。令 $L$ 表示成本 5，$H$ 表示成本 15；状态 $XY$ 中 $X$ 为供应商 1 类型、$Y$ 为供应商 2 类型。

合同 $(w_i,f_i)$ 规定 OEM 支付 $w_iQ+f_i$，固定费可负。双协议成立后，OEM 选择 $Q\ge0$ 最大化 $(75-Q/2)Q-(w_1+w_2)Q-f_1-f_2$。利润为 $\Pi_O=(75-Q/2)Q-(w_1+w_2)Q-f_1-f_2$、$\Pi_i=(w_i-c_i)Q+f_i$、$\Pi_{SC}=(75-c_1-c_2)Q-Q^2/2$。任一必要协议不成立，各方利润为零。事前利润对四状态按各 $1/4$ 加权。以下合同均按真实类型实施，不另行选择其他均衡。

OEM 与供应商议价权相当；比较两套已确定的激励有效谈判合同。它们满足相应信息集下的个人理性和激励相容，公平按 Myerson 虚拟效用尺度定义。

同时谈判时，两关系并行，供应商看不到另一关系的具体谈判；每家 $L$ 合同为 $(5,4325/6)$，$H$ 合同为 $(25,125/6)$。

序贯谈判时，OEM 先与供应商 1 达成暂定协议并学习其类型，再与供应商 2 谈判。供应商 1 保留最终否决权且不能改合同；均衡下均达成协议。供应商 1 的 $L,H$ 合同分别为 $(5,5125/6)$、$(15,2125/6)$。供应商 2 的 $L,H$ 批发价分别为 5、25；其固定费对供应商 1 类型取期望后分别为 $4525/6$、$-275/6$，不提供各状态固定费。该期望口径足够计算各方事前利润。序贯第二阶段 OEM 的信息相容约束为
$$f_{1L}-f_{1H}\ge (w_{1H}-w_{1L})(150-30-w_{1H}-w_{1L})/2.$$

Question：

比较两套谈判合同的约束、收益分配与采购时序决策。这是多选题，请选择所有由题面给定条件确定成立的陈述。

A. 给定序贯合同使第二阶段 OEM 的信息相容约束取等号。

B. 本基准下，OEM 按自身事前利润选择的谈判时序，与按供应链事前总利润选择的时序不同。

C. 由同时转为序贯谈判，供应商 2 的事前利润增幅大于供应商 1 的增幅。

D. 在 $HL$ 成本状态，供应商 1 的序贯谈判实现利润高于同时谈判实现利润。","0"
"53","你正在回答一道独立的供应链决策多选题。仅根据本题条件作答。

请根据题目给定的条件，分别简要分析 A、B、C、D 四个选项，再给出最终答案。

每个选项说明其成立或不成立的关键依据，必要时给出简短计算。
分析长度以解释清楚为准，避免重复题干或展开无关背景。
不要引入题目未给出的假设。

按以下结构输出：
A：……
B：……
C：……
D：……

最后输出唯一的答案 JSON：
{""answer"":[""A"",""C""]}

answer 是唯一字段，数组包含 1–3 个不重复的大写选项字母，
仅限 A、B、C、D，按字母顺序排列。
示例选项仅说明格式，不代表本题答案。
分析部分不要输出候选答案 JSON，最终答案后不要输出任何内容。

题目：
Scenario and Given Conditions：

某装配制造商 OEM 生产一单位产品需各采购一单位部件 1、2，部件严格互补，装配成本为零。产品反需求为 $P(Q)=75-Q/2$。供应商 $i$ 私知成本 $c_i\in\{5,15\}$，两家成本独立，每个值的概率均为 $1/2$，先验公知。令 $L$ 表示成本 5，$H$ 表示成本 15；状态 $XY$ 中 $X$ 为供应商 1 类型、$Y$ 为供应商 2 类型。

合同 $(w_i,f_i)$ 规定 OEM 支付 $w_iQ+f_i$，固定费可负。双协议成立后，OEM 选择 $Q\ge0$ 最大化 $(75-Q/2)Q-(w_1+w_2)Q-f_1-f_2$。利润为 $\Pi_O=(75-Q/2)Q-(w_1+w_2)Q-f_1-f_2$、$\Pi_i=(w_i-c_i)Q+f_i$、$\Pi_{SC}=(75-c_1-c_2)Q-Q^2/2$。任一必要协议不成立，各方利润为零。事前利润对四状态按各 $1/4$ 加权。以下合同均按真实类型实施，不另行选择其他均衡。

OEM 拥有 take-it-or-leave-it 要约权，设计菜单以最大化事前利润；供应商按自身类型选择合同或拒绝，IR、BIC 以类型条件期望收益定义。比较以下两套已确定的最优菜单。采用实现真实报告的推荐选择：同收益菜单项之间选自身类型项，与拒绝同收益时接受。双协议成立后执行。

同时菜单：向每家同时提供 $L=(5,350)$、$H=(25,-350)$。

序贯菜单：先给供应商 1 上述菜单，观察真实选择得到其类型 $X$ 后，再给供应商 2 二项菜单。第二阶段批发价仍为 $w_{2L}=5,w_{2H}=25$；若 $X=L$，固定费为 $f_{2LL}=450,f_{2LH}=-450$；若 $X=H$，固定费为 $f_{2HL}=250,f_{2HH}=-250$。下标 $2XY$ 表示第一供应商类型为 $X$、第二菜单推荐类型为 $Y$。

Question：

比较两套采购菜单中的信息租金与利润口径。这是多选题，请选择所有由题面给定条件确定成立的陈述。

A. 两套菜单下，OEM 在 $HH$ 状态的实现利润相同。

B. 供应商 2 为低成本时，两种时序下的类型条件期望利润相同且为正。

C. 序贯菜单使供应商 2 的高成本类型获得正的类型条件期望利润。

D. 以自身事前利润为目标的 OEM 对这两种签约时序无差异。","0"
"54","你正在回答一道独立的供应链决策多选题。仅根据本题条件作答。

请根据题目给定的条件，分别简要分析 A、B、C、D 四个选项，再给出最终答案。

每个选项说明其成立或不成立的关键依据，必要时给出简短计算。
分析长度以解释清楚为准，避免重复题干或展开无关背景。
不要引入题目未给出的假设。

按以下结构输出：
A：……
B：……
C：……
D：……

最后输出唯一的答案 JSON：
{""answer"":[""A"",""C""]}

answer 是唯一字段，数组包含 1–3 个不重复的大写选项字母，
仅限 A、B、C、D，按字母顺序排列。
示例选项仅说明格式，不代表本题答案。
分析部分不要输出候选答案 JSON，最终答案后不要输出任何内容。

题目：
Scenario and Given Conditions：

某装配制造商 OEM 生产一单位产品需各采购一单位部件 1、2，部件严格互补，装配成本为零。产品反需求为 $P(Q)=75-Q/2$。供应商 $i$ 私知成本 $c_i\in\{5,15\}$，两家成本独立，每个值的概率均为 $1/2$，先验公知。令 $L$ 表示成本 5，$H$ 表示成本 15；状态 $XY$ 中 $X$ 为供应商 1 类型、$Y$ 为供应商 2 类型。

合同 $(w_i,f_i)$ 规定 OEM 支付 $w_iQ+f_i$，固定费可负。双协议成立后，OEM 选择 $Q\ge0$ 最大化 $(75-Q/2)Q-(w_1+w_2)Q-f_1-f_2$。利润为 $\Pi_O=(75-Q/2)Q-(w_1+w_2)Q-f_1-f_2$、$\Pi_i=(w_i-c_i)Q+f_i$、$\Pi_{SC}=(75-c_1-c_2)Q-Q^2/2$。任一必要协议不成立，各方利润为零。事前利润对四状态按各 $1/4$ 加权。以下合同均按真实类型实施，不另行选择其他均衡。

将均等议价制度记为 B，其合同如下。

OEM 与供应商议价权相当；比较两套已确定的激励有效谈判合同。它们满足相应信息集下的个人理性和激励相容，公平按 Myerson 虚拟效用尺度定义。

同时谈判时，两关系并行，供应商看不到另一关系的具体谈判；每家 $L$ 合同为 $(5,4325/6)$，$H$ 合同为 $(25,125/6)$。

序贯谈判时，OEM 先与供应商 1 达成暂定协议并学习其类型，再与供应商 2 谈判。供应商 1 保留最终否决权且不能改合同；均衡下均达成协议。供应商 1 的 $L,H$ 合同分别为 $(5,5125/6)$、$(15,2125/6)$。供应商 2 的 $L,H$ 批发价分别为 5、25；其固定费对供应商 1 类型取期望后分别为 $4525/6$、$-275/6$，不提供各状态固定费。该期望口径足够计算各方事前利润。序贯第二阶段 OEM 的信息相容约束为
$$f_{1L}-f_{1H}\ge (w_{1H}-w_{1L})(150-30-w_{1H}-w_{1L})/2.$$

将强 OEM 要约制度记为 M，其合同如下。

OEM 拥有 take-it-or-leave-it 要约权，设计菜单以最大化事前利润；供应商按自身类型选择合同或拒绝，IR、BIC 以类型条件期望收益定义。比较以下两套已确定的最优菜单。采用实现真实报告的推荐选择：同收益菜单项之间选自身类型项，与拒绝同收益时接受。双协议成立后执行。

同时菜单：向每家同时提供 $L=(5,350)$、$H=(25,-350)$。

序贯菜单：先给供应商 1 上述菜单，观察真实选择得到其类型 $X$ 后，再给供应商 2 二项菜单。第二阶段批发价仍为 $w_{2L}=5,w_{2H}=25$；若 $X=L$，固定费为 $f_{2LL}=450,f_{2LH}=-450$；若 $X=H$，固定费为 $f_{2HL}=250,f_{2HH}=-250$。下标 $2XY$ 表示第一供应商类型为 $X$、第二菜单推荐类型为 $Y$。

Question：

在每个制度内部，将序贯减同时的事前利润差记为 $\Delta E\Pi$。比较制度 B 与 M 的时序变化。这是多选题，请选择所有由题面给定条件确定成立的陈述。

A. 制度 B 的 $\Delta E\Pi_{SC}$ 大于制度 M 的 $\Delta E\Pi_{SC}$。

B. 在制度 M 中，OEM 学习第一供应商类型后获得正的 $\Delta E\Pi_O$。

C. 供应商 1 的 $\Delta E\Pi_1$ 在制度 B 下大于在制度 M 下。

D. 在保持事前系统利润不变的那种制度中，序贯时序使低成本供应商 2 的类型条件期望利润降为零。","0"
"55","你正在回答一道独立的供应链决策多选题。仅根据本题条件作答。

请根据题目给定的条件，分别简要分析 A、B、C、D 四个选项，再给出最终答案。

每个选项说明其成立或不成立的关键依据，必要时给出简短计算。
分析长度以解释清楚为准，避免重复题干或展开无关背景。
不要引入题目未给出的假设。

按以下结构输出：
A：……
B：……
C：……
D：……

最后输出唯一的答案 JSON：
{""answer"":[""A"",""C""]}

answer 是唯一字段，数组包含 1–3 个不重复的大写选项字母，
仅限 A、B、C、D，按字母顺序排列。
示例选项仅说明格式，不代表本题答案。
分析部分不要输出候选答案 JSON，最终答案后不要输出任何内容。

题目：
Scenario and Given Conditions：

装配制造商 OEM 可选择两家独立的互补部件供应商（结构 A），或一家提供两部件的整合供应商（结构 D）。一单位最终产品需两部件各一单位，装配成本零，反需求 $P(Q)=75-Q/2$，各方保留收益零，无范围经济、并购成本或供应商竞争。

结构 A：每家供应商独立私知 $c_i\in\{5,15\}$，概率各半。OEM 向每家同时提供最优两部制菜单 $L=(5,350)$、$H=(25,-350)$。支付为 $w_iQ+f_i$。双协议成立后，OEM 选择 $Q\ge0$ 最大化 $(75-Q/2)Q-(w_1+w_2)Q-f_1-f_2$；供应商收益 $(w_i-c_i)Q+f_i$。

结构 D：整合供应商私知每单位最终产品的两部件总成本 $C=c_1+c_2\in\{10,20,30\}$，概率分别 $1/4,1/2,1/4$，与 A 的总技术成本分布匹配。OEM 提供最优三项菜单：$C=10$ 项 $(W,f)=(10,650)$；$C=20$ 项 $(25,-100)$；$C=30$ 项 $(60,-450)$。$W$ 是两部件合计批发价；支付为 $WQ+f$。达成协议后，OEM 选择 $Q\ge0$ 最大化 $(75-Q/2)Q-WQ-f$；供应商利润 $(W-C)Q+f$。

两结构中 OEM 设计菜单以最大化事前利润，供应商 IR/IC 以类型条件期望定义。按推荐的真实类型项实施；与其他项同收益时选真实类型项，与拒绝同收益时接受。必要协议不成立则全体收益零。系统收益为 $(75-C)Q-Q^2/2$；A 中 $C=c_1+c_2$。事前期望按各结构给定概率加权，A 的供应商利润比较口径是两家之和。

Question：

比较这两套采购对象结构的产量扭曲与收益。这是多选题，请选择所有由题面给定条件确定成立的陈述。

A. 在最高总成本状态，结构 D 的装配量高于结构 A。

B. 从 A 改为 D，OEM 的事前利润变化与系统事前利润变化的符号相反。

C. 在结构 D 中，中间总成本类型的供应商实现利润为零。

D. 结构 D 的最低总成本类型所获利润，低于结构 A 在两供应商均为低成本时的供应商利润合计。","0"
"56","你正在回答一道独立的供应链决策多选题。仅根据本题条件作答。

请根据题目给定的条件，分别简要分析 A、B、C、D 四个选项，再给出最终答案。

每个选项说明其成立或不成立的关键依据，必要时给出简短计算。
分析长度以解释清楚为准，避免重复题干或展开无关背景。
不要引入题目未给出的假设。

按以下结构输出：
A：……
B：……
C：……
D：……

最后输出唯一的答案 JSON：
{""answer"":[""A"",""C""]}

answer 是唯一字段，数组包含 1–3 个不重复的大写选项字母，
仅限 A、B、C、D，按字母顺序排列。
示例选项仅说明格式，不代表本题答案。
分析部分不要输出候选答案 JSON，最终答案后不要输出任何内容。

题目：
Scenario and Given Conditions：

采购经理正在评估单一供应商 S 与单一零售商 R 的支付合同和定价时序。双方风险中性，所有参数为共同知识。终端需求为 $d(p)=a-bp$，$a,b>0$，$0\le p\le a/b$。产出率满足 $P(Y=1)=\theta$、$P(Y=\alpha)=1-\theta$，$0<\alpha,\theta<1$，$\mu=\theta+\alpha(1-\theta)$。单位计划投产成本为 $c$，$0<c<a\mu/b$；订购量、计划投产量和批发价满足 $q,Q,w\ge0$。交付量 $X=\min(YQ,q)$，收入 $r=p\min(a-bp,X)$，投产成本为 $cQ$。无残值、缺货罚款或其他费用。

零售商在四种制度间选择；选定制度后，供应商先定 $w$，零售商随后定订单，供应商再投产，最后产出率实现并交付：

- OA：零售商在订购时同时定 $q,p$ 并支付 $T=wq$；供应商按订单投产 $Q=q$；交付后按既定 $p$ 销售。
- OR：零售商定 $q$ 并支付 $T=wq$；供应商按订单投产 $Q=q$；交付后零售商观测 $X$ 再定 $p$ 并销售。
- DA：零售商先定 $q,p$；供应商选择 $Q\ge0$；交付后零售商支付 $T=wX$ 并按既定 $p$ 销售。
- DR：零售商先定 $q$；供应商选择 $Q\ge0$；交付后零售商支付 $T=wX$，观测 $X$ 再定 $p$ 并销售。

OA/OR 的 $Q=q$ 是按订单生产的制度约束。DA/DR 给定 $(w,q)$ 后，供应商最大化 $wE[\min(YQ,q)]-cQ$；零售商预见生产反应，最大化 $E[r-T]$。供应商预见零售商反应选择 $w$，最大化 $E[T]-cQ$。采用逆向归纳的子博弈精炼均衡，各制度均在相同底层参数下分别重新求解。记其期望利润为 $\pi_R^k,\pi_S^k$，$k\in\{OA,OR,DA,DR\}$。响应定价由交付后的 $\max_{0\le p\le a/b}p\min(a-bp,X)$ 确定。

消费者在配给时按支付意愿从高到低获得商品。记 $m=\min(a-bp,X)$，单状态消费者剩余为
$$S(p,X)=\int_0^m\left((a-t)/b-p\right)dt,$$
$CS^k$ 为对应制度的期望消费者剩余。DR 均衡生产存在多个利润最大化选择时，在其中选择消费者剩余较高者。

零售商最大化自己的均衡期望利润；平局时选择延迟次数较少的制度。OA、OR、DA、DR 的延迟次数分别为 0、1、1、2；该规则不另行排序 OR 与 DA。

固定 $(a,b,\alpha,\theta)$，随 $c$ 变化，记 OA 均衡解三个成本分支的临界值为 $c_1^{OA}<c_2^{OA}$（允许临界值非正），在 $\alpha\ge9/16$ 下，DR 均衡解三个成本分支的临界值为 $c_1^{DR}<c_2^{DR}$。$c^{OR}$ 为 OR 的两个均衡成本分支的临界值；$c^{DA}$ 为 DA 的两个均衡成本分支的临界值。$\tilde C$ 为 OR 与 DA 的零售商均衡利润相等的内点交叉临界成本。上述符号均表示这个博弈解的临界值，不是独立可调参数。所有选项讨论的严格区间均假定非空，不讨论临界点等号。

区域 $H_1,H_2,H_3$ 分别由 $0<c_1^{OA}<c_2^{OA}$、$c_1^{OA}\le0<c_2^{OA}$、$c_2^{OA}\le0$ 定义。 本题限制 $\alpha\ge9/16$。

Question：

这是多选题，请选择所有由题面给定条件确定成立的陈述。

A. 若参数属于 $H_2$，且 $0<c<\min(\tilde C,c_2^{OA})$，零售商唯一选择 OA。

B. 若参数属于 $H_3$，且 $c_2^{DR}<c<a\mu/b$，零售商唯一选择 OR。

C. 若参数属于 $H_1$，且 $0<c<\min(\tilde C,c_1^{OA})$，则 $\pi_R^{DA}<\pi_R^{OA}$。

D. 若参数属于 $H_3$，且 $c_1^{DR}<c<c_2^{DR}$，在 DR 的均衡批发价和订单下，供应商严格偏好投产 $q/\alpha$ 而非 $q$。","0"
"57","你正在回答一道独立的供应链决策多选题。仅根据本题条件作答。

请根据题目给定的条件，分别简要分析 A、B、C、D 四个选项，再给出最终答案。

每个选项说明其成立或不成立的关键依据，必要时给出简短计算。
分析长度以解释清楚为准，避免重复题干或展开无关背景。
不要引入题目未给出的假设。

按以下结构输出：
A：……
B：……
C：……
D：……

最后输出唯一的答案 JSON：
{""answer"":[""A"",""C""]}

answer 是唯一字段，数组包含 1–3 个不重复的大写选项字母，
仅限 A、B、C、D，按字母顺序排列。
示例选项仅说明格式，不代表本题答案。
分析部分不要输出候选答案 JSON，最终答案后不要输出任何内容。

题目：
Scenario and Given Conditions：

采购经理正在评估单一供应商 S 与单一零售商 R 的支付合同和定价时序。双方风险中性，所有参数为共同知识。终端需求为 $d(p)=a-bp$，$a,b>0$，$0\le p\le a/b$。产出率满足 $P(Y=1)=\theta$、$P(Y=\alpha)=1-\theta$，$0<\alpha,\theta<1$，$\mu=\theta+\alpha(1-\theta)$。单位计划投产成本为 $c$，$0<c<a\mu/b$；订购量、计划投产量和批发价满足 $q,Q,w\ge0$。交付量 $X=\min(YQ,q)$，收入 $r=p\min(a-bp,X)$，投产成本为 $cQ$。无残值、缺货罚款或其他费用。

零售商在四种制度间选择；选定制度后，供应商先定 $w$，零售商随后定订单，供应商再投产，最后产出率实现并交付：

- OA：零售商在订购时同时定 $q,p$ 并支付 $T=wq$；供应商按订单投产 $Q=q$；交付后按既定 $p$ 销售。
- OR：零售商定 $q$ 并支付 $T=wq$；供应商按订单投产 $Q=q$；交付后零售商观测 $X$ 再定 $p$ 并销售。
- DA：零售商先定 $q,p$；供应商选择 $Q\ge0$；交付后零售商支付 $T=wX$ 并按既定 $p$ 销售。
- DR：零售商先定 $q$；供应商选择 $Q\ge0$；交付后零售商支付 $T=wX$，观测 $X$ 再定 $p$ 并销售。

OA/OR 的 $Q=q$ 是按订单生产的制度约束。DA/DR 给定 $(w,q)$ 后，供应商最大化 $wE[\min(YQ,q)]-cQ$；零售商预见生产反应，最大化 $E[r-T]$。供应商预见零售商反应选择 $w$，最大化 $E[T]-cQ$。采用逆向归纳的子博弈精炼均衡，各制度均在相同底层参数下分别重新求解。记其期望利润为 $\pi_R^k,\pi_S^k$，$k\in\{OA,OR,DA,DR\}$。响应定价由交付后的 $\max_{0\le p\le a/b}p\min(a-bp,X)$ 确定。

消费者在配给时按支付意愿从高到低获得商品。记 $m=\min(a-bp,X)$，单状态消费者剩余为
$$S(p,X)=\int_0^m\left((a-t)/b-p\right)dt,$$
$CS^k$ 为对应制度的期望消费者剩余。DR 均衡生产存在多个利润最大化选择时，在其中选择消费者剩余较高者。

零售商最大化自己的均衡期望利润；平局时选择延迟次数较少的制度。OA、OR、DA、DR 的延迟次数分别为 0、1、1、2；该规则不另行排序 OR 与 DA。

固定 $(a,b,\alpha,\theta)$，随 $c$ 变化，记 OA 均衡解三个成本分支的临界值为 $c_1^{OA}<c_2^{OA}$（允许临界值非正），在 $\alpha\ge9/16$ 下，DR 均衡解三个成本分支的临界值为 $c_1^{DR}<c_2^{DR}$。$c^{OR}$ 为 OR 的两个均衡成本分支的临界值；$c^{DA}$ 为 DA 的两个均衡成本分支的临界值。$\tilde C$ 为 OR 与 DA 的零售商均衡利润相等的内点交叉临界成本。上述符号均表示这个博弈解的临界值，不是独立可调参数。所有选项讨论的严格区间均假定非空，不讨论临界点等号。

区域 $H_1,H_2,H_3$ 分别由 $0<c_1^{OA}<c_2^{OA}$、$c_1^{OA}\le0<c_2^{OA}$、$c_2^{OA}\le0$ 定义。

本题限制 $\alpha\ge9/16$、$(\alpha,\theta)\in H_3$。定义交互指标
$$V=(\pi_R^{DR}-\pi_R^{OR})-(\pi_R^{DA}-\pi_R^{OA}).$$
$V>0$ 称为互补，$V<0$ 称为替代，$V=0$ 称为无交互。$\hat C$ 是交互指标 $V(c)$ 在非零交互成本分支内部的零点临界成本，本题讨论 $c_1^{DR}<\hat C<c^{DA}<a\mu/b$ 的非空区间。

Question：

这是多选题，请选择所有由题面给定条件确定成立的陈述。

A. 若 $c_1^{DR}<c<\hat C$，且测算得到 $\pi_R^{DA}>\pi_R^{OA}$ 与 $\pi_R^{OR}>\pi_R^{OA}$，则 DR 是四种制度中零售商的唯一利润最大化选择。

B. 若 $\hat C<c<c^{DA}$，则单独引入响应定价不能严格增加零售商相对 OA 的均衡利润。

C. 若 $c^{DA}<c<a\mu/b$，则 $\pi_R^{OR}-\pi_R^{OA}=0$。

D. 若 $c^{DA}<c<a\mu/b$，引入支付延迟对零售商利润的边际价值在事前定价与响应定价两种背景下相等。","0"
"58","你正在回答一道独立的供应链决策多选题。仅根据本题条件作答。

请根据题目给定的条件，分别简要分析 A、B、C、D 四个选项，再给出最终答案。

每个选项说明其成立或不成立的关键依据，必要时给出简短计算。
分析长度以解释清楚为准，避免重复题干或展开无关背景。
不要引入题目未给出的假设。

按以下结构输出：
A：……
B：……
C：……
D：……

最后输出唯一的答案 JSON：
{""answer"":[""A"",""C""]}

answer 是唯一字段，数组包含 1–3 个不重复的大写选项字母，
仅限 A、B、C、D，按字母顺序排列。
示例选项仅说明格式，不代表本题答案。
分析部分不要输出候选答案 JSON，最终答案后不要输出任何内容。

题目：
Scenario and Given Conditions：

采购经理正在评估单一供应商 S 与单一零售商 R 的支付合同和定价时序。双方风险中性，所有参数为共同知识。终端需求为 $d(p)=a-bp$，$a,b>0$，$0\le p\le a/b$。产出率满足 $P(Y=1)=\theta$、$P(Y=\alpha)=1-\theta$，$0<\alpha,\theta<1$，$\mu=\theta+\alpha(1-\theta)$。单位计划投产成本为 $c$，$0<c<a\mu/b$；订购量、计划投产量和批发价满足 $q,Q,w\ge0$。交付量 $X=\min(YQ,q)$，收入 $r=p\min(a-bp,X)$，投产成本为 $cQ$。无残值、缺货罚款或其他费用。

零售商在四种制度间选择；选定制度后，供应商先定 $w$，零售商随后定订单，供应商再投产，最后产出率实现并交付：

- OA：零售商在订购时同时定 $q,p$ 并支付 $T=wq$；供应商按订单投产 $Q=q$；交付后按既定 $p$ 销售。
- OR：零售商定 $q$ 并支付 $T=wq$；供应商按订单投产 $Q=q$；交付后零售商观测 $X$ 再定 $p$ 并销售。
- DA：零售商先定 $q,p$；供应商选择 $Q\ge0$；交付后零售商支付 $T=wX$ 并按既定 $p$ 销售。
- DR：零售商先定 $q$；供应商选择 $Q\ge0$；交付后零售商支付 $T=wX$，观测 $X$ 再定 $p$ 并销售。

OA/OR 的 $Q=q$ 是按订单生产的制度约束。DA/DR 给定 $(w,q)$ 后，供应商最大化 $wE[\min(YQ,q)]-cQ$；零售商预见生产反应，最大化 $E[r-T]$。供应商预见零售商反应选择 $w$，最大化 $E[T]-cQ$。采用逆向归纳的子博弈精炼均衡，各制度均在相同底层参数下分别重新求解。记其期望利润为 $\pi_R^k,\pi_S^k$，$k\in\{OA,OR,DA,DR\}$。响应定价由交付后的 $\max_{0\le p\le a/b}p\min(a-bp,X)$ 确定。

消费者在配给时按支付意愿从高到低获得商品。记 $m=\min(a-bp,X)$，单状态消费者剩余为
$$S(p,X)=\int_0^m\left((a-t)/b-p\right)dt,$$
$CS^k$ 为对应制度的期望消费者剩余。DR 均衡生产存在多个利润最大化选择时，在其中选择消费者剩余较高者。

零售商最大化自己的均衡期望利润；平局时选择延迟次数较少的制度。OA、OR、DA、DR 的延迟次数分别为 0、1、1、2；该规则不另行排序 OR 与 DA。

固定 $(a,b,\alpha,\theta)$，随 $c$ 变化，记 OA 均衡解三个成本分支的临界值为 $c_1^{OA}<c_2^{OA}$（允许临界值非正），在 $\alpha\ge9/16$ 下，DR 均衡解三个成本分支的临界值为 $c_1^{DR}<c_2^{DR}$。$c^{OR}$ 为 OR 的两个均衡成本分支的临界值；$c^{DA}$ 为 DA 的两个均衡成本分支的临界值。$\tilde C$ 为 OR 与 DA 的零售商均衡利润相等的内点交叉临界成本。上述符号均表示这个博弈解的临界值，不是独立可调参数。所有选项讨论的严格区间均假定非空，不讨论临界点等号。

区域 $H_1,H_2,H_3$ 分别由 $0<c_1^{OA}<c_2^{OA}$、$c_1^{OA}\le0<c_2^{OA}$、$c_2^{OA}\le0$ 定义。

本题限制 $\alpha\ge9/16$、$(\alpha,\theta)\in H_3$。记 $\bar C$ 为 DA 与 OA 的消费者剩余差在生产膨胀成本分支内的变号临界成本，$0<\bar C<c^{DA}$。

集中式基准把生产与零售交由同一决策者，不设内部转移支付或外部订单上限。事前定价基准
$$\Pi_A=\max_{Q\ge0,\,0\le p\le a/b}\{E[p\min(a-bp,YQ)]-cQ\},$$
响应定价基准
$$\Pi_R=\max_{Q\ge0}\{E[\max_{0\le p\le a/b}p\min(a-bp,YQ)]-cQ\}.$$
“三方帕累托改善”指零售商利润、供应商利润和消费者剩余均不降低，且至少一项严格增加。渠道协调指两家企业利润之和达到同一定价时序的集中式最优利润。

Question：

这是多选题，请选择所有由题面给定条件确定成立的陈述。

A. 若 OA 转换为 DA 使三方均严格获益，则 DA 的两家企业利润之和达到 $\Pi_A$。

B. 若 $\bar C<c<c^{DA}$，从 OA 转换为 DA 会严格减少消费者剩余。

C. 若 $0<c<\bar C$，从 OA 转换为 DA 不能实现三方帕累托改善。

D. 若 $\tilde C<c<c_1^{DR}$，一个当前使用 OR、能够保留 OR 的利润最大化零售商不会主动改用 DR。","0"
"59","你正在回答一道独立的供应链决策多选题。仅根据本题条件作答。

请根据题目给定的条件，分别简要分析 A、B、C、D 四个选项，再给出最终答案。

每个选项说明其成立或不成立的关键依据，必要时给出简短计算。
分析长度以解释清楚为准，避免重复题干或展开无关背景。
不要引入题目未给出的假设。

按以下结构输出：
A：……
B：……
C：……
D：……

最后输出唯一的答案 JSON：
{""answer"":[""A"",""C""]}

answer 是唯一字段，数组包含 1–3 个不重复的大写选项字母，
仅限 A、B、C、D，按字母顺序排列。
示例选项仅说明格式，不代表本题答案。
分析部分不要输出候选答案 JSON，最终答案后不要输出任何内容。

题目：
Scenario and Given Conditions：

采购经理正在评估单一供应商 S 与单一零售商 R 的支付合同和定价时序。双方风险中性，所有参数为共同知识。终端需求为 $d(p)=a-bp$，$a,b>0$，$0\le p\le a/b$。产出率满足 $P(Y=1)=\theta$、$P(Y=\alpha)=1-\theta$，$0<\alpha,\theta<1$，$\mu=\theta+\alpha(1-\theta)$。单位计划投产成本为 $c$，$0<c<a\mu/b$；订购量、计划投产量和批发价满足 $q,Q,w\ge0$。交付量 $X=\min(YQ,q)$，收入 $r=p\min(a-bp,X)$，投产成本为 $cQ$。无残值、缺货罚款或其他费用。

零售商在四种制度间选择；选定制度后，供应商先定 $w$，零售商随后定订单，供应商再投产，最后产出率实现并交付：

- OA：零售商在订购时同时定 $q,p$ 并支付 $T=wq$；供应商按订单投产 $Q=q$；交付后按既定 $p$ 销售。
- OR：零售商定 $q$ 并支付 $T=wq$；供应商按订单投产 $Q=q$；交付后零售商观测 $X$ 再定 $p$ 并销售。
- DA：零售商先定 $q,p$；供应商选择 $Q\ge0$；交付后零售商支付 $T=wX$ 并按既定 $p$ 销售。
- DR：零售商先定 $q$；供应商选择 $Q\ge0$；交付后零售商支付 $T=wX$，观测 $X$ 再定 $p$ 并销售。

OA/OR 的 $Q=q$ 是按订单生产的制度约束。DA/DR 给定 $(w,q)$ 后，供应商最大化 $wE[\min(YQ,q)]-cQ$；零售商预见生产反应，最大化 $E[r-T]$。供应商预见零售商反应选择 $w$，最大化 $E[T]-cQ$。采用逆向归纳的子博弈精炼均衡，各制度均在相同底层参数下分别重新求解。记其期望利润为 $\pi_R^k,\pi_S^k$，$k\in\{OA,OR,DA,DR\}$。响应定价由交付后的 $\max_{0\le p\le a/b}p\min(a-bp,X)$ 确定。

消费者在配给时按支付意愿从高到低获得商品。记 $m=\min(a-bp,X)$，单状态消费者剩余为
$$S(p,X)=\int_0^m\left((a-t)/b-p\right)dt,$$
$CS^k$ 为对应制度的期望消费者剩余。DR 均衡生产存在多个利润最大化选择时，在其中选择消费者剩余较高者。

固定 $(a,b,\alpha,\theta)$，随 $c$ 变化，记 OA 均衡解三个成本分支的临界值为 $c_1^{OA}<c_2^{OA}$（允许临界值非正），在 $\alpha\ge9/16$ 下，DR 均衡解三个成本分支的临界值为 $c_1^{DR}<c_2^{DR}$。$c^{OR}$ 为 OR 的两个均衡成本分支的临界值；$c^{DA}$ 为 DA 的两个均衡成本分支的临界值。$\tilde C$ 为 OR 与 DA 的零售商均衡利润相等的内点交叉临界成本。上述符号均表示这个博弈解的临界值，不是独立可调参数。所有选项讨论的严格区间均假定非空，不讨论临界点等号。

分析团队固定底层参数，分别比较仅改变支付制度或仅改变定价时序的均衡。含 DR 的比较限制 $\alpha\ge9/16$；只比较 OA 与 OR 的陈述允许所有 $0<\alpha,\theta<1$。每个条件分支单独评估，不能把不同分支的参数限制合并。

Question：

这是多选题，请选择所有由题面给定条件确定成立的陈述。

A. 在 $\alpha\ge9/16$ 且 $c_1^{DR}<c<c_2^{DR}$ 时，供应商的利润满足 $\pi_S^{DR}>\pi_S^{OR}$。

B. 在 $\alpha\ge9/16$ 且 $c_1^{DR}<c<a\mu/b$ 时，从 DA 改为 DR 是三方严格获益的制度转换。

C. 若 $c^{OR}>0$ 且 $0<c<\min(c^{OR},c_1^{OA})$，从 OA 改为 OR 会严格降低供应商利润。

D. 若 $\max(c^{OR},c_2^{OA},0)<c<a\mu/b$，从 OA 改为 OR 会严格降低供应商利润。","0"
"60","你正在回答一道独立的供应链决策多选题。仅根据本题条件作答。

请根据题目给定的条件，分别简要分析 A、B、C、D 四个选项，再给出最终答案。

每个选项说明其成立或不成立的关键依据，必要时给出简短计算。
分析长度以解释清楚为准，避免重复题干或展开无关背景。
不要引入题目未给出的假设。

按以下结构输出：
A：……
B：……
C：……
D：……

最后输出唯一的答案 JSON：
{""answer"":[""A"",""C""]}

answer 是唯一字段，数组包含 1–3 个不重复的大写选项字母，
仅限 A、B、C、D，按字母顺序排列。
示例选项仅说明格式，不代表本题答案。
分析部分不要输出候选答案 JSON，最终答案后不要输出任何内容。

题目：
Scenario and Given Conditions：

采购经理正在评估单一供应商 S 与单一零售商 R 的支付合同和定价时序。双方风险中性，所有参数为共同知识。终端需求为 $d(p)=a-bp$，$a,b>0$，$0\le p\le a/b$。产出率满足 $P(Y=1)=\theta$、$P(Y=\alpha)=1-\theta$，$0<\alpha,\theta<1$，$\mu=\theta+\alpha(1-\theta)$。单位计划投产成本为 $c$，$0<c<a\mu/b$；订购量、计划投产量和批发价满足 $q,Q,w\ge0$。交付量 $X=\min(YQ,q)$，收入 $r=p\min(a-bp,X)$，投产成本为 $cQ$。无残值、缺货罚款或其他费用。

零售商在四种制度间选择；选定制度后，供应商先定 $w$，零售商随后定订单，供应商再投产，最后产出率实现并交付：

- OA：零售商在订购时同时定 $q,p$ 并支付 $T=wq$；供应商按订单投产 $Q=q$；交付后按既定 $p$ 销售。
- OR：零售商定 $q$ 并支付 $T=wq$；供应商按订单投产 $Q=q$；交付后零售商观测 $X$ 再定 $p$ 并销售。
- DA：零售商先定 $q,p$；供应商选择 $Q\ge0$；交付后零售商支付 $T=wX$ 并按既定 $p$ 销售。
- DR：零售商先定 $q$；供应商选择 $Q\ge0$；交付后零售商支付 $T=wX$，观测 $X$ 再定 $p$ 并销售。

OA/OR 的 $Q=q$ 是按订单生产的制度约束。DA/DR 给定 $(w,q)$ 后，供应商最大化 $wE[\min(YQ,q)]-cQ$；零售商预见生产反应，最大化 $E[r-T]$。供应商预见零售商反应选择 $w$，最大化 $E[T]-cQ$。采用逆向归纳的子博弈精炼均衡，各制度均在相同底层参数下分别重新求解。记其期望利润为 $\pi_R^k,\pi_S^k$，$k\in\{OA,OR,DA,DR\}$。响应定价由交付后的 $\max_{0\le p\le a/b}p\min(a-bp,X)$ 确定。

消费者在配给时按支付意愿从高到低获得商品。记 $m=\min(a-bp,X)$，单状态消费者剩余为
$$S(p,X)=\int_0^m\left((a-t)/b-p\right)dt,$$
$CS^k$ 为对应制度的期望消费者剩余。DR 均衡生产存在多个利润最大化选择时，在其中选择消费者剩余较高者。

固定 $(a,b,\alpha,\theta)$，随 $c$ 变化，记 OA 均衡解三个成本分支的临界值为 $c_1^{OA}<c_2^{OA}$（允许临界值非正），在 $\alpha\ge9/16$ 下，DR 均衡解三个成本分支的临界值为 $c_1^{DR}<c_2^{DR}$。$c^{OR}$ 为 OR 的两个均衡成本分支的临界值；$c^{DA}$ 为 DA 的两个均衡成本分支的临界值。$\tilde C$ 为 OR 与 DA 的零售商均衡利润相等的内点交叉临界成本。上述符号均表示这个博弈解的临界值，不是独立可调参数。所有选项讨论的严格区间均假定非空，不讨论临界点等号。

本题含 DR 的陈述限制 $\alpha\ge9/16$。生产膨胀指 $Q>q$。事前定价下，订单膨胀指订购量超过既定价格对应的销售需求；响应定价下，订单膨胀指订购量超过无供货约束时的收入最大化销量。选项中的 $q$ 均为正订单量。

Question：

这是多选题，请选择所有由题面给定条件确定成立的陈述。

A. 在按交货支付下，若投产 $Q=q/\alpha$，则两种产出状态的实际交付量相同。

B. 在 OR 中，若 $\alpha\ge1/2$ 或 $\theta\ge1/2$，则仍存在正成本区间使均衡订单量超过无供货约束时的收入最大化销量。

C. 在 DA 与 DR 中，零售商的均衡订单均不膨胀。

D. 在 DA 中，若 $c^{DA}<c<a\mu/b$，供应商仍将均衡投产量设为 $Q=q/\alpha$。","0"
"61","你正在回答一道独立的供应链决策多选题。仅根据本题条件作答。

请根据题目给定的条件，分别简要分析 A、B、C、D 四个选项，再给出最终答案。

每个选项说明其成立或不成立的关键依据，必要时给出简短计算。
分析长度以解释清楚为准，避免重复题干或展开无关背景。
不要引入题目未给出的假设。

按以下结构输出：
A：……
B：……
C：……
D：……

最后输出唯一的答案 JSON：
{""answer"":[""A"",""C""]}

answer 是唯一字段，数组包含 1–3 个不重复的大写选项字母，
仅限 A、B、C、D，按字母顺序排列。
示例选项仅说明格式，不代表本题答案。
分析部分不要输出候选答案 JSON，最终答案后不要输出任何内容。

题目：
Scenario and Given Conditions：

采购经理正在评估单一供应商 S 与单一零售商 R 的支付合同和定价时序。双方风险中性，所有参数为共同知识。终端需求为 $d(p)=a-bp$，$a,b>0$，$0\le p\le a/b$。产出率满足 $P(Y=1)=\theta$、$P(Y=\alpha)=1-\theta$，$0<\alpha,\theta<1$，$\mu=\theta+\alpha(1-\theta)$。单位计划投产成本为 $c$，$0<c<a\mu/b$；订购量、计划投产量和批发价满足 $q,Q,w\ge0$。交付量 $X=\min(YQ,q)$，收入 $r=p\min(a-bp,X)$，投产成本为 $cQ$。无残值、缺货罚款或其他费用。

零售商在四种制度间选择；选定制度后，供应商先定 $w$，零售商随后定订单，供应商再投产，最后产出率实现并交付：

- OA：零售商在订购时同时定 $q,p$ 并支付 $T=wq$；供应商按订单投产 $Q=q$；交付后按既定 $p$ 销售。
- OR：零售商定 $q$ 并支付 $T=wq$；供应商按订单投产 $Q=q$；交付后零售商观测 $X$ 再定 $p$ 并销售。
- DA：零售商先定 $q,p$；供应商选择 $Q\ge0$；交付后零售商支付 $T=wX$ 并按既定 $p$ 销售。
- DR：零售商先定 $q$；供应商选择 $Q\ge0$；交付后零售商支付 $T=wX$，观测 $X$ 再定 $p$ 并销售。

OA/OR 的 $Q=q$ 是按订单生产的制度约束。DA/DR 给定 $(w,q)$ 后，供应商最大化 $wE[\min(YQ,q)]-cQ$；零售商预见生产反应，最大化 $E[r-T]$。供应商预见零售商反应选择 $w$，最大化 $E[T]-cQ$。采用逆向归纳的子博弈精炼均衡，各制度均在相同底层参数下分别重新求解。记其期望利润为 $\pi_R^k,\pi_S^k$，$k\in\{OA,OR,DA,DR\}$。响应定价由交付后的 $\max_{0\le p\le a/b}p\min(a-bp,X)$ 确定。

消费者在配给时按支付意愿从高到低获得商品。记 $m=\min(a-bp,X)$，单状态消费者剩余为
$$S(p,X)=\int_0^m\left((a-t)/b-p\right)dt,$$
$CS^k$ 为对应制度的期望消费者剩余。DR 均衡生产存在多个利润最大化选择时，在其中选择消费者剩余较高者。

零售商最大化自己的均衡期望利润；平局时选择延迟次数较少的制度。OA、OR、DA、DR 的延迟次数分别为 0、1、1、2；该规则不另行排序 OR 与 DA。

固定 $(a,b,\alpha,\theta)$，随 $c$ 变化，记 OA 均衡解三个成本分支的临界值为 $c_1^{OA}<c_2^{OA}$（允许临界值非正），在 $\alpha\ge9/16$ 下，DR 均衡解三个成本分支的临界值为 $c_1^{DR}<c_2^{DR}$。$c^{OR}$ 为 OR 的两个均衡成本分支的临界值；$c^{DA}$ 为 DA 的两个均衡成本分支的临界值。$\tilde C$ 为 OR 与 DA 的零售商均衡利润相等的内点交叉临界成本。上述符号均表示这个博弈解的临界值，不是独立可调参数。所有选项讨论的严格区间均假定非空，不讨论临界点等号。

区域 $H_1,H_2,H_3$ 分别由 $0<c_1^{OA}<c_2^{OA}$、$c_1^{OA}\le0<c_2^{OA}$、$c_2^{OA}\le0$ 定义。

本题限制 $\alpha\ge9/16$、$(\alpha,\theta)\in H_3$，实际成本不等于 $\tilde C,c_1^{DR},c_2^{DR}$。分析团队不知道实际成本落在哪个分支，但观察到零售商在分别重求均衡后严格排除了 OA、OR、DA，唯一选择 DR。定义订单膨胀为订购量超过无供货约束时的收入最大化销量。供应商给定批发价和订单的生产利润函数记为
$$F(Q;w,q)=wE[\min(YQ,q)]-cQ.$$

Question：

这是多选题，请选择所有由题面给定条件确定成立的陈述。

A. 在观察到的 DR 均衡批发价 $w$ 和订单 $q$ 下，$F(q/\alpha;w,q)>F(q;w,q)$。

B. 在该实际参数和成本下，$\pi_S^{DR}<\pi_S^{OR}$。

C. 在观察到的 DR 均衡中，零售商采取订单膨胀。

D. 在该实际参数和成本下，从 DA 转换为 DR 会使零售商利润、供应商利润和消费者剩余均严格增加。","0"
"62","你正在回答一道独立的供应链决策多选题。仅根据本题条件作答。

请根据题目给定的条件，分别简要分析 A、B、C、D 四个选项，再给出最终答案。

每个选项说明其成立或不成立的关键依据，必要时给出简短计算。
分析长度以解释清楚为准，避免重复题干或展开无关背景。
不要引入题目未给出的假设。

按以下结构输出：
A：……
B：……
C：……
D：……

最后输出唯一的答案 JSON：
{""answer"":[""A"",""C""]}

answer 是唯一字段，数组包含 1–3 个不重复的大写选项字母，
仅限 A、B、C、D，按字母顺序排列。
示例选项仅说明格式，不代表本题答案。
分析部分不要输出候选答案 JSON，最终答案后不要输出任何内容。

题目：
Scenario and Given Conditions：
单产品两级串联库存系统，阶段1服务客户，阶段2向充足外部源阶段3订货。当前是规划的最后正常期 $t=T=20$，折现因子 $\alpha=0.95$。各期需求独立，$D_t=\min\{X_t,15\}$，$X_t\sim\operatorname{Poisson}(2)$。常规订货与加急交付均零提前期，期初先并发常规订货，再观察需求，然后配给和加急，最后积压老化并计费。新需求承诺在下一期末前履约，允许提前履约，故 $\tau=1$；类别 $-1$ 已逾期，类别0当期到期，类别1为新需求，期初 $w_1=0$。目标是最小化正常期及终止期的期望折现订货、持有、积压与加急成本。

单位成本为 $c_1=c_2=0$，$h_1=2,h_2=1,h_3=0$，$b_{-1}=3,b_0=0.5,b_1=0$，加急总单价 $p_1=0,p_2=2,p_3=4$。期末未满足类别1转为类别0，未满足类别0转为类别 $-1$，逾期需求仍留在 $-1$。第21期无新需求、无常规订货，用现货或加急清空积压，剩余库存零残值。

记 $z=(-w_{-1}-w_0,-w_0,0)$，$u=(x_1+z_{-1},x_1+x_2+z_{-1})$，其中 $x_1,x_2\ge0$ 为期初物理库存。常规订单满足 $0\le q_1\le x_2,q_2\ge0$，订货后梯队库存 $v=u+q$。需求实现 $d$ 后，$Z=z-d(1,1,1)$、$U=v-d(1,1)$。配给 $a_j$ 满足 $0\le a_{-1}\le w_{-1},0\le a_0\le w_0,0\le a_1\le d$；加急 $o_2,o_3$ 满足 $0\le o_2\le x_2+q_2-q_1,o_3\ge0$，总履约量不超过 $x_1+q_1+o_2+o_3$。

选择一个先到期先服务、低梯队库存优先的最优方案，以 $y\in[Z_{-1},0]$ 表示期末总积压的负值，履约量为 $y-Z_{-1}$。$\vee=\max$，$\wedge=\min$。转移为 $z^+=(y\vee Z_{-1},y\vee Z_1,0)$、$u_i^+=y\vee U_i$，终止函数为
$$f_{21}(z^+,u^+)=2\sum_{i=1}^2[(0\vee u_i^+)-u_i^+].$$
正常期需求后目标为
$$G(y;Z,U)=2.5(y\vee Z_1)-5y+3\sum_{i=1}^2(y\vee U_i)-2\sum_{i=1}^2U_i+0.95f_{21}(z^+,u^+).$$
常规订货选择最小化 $\mathbb E[\min_{Z_{-1}\le y\le0}G(y;Z,U)]$；如常规订货出现多个最优解，选各坐标最小者。

当前期初 $x_1=5,x_2=15,w_{-1}=10,w_0=20$。选项中的反事实均只改变指定数量，其他成本、需求分布和时序不变。

Question：
判断关于最后正常期常规订货的陈述。
这是多选题，请选择所有由题面给定条件确定成立的陈述。

A. 当前状态下，阶段1的最优常规订单为15单位。

B. 若仅将逾期积压 $w_{-1}$ 增加5单位，阶段2的最优常规订单为17单位。

C. 若仅将阶段2期初物理库存改为 $x_2=2$，阶段1的最优常规订单为2单位。

D. 当前状态下，把阶段2的最优订货后梯队库存作为阶段1的供应上限，会得到符合并发常规订货物理约束的阶段1订单。","0"
"63","你正在回答一道独立的供应链决策多选题。仅根据本题条件作答。

请根据题目给定的条件，分别简要分析 A、B、C、D 四个选项，再给出最终答案。

每个选项说明其成立或不成立的关键依据，必要时给出简短计算。
分析长度以解释清楚为准，避免重复题干或展开无关背景。
不要引入题目未给出的假设。

按以下结构输出：
A：……
B：……
C：……
D：……

最后输出唯一的答案 JSON：
{""answer"":[""A"",""C""]}

answer 是唯一字段，数组包含 1–3 个不重复的大写选项字母，
仅限 A、B、C、D，按字母顺序排列。
示例选项仅说明格式，不代表本题答案。
分析部分不要输出候选答案 JSON，最终答案后不要输出任何内容。

题目：
Scenario and Given Conditions：
单产品两级串联库存系统，阶段1服务客户，阶段2向充足外部源阶段3订货。当前是规划的最后正常期 $t=T=20$，折现因子 $\alpha=0.95$。各期需求独立，$D_t=\min\{X_t,15\}$，$X_t\sim\operatorname{Poisson}(2)$。常规订货与加急交付均零提前期，期初先并发常规订货，再观察需求，然后配给和加急，最后积压老化并计费。新需求承诺在下一期末前履约，允许提前履约，故 $\tau=1$；类别 $-1$ 已逾期，类别0当期到期，类别1为新需求，期初 $w_1=0$。目标是最小化正常期及终止期的期望折现订货、持有、积压与加急成本。

单位成本为 $c_1=c_2=0$，$h_1=2,h_2=1,h_3=0$，$b_{-1}=3,b_0=0.5,b_1=0$，加急总单价 $p_1=0,p_2=2,p_3=4$。期末未满足类别1转为类别0，未满足类别0转为类别 $-1$，逾期需求仍留在 $-1$。第21期无新需求、无常规订货，用现货或加急清空积压，剩余库存零残值。

记 $z=(-w_{-1}-w_0,-w_0,0)$，$u=(x_1+z_{-1},x_1+x_2+z_{-1})$，其中 $x_1,x_2\ge0$ 为期初物理库存。常规订单满足 $0\le q_1\le x_2,q_2\ge0$，订货后梯队库存 $v=u+q$。需求实现 $d$ 后，$Z=z-d(1,1,1)$、$U=v-d(1,1)$。配给 $a_j$ 满足 $0\le a_{-1}\le w_{-1},0\le a_0\le w_0,0\le a_1\le d$；加急 $o_2,o_3$ 满足 $0\le o_2\le x_2+q_2-q_1,o_3\ge0$，总履约量不超过 $x_1+q_1+o_2+o_3$。

选择一个先到期先服务、低梯队库存优先的最优方案，以 $y\in[Z_{-1},0]$ 表示期末总积压的负值，履约量为 $y-Z_{-1}$。$\vee=\max$，$\wedge=\min$。转移为 $z^+=(y\vee Z_{-1},y\vee Z_1,0)$、$u_i^+=y\vee U_i$，终止函数为
$$f_{21}(z^+,u^+)=2\sum_{i=1}^2[(0\vee u_i^+)-u_i^+].$$
正常期需求后目标为
$$G(y;Z,U)=2.5(y\vee Z_1)-5y+3\sum_{i=1}^2(y\vee U_i)-2\sum_{i=1}^2U_i+0.95f_{21}(z^+,u^+).$$
常规订货选择最小化 $\mathbb E[\min_{Z_{-1}\le y\le0}G(y;Z,U)]$；如常规订货出现多个最优解，选各坐标最小者。

当前期初积压为 $w_{-1}=5,w_0=15$。常规订货已经完成，需求实现为 $d=10$，此时 $U_1=-15,U_2=0$。相应地，阶段1有15单位常规可用现货，阶段2有15单位剩余现货。本题只考察此次需求后的决策，不再调整常规订单。若有多个最优配给方案，使用上述先到期先服务、低梯队优先的选择。

Question：
判断关于当前最优履约和加急动作的陈述。
这是多选题，请选择所有由题面给定条件确定成立的陈述。

A. 当前正常期末的未履约总需求为0。

B. 当前新发生的10单位需求均应留到终止期履约。

C. 当前阶段2的加急量为15单位。

D. 当前可以将向阶段2加急取得的部分货物留在阶段1，且仍达到相同的最小成本。","0"
"64","你正在回答一道独立的供应链决策多选题。仅根据本题条件作答。

请根据题目给定的条件，分别简要分析 A、B、C、D 四个选项，再给出最终答案。

每个选项说明其成立或不成立的关键依据，必要时给出简短计算。
分析长度以解释清楚为准，避免重复题干或展开无关背景。
不要引入题目未给出的假设。

按以下结构输出：
A：……
B：……
C：……
D：……

最后输出唯一的答案 JSON：
{""answer"":[""A"",""C""]}

answer 是唯一字段，数组包含 1–3 个不重复的大写选项字母，
仅限 A、B、C、D，按字母顺序排列。
示例选项仅说明格式，不代表本题答案。
分析部分不要输出候选答案 JSON，最终答案后不要输出任何内容。

题目：
Scenario and Given Conditions：
单产品有限期 $t=1,\ldots,T$ 的 $N\ge2$ 级串联供应链，阶段1服务需求，外部源阶段 $N+1$ 供应充足。常规与加急均零提前期，各期需求非负、独立、分布已知且均值有限，折现因子 $\alpha\in(0,1]$。客户新订单有 $\tau\ge0$ 期承诺窗口，允许提前履约；类别 $-1$ 为逾期，类别 $j=0,\ldots,\tau$ 尚余 $j$ 期。期初 $w_\tau=0$，定义 $z_j=-\sum_{k=j}^{\tau}w_k$、$a_i=\sum_{k=1}^ix_k+z_{-1}$，$x_i\ge0$、$a_{N+1}=+\infty$。各经理最小化本阶段的期望折现运营成本与净支付。

期初各阶段并发提交 $r_i\ge a_i$，实际订货后梯队库存 $v_i=r_i\wedge a_{i+1}$，常规订单 $q_i=v_i-a_i$。需求 $d$ 实现后，$Z=z-de$、$U=v-de$（$e$ 为相应维度的全1向量）。经理1选择 $y\in[Z_{-1},0]$，即总履约量 $y-Z_{-1}$，并采用先到期、低梯队优先的交付计划；各上游经理可接受或拒绝加急请求，拒绝阶段 $i$ 会阻断阶段 $i$ 及其上游经该节点交付的通道。本题固定请求以及其他上游经理配合交付的行为。

运营成本满足 $c_i\ge0$、$h_1>\cdots>h_N>h_{N+1}=0$、$b_{-1}\ge\cdots\ge b_\tau=0$。加急总单价 $p_i=\widehat p_i+\sum_{k=1}^{i-1}c_k$，$\widehat p_1=0$，$0\le\widehat p_i-\widehat p_{i-1}\le\widehat p_{i+1}-\widehat p_i$。常规和加急交易按相应成本结算，上游交易零利润。本题只比较下述支付与局部行为，不要求求解全系统均衡。

$U_{i,t}(v,z)$ 是同一集中式成本模型下阶段 $i$ 的凸订货目标函数。固定阶段 $i\in\{2,\ldots,N\}$，下游提交的 $r_{i-1}$ 是 $U_{i-1,t}(\cdot,z)$ 在 $[a_{i-1},+\infty)$ 上的最小最优解。其诱导惩罚由阶段 $i$ 付给阶段 $i-1$：
$$IP_i=\begin{cases}U_{i-1,t}(a_i,z)-U_{i-1,t}(r_{i-1},z),&r_{i-1}>a_i,\\0,&r_{i-1}\le a_i.\end{cases}$$

代销及积压费分摊后，上游阶段的期末成本为 $L_i(u)=\widetilde h_i u$，$\widetilde h_i=h_i-h_{i+1}$。未来成本采用同一模型的分解 $f_{t+1}(z,u)=C^B_{t+1}(z)+\sum_kC^I_{k,t+1}(u_k,z)$；其中 $C^I$ 是库存相关成本分量，仍可依赖积压。定义向量 $B=(Z_{-1},Z_1,\ldots,Z_\tau,0)$（$\tau=0$ 时为 $(Z_{-1},0)$），标量与向量的 $\vee$ 逐坐标作用。配合时状态为 $(u_i^+,z^+)=(y\vee U_i,y\vee B)$；拒绝时为 $(\widehat u_i^+,\widehat z^+)=(U_i,(y\wedge U_{i-1})\vee B)$。经理1仅在配合时支付
$$IC_i=L_i(u_i^+)-L_i(\widehat u_i^+)+\alpha[C^I_{i,t+1}(u_i^+,z^+)-C^I_{i,t+1}(\widehat u_i^+,\widehat z^+)].$$
比较接受和拒绝时，其他相同成本项抵消，上游交易为零利润。经理无差异时选择配合。IP、IC 均在链内两个经理间一收一付，真实外部订货、持有、积压和加急资源成本仍需结算。

Question：
判断关于该局部订货与加急激励的陈述。
这是多选题，请选择所有由题面给定条件确定成立的陈述。

A. 若 $a_i<r_{i-1}$，则当前 $IP_i\ge0$。

B. 扣除 $IC_i$ 后，经理 $i$ 接受交付的净成本严格低于拒绝交付的净成本。

C. 若 $y\le U_{i-1}$，经理 $i$ 的单方面拒绝不会改变期末积压向量。

D. 将各经理的成本与链内转移支付汇总后，IP 和 IC 的抵消会使全系统真实运营成本净额等于零。","0"
"65","你正在回答一道独立的供应链决策多选题。仅根据本题条件作答。

请根据题目给定的条件，分别简要分析 A、B、C、D 四个选项，再给出最终答案。

每个选项说明其成立或不成立的关键依据，必要时给出简短计算。
分析长度以解释清楚为准，避免重复题干或展开无关背景。
不要引入题目未给出的假设。

按以下结构输出：
A：……
B：……
C：……
D：……

最后输出唯一的答案 JSON：
{""answer"":[""A"",""C""]}

answer 是唯一字段，数组包含 1–3 个不重复的大写选项字母，
仅限 A、B、C、D，按字母顺序排列。
示例选项仅说明格式，不代表本题答案。
分析部分不要输出候选答案 JSON，最终答案后不要输出任何内容。

题目：
Scenario and Given Conditions：一个风险中性供应商与一个风险中性买方进行单周期交易。固定零售价 $r>0$，常规投入单位成本 $c>0$，可靠加急单位成本 $s>0$，满足 $\min\{s,r\}>c/p$。常规投入 $y\ge0$ 的产出为 $\alpha y$，$\alpha\sim\mathrm{Bernoulli}(p)$，$0<p<1$。需求 $D$ 与 $\alpha$ 独立，其分布 $F$、正密度 $f$ 和可靠性均为共同知识。需求支撑为 $[0,a)$（允许 $a=\infty$），$H=1-F$，$xf(x)/H(x)$ 递增。未满足需求流失，无额外罚款；未售商品无残值。所有数量非负。

供应商先选 $(w,\beta)\in[0,r]\times[0,1]$，令 $b=1-\beta$；买方选订单 $q$；供应商选常规投入 $y$；$\alpha$ 实现后供应商选 $bq\le z\le q$，以可靠加急补足 $e=(z-\alpha y)^+$；买方按实际交付支付 $wz$；最后 $D$ 实现。供应商交付无差异时选最小允许交付量。供应商在其各决策阶段最大化 $\Pi_S=-cy+E_\alpha[wz-se]$，买方最大化 $\Pi_B=E_{\alpha,D}[r\min(D,z)-wz]$。采用逆向归纳的子博弈完美均衡，记此模式为 X。纯批发价模式 P 采用相同时序和目标，但强制 $\beta=0$，两状态均必须交付全部订单。记两模式均衡变量下标为 X、P。

集中基准的最优利润 $\Pi^I$ 是选择常规投入 $y_1\ge0$ 及观察 $\alpha$ 后的加急量 $y_2(\alpha)\ge0$，最大化 $E[r\min(D,\alpha y_1+y_2(\alpha))-cy_1-sy_2(\alpha)]$ 所得的值。模式 $j$ 的效率为 $\rho_j=(\Pi_S^j+\Pi_B^j)/\Pi^I$。 另假定 $s<r$，需求密度对数凹，模式 P 有正交易，模式 X 的均衡满足 $w_X\le s$ 且 $b_X<1$。

Question：判断这些契约决策及均衡比较的陈述。

这是多选题，请选择所有由题面给定条件确定成立的陈述。

A. 供应弹性模式的均衡批发价满足 $w_X\le w_P$。

B. 供应弹性模式的成功状态交付量不低于纯批发价模式的成功状态交付量。

C. 供应弹性模式下买方期望利润满足 $\Pi_B^X\ge\Pi_B^P$。

D. 供应弹性模式的两状态交付安排能达到集中基准，即 $\rho_X=1$。","0"
"66","你正在回答一道独立的供应链决策多选题。仅根据本题条件作答。

请根据题目给定的条件，分别简要分析 A、B、C、D 四个选项，再给出最终答案。

每个选项说明其成立或不成立的关键依据，必要时给出简短计算。
分析长度以解释清楚为准，避免重复题干或展开无关背景。
不要引入题目未给出的假设。

按以下结构输出：
A：……
B：……
C：……
D：……

最后输出唯一的答案 JSON：
{""answer"":[""A"",""C""]}

answer 是唯一字段，数组包含 1–3 个不重复的大写选项字母，
仅限 A、B、C、D，按字母顺序排列。
示例选项仅说明格式，不代表本题答案。
分析部分不要输出候选答案 JSON，最终答案后不要输出任何内容。

题目：
Scenario and Given Conditions：一个风险中性供应商与一个风险中性买方进行单周期交易。固定零售价 $r>0$，常规投入单位成本 $c>0$，可靠加急单位成本 $s>0$，满足 $\min\{s,r\}>c/p$。常规投入 $y\ge0$ 的产出为 $\alpha y$，$\alpha\sim\mathrm{Bernoulli}(p)$，$0<p<1$。需求 $D$ 与 $\alpha$ 独立，其分布 $F$、正密度 $f$ 和可靠性均为共同知识。需求支撑为 $[0,a)$（允许 $a=\infty$），$H=1-F$，$xf(x)/H(x)$ 递增。未满足需求流失，无额外罚款；未售商品无残值。所有数量非负。

供应商先选 $(w,\beta)\in[0,r]\times[0,1]$，令 $b=1-\beta$；买方选订单 $q$；供应商选常规投入 $y$；$\alpha$ 实现后供应商选 $bq\le z\le q$，以可靠加急补足 $e=(z-\alpha y)^+$；买方按实际交付支付 $wz$；最后 $D$ 实现。供应商交付无差异时选最小允许交付量。供应商在其各决策阶段最大化 $\Pi_S=-cy+E_\alpha[wz-se]$，买方最大化 $\Pi_B=E_{\alpha,D}[r\min(D,z)-wz]$。采用逆向归纳的子博弈完美均衡，记此模式为 X。纯批发价模式 P 采用相同时序和目标，但强制 $\beta=0$，两状态均必须交付全部订单。记两模式均衡变量下标为 X、P。 另设 $s<r$。比较静态中未指明改变的参数及需求分布均保持固定，每个参数点均满足经济可行性条件。令 $\hat w$ 为同一 $r,c,F$ 下、完全可靠的供应商且不使用加急渠道时的均衡批发价。涉及局部变化的选项，仅比较变化前后仍满足 $w_X\le s$、$0<b_X<1$ 且未发生分支切换的均衡。

Question：判断这些契约决策及均衡比较的陈述。

这是多选题，请选择所有由题面给定条件确定成立的陈述。

A. 局部提高常规成本 $c$ 时，中断状态的绝对交付保证量 $b_Xq_X$ 保持不变。

B. 若 $s>\hat w$，固定 $r,c,s,F$ 并令 $p\to1^-$，则均衡弹性满足 $\lim_{p\to1^-}\beta_X(p)=0$。

C. 存在正阈值 $\underline p$，使较低可靠性区间 $p\le\underline p$ 内所有仍满足 $c/p<s$ 的参数点，最优模式为 $\beta_X=0$、$w_X>s$。

D. 在指定的局部区间内，若提高 $p$ 使 $q_X$ 严格增加，则 $\beta_X$ 严格减小。","0"
"67","你正在回答一道独立的供应链决策多选题。仅根据本题条件作答。

请根据题目给定的条件，分别简要分析 A、B、C、D 四个选项，再给出最终答案。

每个选项说明其成立或不成立的关键依据，必要时给出简短计算。
分析长度以解释清楚为准，避免重复题干或展开无关背景。
不要引入题目未给出的假设。

按以下结构输出：
A：……
B：……
C：……
D：……

最后输出唯一的答案 JSON：
{""answer"":[""A"",""C""]}

answer 是唯一字段，数组包含 1–3 个不重复的大写选项字母，
仅限 A、B、C、D，按字母顺序排列。
示例选项仅说明格式，不代表本题答案。
分析部分不要输出候选答案 JSON，最终答案后不要输出任何内容。

题目：
Scenario and Given Conditions：一个风险中性供应商与一个风险中性买方进行单周期交易。固定零售价 $r>0$，常规投入单位成本 $c>0$，可靠加急单位成本 $s>0$，满足 $\min\{s,r\}>c/p$。常规投入 $y\ge0$ 的产出为 $\alpha y$，$\alpha\sim\mathrm{Bernoulli}(p)$，$0<p<1$。需求 $D$ 与 $\alpha$ 独立，其分布 $F$、正密度 $f$ 和可靠性均为共同知识。需求支撑为 $[0,a)$（允许 $a=\infty$），$H=1-F$，$xf(x)/H(x)$ 递增。未满足需求流失，无额外罚款；未售商品无残值。所有数量非负。 另设 $s<r$，记 $v=H^{-1}(s/r)$，其中 $H^{-1}$ 为生存分位数。单向加急模式 SA 仅供应商能调用可靠加急源；双向加急模式 DA 中双方均能按同一单位成本 $s$ 调用此源。两模式均由供应商先选 $(w,\beta)\in[0,r]\times[0,1]$，$b=1-\beta$；买方选 $q$；供应商选 $y$；$\alpha$ 实现后供应商选 $bq\le z\le q$ 并加急 $e=(z-\alpha y)^+$。SA 买方支付 $wz$ 后等待需求实现。DA 买方收到 $z$ 后、需求实现前可选择 $u\ge0$ 自加急，再支付 $wz+su$，最后需求实现。供应商交付无差异时选最小量；DA 买方在供应商与外部源采购无差异时优先从供应商采购。供应商各阶段最大化 $-cy+E_\alpha[wz-se]$；SA 买方最大化 $E[r\min(D,z)-wz]$；DA 买方各阶段最大化 $E[r\min(D,z+u)-wz-su]$。所有均衡按逆向归纳求得。

令 $q_o$ 为 $H(q_o)-q_of(q_o)=c/(rp)$ 的解，记 $w_N=rH(q_o)$。假定 $w_N\le s$。$w_{SA}$、$\beta_{SA}$ 表示 SA 的均衡批发价与弹性；$q_X^{DA}$ 表示 DA 弹性均衡订单。DA 的纯批发价模式强制 $b=1$，其订单记为 $q_P^{DA}$。

Question：判断这些契约决策及均衡比较的陈述。

这是多选题，请选择所有由题面给定条件确定成立的陈述。

A. DA 中每个 $b\in[0,v/q_X^{DA}]$ 均可配合适当的均衡批发价，形成双方均衡期望利润相同的一族契约。

B. 在这族 DA 弹性均衡中，中断状态需求前总库存 $z+u$ 均等于 $v$。

C. 若进一步满足 $w_N<s<w_{SA}$，则 DA 的均衡弹性低于 $\beta_{SA}$。

D. DA 纯批发价均衡在中断状态的买方自加急量严格大于零。","0"
"68","你正在回答一道独立的供应链决策多选题。仅根据本题条件作答。

请根据题目给定的条件，分别简要分析 A、B、C、D 四个选项，再给出最终答案。

每个选项说明其成立或不成立的关键依据，必要时给出简短计算。
分析长度以解释清楚为准，避免重复题干或展开无关背景。
不要引入题目未给出的假设。

按以下结构输出：
A：……
B：……
C：……
D：……

最后输出唯一的答案 JSON：
{""answer"":[""A"",""C""]}

answer 是唯一字段，数组包含 1–3 个不重复的大写选项字母，
仅限 A、B、C、D，按字母顺序排列。
示例选项仅说明格式，不代表本题答案。
分析部分不要输出候选答案 JSON，最终答案后不要输出任何内容。

题目：
Scenario and Given Conditions：一个风险中性供应商与一个风险中性买方进行单周期交易。固定零售价 $r>0$，常规投入单位成本 $c>0$，可靠加急单位成本 $s>0$，满足 $\min\{s,r\}>c/p$。常规投入 $y\ge0$ 的产出为 $\alpha y$，$\alpha\sim\mathrm{Bernoulli}(p)$，$0<p<1$。需求 $D$ 与 $\alpha$ 独立，其分布 $F$、正密度 $f$ 和可靠性均为共同知识。需求支撑为 $[0,a)$（允许 $a=\infty$），$H=1-F$，$xf(x)/H(x)$ 递增。未满足需求流失，无额外罚款；未售商品无残值。所有数量非负。 供应商主导模式 SL：供应商先选 $(w,\beta)\in[0,r]\times[0,1]$，买方再选订单 $q$。买方主导模式 BL：买方先选 $\beta\in[0,1]$，供应商再选 $w\in[0,r]$，买方随后选订单 $q$。两模式后续相同：供应商选投入 $y$；$\alpha$ 实现；供应商选 $(1-\beta)q\le z\le q$ 并以成本 $s$ 加急 $e=(z-\alpha y)^+$；买方支付 $wz$；$D$ 最后实现。仅供应商有加急渠道，交付无差异时选最小量。供应商在其各阶段最大化 $\Pi_S=-cy+E_\alpha[wz-se]$；买方在其各阶段最大化 $\Pi_B=E[r\min(D,z)-wz]$。按逆向归纳求均衡，下标 SL、BL 区分模式。基准 P 为供应商先选批发价、强制 $\beta=0$ 的完全交付契约，其余时序和目标相同。

集中基准的最优利润 $\Pi^I$ 是选择常规投入 $y_1\ge0$ 及观察 $\alpha$ 后的加急量 $y_2(\alpha)\ge0$，最大化 $E[r\min(D,\alpha y_1+y_2(\alpha))-cy_1-sy_2(\alpha)]$ 所得的值。模式 $j$ 的效率为 $\rho_j=(\Pi_S^j+\Pi_B^j)/\Pi^I$。

Question：判断这些契约决策及均衡比较的陈述。

这是多选题，请选择所有由题面给定条件确定成立的陈述。

A. 对满足给定基础条件的需求分布，$\Pi_S^{BL}\ge\Pi_S^P$。

B. 若 $D\sim\mathrm{Uniform}[0,1]$，则 $w_{BL}=w_{SL}$。

C. 若 $D\sim\mathrm{Uniform}[0,1]$，则 $\beta_{BL}\le\beta_{SL}$。

D. 买方先选择弹性可使该模式达到集中效率，即 $\rho_{BL}=1$。","0"
"69","你正在回答一道独立的供应链决策多选题。仅根据本题条件作答。

请根据题目给定的条件，分别简要分析 A、B、C、D 四个选项，再给出最终答案。

每个选项说明其成立或不成立的关键依据，必要时给出简短计算。
分析长度以解释清楚为准，避免重复题干或展开无关背景。
不要引入题目未给出的假设。

按以下结构输出：
A：……
B：……
C：……
D：……

最后输出唯一的答案 JSON：
{""answer"":[""A"",""C""]}

answer 是唯一字段，数组包含 1–3 个不重复的大写选项字母，
仅限 A、B、C、D，按字母顺序排列。
示例选项仅说明格式，不代表本题答案。
分析部分不要输出候选答案 JSON，最终答案后不要输出任何内容。

题目：
Scenario and Given Conditions：一个风险中性供应商与一个风险中性买方进行单周期交易。固定零售价 $r>0$，常规投入单位成本 $c>0$，可靠加急单位成本 $s>0$，满足 $\min\{s,r\}>c/p$。常规投入 $y\ge0$ 的产出为 $\alpha y$，$\alpha\sim\mathrm{Bernoulli}(p)$，$0<p<1$。需求 $D$ 与 $\alpha$ 独立，其分布 $F$、正密度 $f$ 和可靠性均为共同知识。需求支撑为 $[0,a)$（允许 $a=\infty$），$H=1-F$，$xf(x)/H(x)$ 递增。未满足需求流失，无额外罚款；未售商品无残值。所有数量非负。

供应商先选 $(w,\beta)\in[0,r]\times[0,1]$，令 $b=1-\beta$；买方选订单 $q$；供应商选常规投入 $y$；$\alpha$ 实现后供应商选 $bq\le z\le q$，以可靠加急补足 $e=(z-\alpha y)^+$；买方按实际交付支付 $wz$；最后 $D$ 实现。供应商交付无差异时选最小允许交付量。供应商在其各决策阶段最大化 $\Pi_S=-cy+E_\alpha[wz-se]$，买方最大化 $\Pi_B=E_{\alpha,D}[r\min(D,z)-wz]$。采用逆向归纳的子博弈完美均衡，记此模式为 X。纯批发价模式 P 采用相同时序和目标，但强制 $\beta=0$，两状态均必须交付全部订单。记两模式均衡变量下标为 X、P。 定义 $\theta_S=\Pi_S^X/\Pi_S^P$、$\theta_B=\Pi_B^X/\Pi_B^P$；分母为零且分子为正时，定义比率为 $\infty$。比较静态固定 $r,c,p,F$，仅改变 $s$；每个比较点满足经济可行性条件。

Question：判断这些契约决策及均衡比较的陈述。

这是多选题，请选择所有由题面给定条件确定成立的陈述。

A. 若 $r<s$ 且 $r<c+(1-p)s$，则 $\theta_S=\infty$。

B. 存在满足给定基础条件、两种基准利润均为正的参数，使 $\theta_B>\theta_S$。

C. 在 $r<s$ 的区间，提高加急成本 $s$ 会使 X 模式供应商的均衡利润严格下降。

D. 在 $r<s$ 的区间，$\theta_B$ 随 $s$ 非递减（允许取扩展实数 $\infty$）。","0"
"70","你正在回答一道独立的供应链决策多选题。仅根据本题条件作答。

请根据题目给定的条件，分别简要分析 A、B、C、D 四个选项，再给出最终答案。

每个选项说明其成立或不成立的关键依据，必要时给出简短计算。
分析长度以解释清楚为准，避免重复题干或展开无关背景。
不要引入题目未给出的假设。

按以下结构输出：
A：……
B：……
C：……
D：……

最后输出唯一的答案 JSON：
{""answer"":[""A"",""C""]}

answer 是唯一字段，数组包含 1–3 个不重复的大写选项字母，
仅限 A、B、C、D，按字母顺序排列。
示例选项仅说明格式，不代表本题答案。
分析部分不要输出候选答案 JSON，最终答案后不要输出任何内容。

题目：
Scenario and Given Conditions：

某风险中性企业在面积 $A$ 的均匀二维市场销售一种产品，市场有 $\Lambda$ 个独立需求点，单点需求为 $N(\mu,\sigma^2)$，总需求为 $N(\Lambda\mu,\Lambda\sigma^2)$。两家同质供应商的单位采购成本为 $c$，单位销售收入为 $p$；$p>c>0$，$A,\Lambda,\mu,\sigma,a,b,\beta,\theta>0$。只对实际收到的数量支付采购费，无残值、无准入费用、无跨区调拨。企业先选择下列方案并确定非负订单，再实现供应中断，销售后可能召回；目标是最大化运营收入减采购费、物理回收成本及声誉损失的期望总利润 $T$，相等时允许并列。

单源 $S$ 由一家供应商服务全市场。均分专用分销 $D_2$ 将市场分成两个面积为 $A/2$ 的半区，各区仅由指定的一家供应商供货，各区需求为 $N(\Lambda\mu/2,\Lambda\sigma^2/2)$，独立优化区域订单。均分统一分销 $U_2$ 将总订单 $Q$ 各一半分给两家供应商，交付产品在整个市场混合分销；双方交付时收到 $Q$，仅一家交付时收到 $Q/2$，均中断时无销售。仅比较这三个采购与分销方案，不优化不等份额。

每家供应商以概率 $\xi\in[0,1)$ 中断，中断彼此独立且与需求独立。交付供应商的产品在销售后以小概率 $\alpha$ 召回，召回与中断、需求独立；采用忽略独立同时召回的 $\alpha^2$ 项的一阶损失模型，$\alpha=0$ 表示无召回。单位回收成本为 $a+b\sqrt{s}$，$s$ 是该次回收覆盖面积；单源召回量为 $\beta\Lambda\mu$，均分双源中每家召回量为 $\beta\Lambda\mu/2$。$S$ 和 $U_2$ 的单家召回覆盖面积为 $A$，$D_2$ 为 $A/2$。

声誉损失是 $\theta$ 乘召回覆盖区域的平均需求再乘 $F(v)$，其中 $v$ 是该区域内召回产品的严重度，而非面积比例。$F$ 在 $[0,1]$ 上严格递增且严格凹，$F(0)=0,F(1)=1$。$S,D_2$ 单家召回的 $v=1$，$U_2$ 的 $v=1/2$（按预定供货份额核算）；未交付供应商不召回。

采用未截断正态报童近似，正订单及负需求尾部可忽略的参数域内，均值为 $m$、标准差为 $s_d$ 的可靠供货区域的优化运营利润为 $(p-c)m-p s_d\phi(z)$，$z=\Phi^{-1}((p-c)/p)$。$\Phi,\phi$ 是标准正态分布及密度函数。零交付销售按零核算。令 $B=(p-c)\Lambda\mu$、$K=p\sigma\sqrt{\Lambda}\phi(z)>0$。统一分销的运营目标按供货状态核算：
\[
\pi^{U}_2=\max_{Q\ge0}\{(1-\xi)^2p h(Q)+2\xi(1-\xi)p h(Q/2)-(1-\xi)cQ\},\quad h(y)=E[\min(D,y)].
\]
所有比较均在上述报童及一阶召回模型内，参数比较时其余原始参数固定。

定义 $\alpha^*$ 为 $T^{D}_2=T^S$ 的召回风险水平；只有落在小概率有效域的阈值才解释为可实现的策略切换。

Question：

关于各方案比较及召回临界值，哪些陈述成立？

这是多选题，请选择所有由题面给定条件确定成立的陈述。

A. $\alpha^*$ 不随中断概率 $\xi$ 改变。

B. 在 $\alpha=0,\xi=0$ 时，$T^{D}_2>T^{U}_2$。

C. 增大单点需求标准差 $\sigma$ 会严格提高 $\alpha^*$。

D. 固定 $\alpha
e\alpha^*$ 时，提高 $\xi$ 会严格扩大 $|T^{D}_2-T^S|$。

---","0"
"71","你正在回答一道独立的供应链决策多选题。仅根据本题条件作答。

请根据题目给定的条件，分别简要分析 A、B、C、D 四个选项，再给出最终答案。

每个选项说明其成立或不成立的关键依据，必要时给出简短计算。
分析长度以解释清楚为准，避免重复题干或展开无关背景。
不要引入题目未给出的假设。

按以下结构输出：
A：……
B：……
C：……
D：……

最后输出唯一的答案 JSON：
{""answer"":[""A"",""C""]}

answer 是唯一字段，数组包含 1–3 个不重复的大写选项字母，
仅限 A、B、C、D，按字母顺序排列。
示例选项仅说明格式，不代表本题答案。
分析部分不要输出候选答案 JSON，最终答案后不要输出任何内容。

题目：
Scenario and Given Conditions：

某风险中性企业在面积 $A$ 的均匀二维市场销售一种产品，市场有 $\Lambda$ 个独立需求点，单点需求为 $N(\mu,\sigma^2)$，总需求为 $N(\Lambda\mu,\Lambda\sigma^2)$。两家同质供应商的单位采购成本为 $c$，单位销售收入为 $p$；$p>c>0$，$A,\Lambda,\mu,\sigma,a,b,\beta,\theta>0$。只对实际收到的数量支付采购费，无残值、无准入费用、无跨区调拨。企业先选择下列方案并确定非负订单，再实现供应中断，销售后可能召回；目标是最大化运营收入减采购费、物理回收成本及声誉损失的期望总利润 $T$，相等时允许并列。

单源 $S$ 由一家供应商服务全市场。均分专用分销 $D_2$ 将市场分成两个面积为 $A/2$ 的半区，各区仅由指定的一家供应商供货，各区需求为 $N(\Lambda\mu/2,\Lambda\sigma^2/2)$，独立优化区域订单。均分统一分销 $U_2$ 将总订单 $Q$ 各一半分给两家供应商，交付产品在整个市场混合分销；双方交付时收到 $Q$，仅一家交付时收到 $Q/2$，均中断时无销售。仅比较这三个采购与分销方案，不优化不等份额。

每家供应商以概率 $\xi\in[0,1)$ 中断，中断彼此独立且与需求独立。交付供应商的产品在销售后以小概率 $\alpha$ 召回，召回与中断、需求独立；采用忽略独立同时召回的 $\alpha^2$ 项的一阶损失模型，$\alpha=0$ 表示无召回。单位回收成本为 $a+b\sqrt{s}$，$s$ 是该次回收覆盖面积；单源召回量为 $\beta\Lambda\mu$，均分双源中每家召回量为 $\beta\Lambda\mu/2$。$S$ 和 $U_2$ 的单家召回覆盖面积为 $A$，$D_2$ 为 $A/2$。

声誉损失是 $\theta$ 乘召回覆盖区域的平均需求再乘 $F(v)$，其中 $v$ 是该区域内召回产品的严重度，而非面积比例。$F$ 在 $[0,1]$ 上严格递增且严格凹，$F(0)=0,F(1)=1$。$S,D_2$ 单家召回的 $v=1$，$U_2$ 的 $v=1/2$（按预定供货份额核算）；未交付供应商不召回。

采用未截断正态报童近似，正订单及负需求尾部可忽略的参数域内，均值为 $m$、标准差为 $s_d$ 的可靠供货区域的优化运营利润为 $(p-c)m-p s_d\phi(z)$，$z=\Phi^{-1}((p-c)/p)$。$\Phi,\phi$ 是标准正态分布及密度函数。零交付销售按零核算。令 $B=(p-c)\Lambda\mu$、$K=p\sigma\sqrt{\Lambda}\phi(z)>0$。统一分销的运营目标按供货状态核算：
\[
\pi^{U}_2=\max_{Q\ge0}\{(1-\xi)^2p h(Q)+2\xi(1-\xi)p h(Q/2)-(1-\xi)cQ\},\quad h(y)=E[\min(D,y)].
\]
所有比较均在上述报童及一阶召回模型内，参数比较时其余原始参数固定。

定义 $\alpha^*$ 为 $T^{D}_2=T^S$ 的召回风险水平。令 $\xi_1(\alpha)$ 表示 $S$ 与 $U_2$ 的供货风险分界；仅讨论分界存在且处于 $0<\xi_1<1$ 的有效范围，分界上允许并列。

Question：

关于策略排除、风险分界与低波动极限，哪些陈述成立？

这是多选题，请选择所有由题面给定条件确定成立的陈述。

A. 提高小召回概率 $\alpha$ 会使 $S$ 与 $U_2$ 的分界 $\xi_1(\alpha)$ 向更低的中断概率移动。

B. 在 $\alpha<\alpha^*$ 时，对任意 $\xi<1$，$D_2$ 均不能成为三方案的最优解。

C. 当 $\sigma\to0^+$ 且其余参数固定时，$\alpha^*\to+\infty$。

D. 在 $\alpha=0$ 时，对任意 $\xi<1$，三方案的最优解均属于 $\{S,U_2\}$。

---","0"
"72","你正在回答一道独立的供应链决策多选题。仅根据本题条件作答。

请根据题目给定的条件，分别简要分析 A、B、C、D 四个选项，再给出最终答案。

每个选项说明其成立或不成立的关键依据，必要时给出简短计算。
分析长度以解释清楚为准，避免重复题干或展开无关背景。
不要引入题目未给出的假设。

按以下结构输出：
A：……
B：……
C：……
D：……

最后输出唯一的答案 JSON：
{""answer"":[""A"",""C""]}

answer 是唯一字段，数组包含 1–3 个不重复的大写选项字母，
仅限 A、B、C、D，按字母顺序排列。
示例选项仅说明格式，不代表本题答案。
分析部分不要输出候选答案 JSON，最终答案后不要输出任何内容。

题目：
Scenario and Given Conditions：

某风险中性企业从两家同质供应商均分采购，并选择专用分销 $D_2$ 或统一分销 $U_2$。市场面积 $A$，有 $\Lambda$ 个独立 $N(\mu,\sigma^2)$ 需求点；$D_2$ 各服务面积 $A/2$ 的独立半区，$U_2$ 混合服务全市场。$p>c>0$，$A,\Lambda,\mu,\sigma,a,b,\beta,\theta>0$，按实收数量付 $c$，无残值、准入费用及调拨。先选方案和订单，再实现供货、销售及召回；各方案优化非负订单后，以运营利润减回收和声誉损失为总利润。

供应中断独立于需求，双方边际中断概率为 $0\le\xi\ll1$。召回损失按忽略 $\xi^2$ 的近似核算：双方交付概率 $1-2\xi$，仅一方交付概率 $2\xi$，要求 $\xi<1/2$。运营项采用正态报童近似及独立中断供货状态优化；召回发生于销售后，不改变订单或供货状态。

固定小边际召回概率 $0<\alpha\ll1$，双方交付时以 $\gamma=P(2召回\mid1召回)\in[\alpha,1]$ 描述对称正相关：仅一家召回总概率 $2\alpha(1-\gamma)$，双方同时召回概率 $\alpha\gamma$，无召回概率 $1-2\alpha+\alpha\gamma$；仅一家交付时其召回概率为 $\alpha$。这里保留 $\alpha\gamma$，不把它一概作为 $\alpha^2$ 丢弃。

单家召回量为 $\beta\Lambda\mu/2$，同时召回量为 $\beta\Lambda\mu$。单位回收成本 $a+b\sqrt{s}$：$D_2$ 单家召回时 $s=A/2$，同时召回时 $s=A$；$U_2$ 任一种召回状态均有 $s=A$。$D_2$ 单家、双方召回的声誉损失分别为 $\theta\Lambda\mu/2$、$\theta\Lambda\mu$，无跨区声誉溢出。$U_2$ 对应损失分别为 $\theta\Lambda\mu F(1/2)$、$\theta\Lambda\mu F(1)$；仅一家交付时也按原供货份额 $1/2$ 核算。$F$ 严格递增且严格凹，$F(0)=0,F(1)=1$。以下比较固定全部其他参数，仅改变 $\gamma$；线性 $F(x)=x$ 的选项是保持其他机制不变的单独替代情形。

Question：

关于召回相关性的变化，哪些陈述成立？

这是多选题，请选择所有由题面给定条件确定成立的陈述。

A. 提高 $\gamma$ 会严格降低 $D_2$ 的总利润。

B. 提高 $\gamma$ 会严格降低 $U_2$ 的期望物理回收成本。

C. 提高 $\gamma$ 会严格提高利润差 $T^{U}_2-T^{D}_2$。

D. 若改用 $F(x)=x$，提高 $\gamma$ 会严格降低 $U_2$ 的总利润。

---","0"
"73","你正在回答一道独立的供应链决策多选题。仅根据本题条件作答。

请根据题目给定的条件，分别简要分析 A、B、C、D 四个选项，再给出最终答案。

每个选项说明其成立或不成立的关键依据，必要时给出简短计算。
分析长度以解释清楚为准，避免重复题干或展开无关背景。
不要引入题目未给出的假设。

按以下结构输出：
A：……
B：……
C：……
D：……

最后输出唯一的答案 JSON：
{""answer"":[""A"",""C""]}

answer 是唯一字段，数组包含 1–3 个不重复的大写选项字母，
仅限 A、B、C、D，按字母顺序排列。
示例选项仅说明格式，不代表本题答案。
分析部分不要输出候选答案 JSON，最终答案后不要输出任何内容。

题目：
Scenario and Given Conditions：

某风险中性企业在面积 $A$ 的均匀二维市场销售一种产品，市场有 $\Lambda$ 个独立需求点，单点需求为 $N(\mu,\sigma^2)$，总需求为 $N(\Lambda\mu,\Lambda\sigma^2)$。两家同质供应商的单位采购成本为 $c$，单位销售收入为 $p$；$p>c>0$，$A,\Lambda,\mu,\sigma,a,b,\beta,\theta>0$。只对实际收到的数量支付采购费，无残值、无准入费用、无跨区调拨。企业先选择下列方案并确定非负订单，再实现供应中断，销售后可能召回；目标是最大化运营收入减采购费、物理回收成本及声誉损失的期望总利润 $T$，相等时允许并列。

单源 $S$ 由一家供应商服务全市场。均分专用分销 $D_2$ 将市场分成两个面积为 $A/2$ 的半区，各区仅由指定的一家供应商供货，各区需求为 $N(\Lambda\mu/2,\Lambda\sigma^2/2)$，独立优化区域订单。均分统一分销 $U_2$ 将总订单 $Q$ 各一半分给两家供应商，交付产品在整个市场混合分销；双方交付时收到 $Q$，仅一家交付时收到 $Q/2$，均中断时无销售。仅比较这三个采购与分销方案，不优化不等份额。

每家供应商以概率 $\xi\in(0,1)$ 中断，与需求独立，但中断可相关。交付供应商的产品在销售后以小概率 $\alpha$ 召回，召回与中断、需求独立；采用忽略独立同时召回的 $\alpha^2$ 项的一阶损失模型，$\alpha=0$ 表示无召回。单位回收成本为 $a+b\sqrt{s}$，$s$ 是该次回收覆盖面积；单源召回量为 $\beta\Lambda\mu$，均分双源中每家召回量为 $\beta\Lambda\mu/2$。$S$ 和 $U_2$ 的单家召回覆盖面积为 $A$，$D_2$ 为 $A/2$。

声誉损失是 $\theta$ 乘召回覆盖区域的平均需求再乘 $F(v)$，其中 $v$ 是该区域内召回产品的严重度，而非面积比例。$F$ 在 $[0,1]$ 上严格递增且严格凹，$F(0)=0,F(1)=1$。$S,D_2$ 单家召回的 $v=1$，$U_2$ 的 $v=1/2$（按预定供货份额核算）；未交付供应商不召回。

采用未截断正态报童近似，正订单及负需求尾部可忽略的参数域内，均值为 $m$、标准差为 $s_d$ 的可靠供货区域的优化运营利润为 $(p-c)m-p s_d\phi(z)$，$z=\Phi^{-1}((p-c)/p)$。$\Phi,\phi$ 是标准正态分布及密度函数。零交付销售按零核算。令 $B=(p-c)\Lambda\mu$、$K=p\sigma\sqrt{\Lambda}\phi(z)>0$。统一分销的运营目标按供货状态核算：
\[
\pi^{U}_2=\max_{Q\ge0}\{(1-2\xi+\xi\varrho)p h(Q)+2\xi(1-\varrho)p h(Q/2)-(1-\xi)cQ\},\quad h(y)=E[\min(D,y)].
\]
所有比较均在上述报童及一阶召回模型内，参数比较时其余原始参数固定。

固定正的小召回概率 $\alpha>0$，召回仍按独立一阶模型核算。中断条件概率 $\varrho=P(2中断\mid1中断)\in[\xi,1]$；双方交付、仅一方交付、均中断的概率依次为 $1-2\xi+\xi\varrho$、$2\xi(1-\varrho)$、$\xi\varrho$。单源方案的边际中断概率也为 $\xi$。比较时只改变 $\varrho$，其他参数均固定。

Question：

关于相关中断与完全相关边界，哪些陈述成立？

这是多选题，请选择所有由题面给定条件确定成立的陈述。

A. 在 $\varrho=1$ 时，$U_2$ 与单源 $S$ 的期望总利润相等。

B. $D_2$ 的期望总利润与 $\varrho$ 无关。

C. 对于任意固定 $Q>0$，提高 $\varrho$ 会增加 $U_2$ 的期望采购支出。

D. 在 $\varrho=1$ 时，$U_2$ 与单源 $S$ 的优化运营利润相等。

---","0"
"74","你正在回答一道独立的供应链决策多选题。仅根据本题条件作答。

请根据题目给定的条件，分别简要分析 A、B、C、D 四个选项，再给出最终答案。

每个选项说明其成立或不成立的关键依据，必要时给出简短计算。
分析长度以解释清楚为准，避免重复题干或展开无关背景。
不要引入题目未给出的假设。

按以下结构输出：
A：……
B：……
C：……
D：……

最后输出唯一的答案 JSON：
{""answer"":[""A"",""C""]}

answer 是唯一字段，数组包含 1–3 个不重复的大写选项字母，
仅限 A、B、C、D，按字母顺序排列。
示例选项仅说明格式，不代表本题答案。
分析部分不要输出候选答案 JSON，最终答案后不要输出任何内容。

题目：
Scenario and Given Conditions：

某风险中性企业有 $N\ge2$ 个同质、完全可靠的候选供应商（无供应中断），选择整数 $M\in\{1,\ldots,N\}$ 家均分采购。市场面积 $A$，含 $\Lambda$ 个独立 $N(\mu,\sigma^2)$ 需求点；$p>c>0$，$A,\Lambda,\mu,\sigma,a,b,\beta,\theta>0$。先选方式、数量并优化非负订单，再供货销售，销售后可能召回；按收货数量付费，无残值、准入费或跨区调拨，只考虑均分族。采用正订单和负需求尾部可忽略域的未截断正态报童近似。

专用分销 $D$ 将市场均分为 $M$ 个面积 $A/M$ 的区域，各区需求为 $N(\Lambda\mu/M,\Lambda\sigma^2/M)$，独立订货。统一分销 $U$ 将各供应商的产品在全市场混合，以总需求 $N(\Lambda\mu,\Lambda\sigma^2)$ 优化总订单。固定小召回概率 $\alpha$，损失只保留一阶项，有限 $N$ 下要求同时召回的高阶项可忽略。每家召回量为 $\beta\Lambda\mu/M$，单位回收成本为 $a+b\sqrt{s}$；$D$ 的 $s=A/M$，$U$ 的 $s=A$。声誉损失为 $\theta$ 乘召回覆盖区域平均需求再乘 $F(v)$，$v$ 是预定供货份额所定义的严重度：$D$ 为 $1$，$U$ 为 $1/M$。$F$ 在 $[0,1]$ 上严格递增且 $F(0)=0,F(1)=1$。

令 $z=\Phi^{-1}((p-c)/p)$，$B=(p-c)\Lambda\mu$，$\psi_1=p\sigma\sqrt\Lambda\phi(z)>0$，$\psi_2=\alpha\beta\Lambda\mu b\sqrt A$，$\psi_3=\alpha\Lambda\mu\theta$，$C_0=\alpha a\beta\Lambda\mu$，$r=\psi_2/\psi_1$。运营利润扣除召回损失后的总利润为
\[
T^D(M)=B-\psi_1\sqrt M-\psi_2/\sqrt M-\psi_3-C_0,\qquad
T^U(M)=B-\psi_1-\psi_2-\psi_3 M F(1/M)-C_0.
\]
企业在各族内选择所有达到最大期望总利润的整数 $M$，平局时保留全部最优数量。所有参数比较均固定其他原始参数。

本题 $\alpha\ge0$，$F$ 为凹函数。定义 $G^*=\max_M T^D(M)-\max_M T^U(M)$，两次最大化均遍历整数 $1,\ldots,N$。

Question：

关于离散采购数量及最优利润差，哪些陈述成立？

这是多选题，请选择所有由题面给定条件确定成立的陈述。

A. $M=1$ 属于专用分销最优数量集合的充分必要条件是 $r\le\sqrt2$。

B. 在 $r=\sqrt2$ 时，$G^*>0$。

C. $M=N$ 属于专用分销最优数量集合的必要条件是 $r\ge N$。

D. 在严格内部区域 $r<\sqrt2$ 中，$G^*$ 对 $\sigma$ 的局部偏导数为零。

---","0"
"75","你正在回答一道独立的供应链决策多选题。仅根据本题条件作答。

请根据题目给定的条件，分别简要分析 A、B、C、D 四个选项，再给出最终答案。

每个选项说明其成立或不成立的关键依据，必要时给出简短计算。
分析长度以解释清楚为准，避免重复题干或展开无关背景。
不要引入题目未给出的假设。

按以下结构输出：
A：……
B：……
C：……
D：……

最后输出唯一的答案 JSON：
{""answer"":[""A"",""C""]}

answer 是唯一字段，数组包含 1–3 个不重复的大写选项字母，
仅限 A、B、C、D，按字母顺序排列。
示例选项仅说明格式，不代表本题答案。
分析部分不要输出候选答案 JSON，最终答案后不要输出任何内容。

题目：
Scenario and Given Conditions：

某风险中性企业有 $N\ge2$ 个同质、完全可靠的候选供应商（无供应中断），选择整数 $M\in\{1,\ldots,N\}$ 家均分采购。市场面积 $A$，含 $\Lambda$ 个独立 $N(\mu,\sigma^2)$ 需求点；$p>c>0$，$A,\Lambda,\mu,\sigma,a,b,\beta,\theta>0$。先选方式、数量并优化非负订单，再供货销售，销售后可能召回；按收货数量付费，无残值、准入费或跨区调拨，只考虑均分族。采用正订单和负需求尾部可忽略域的未截断正态报童近似。

专用分销 $D$ 将市场均分为 $M$ 个面积 $A/M$ 的区域，各区需求为 $N(\Lambda\mu/M,\Lambda\sigma^2/M)$，独立订货。统一分销 $U$ 将各供应商的产品在全市场混合，以总需求 $N(\Lambda\mu,\Lambda\sigma^2)$ 优化总订单。固定小召回概率 $\alpha$，损失只保留一阶项，有限 $N$ 下要求同时召回的高阶项可忽略。每家召回量为 $\beta\Lambda\mu/M$，单位回收成本为 $a+b\sqrt{s}$；$D$ 的 $s=A/M$，$U$ 的 $s=A$。声誉损失为 $\theta$ 乘召回覆盖区域平均需求再乘 $F(v)$，$v$ 是预定供货份额所定义的严重度：$D$ 为 $1$，$U$ 为 $1/M$。$F$ 在 $[0,1]$ 上严格递增且 $F(0)=0,F(1)=1$。

令 $z=\Phi^{-1}((p-c)/p)$，$B=(p-c)\Lambda\mu$，$\psi_1=p\sigma\sqrt\Lambda\phi(z)>0$，$\psi_2=\alpha\beta\Lambda\mu b\sqrt A$，$\psi_3=\alpha\Lambda\mu\theta$，$C_0=\alpha a\beta\Lambda\mu$，$r=\psi_2/\psi_1$。运营利润扣除召回损失后的总利润为
\[
T^D(M)=B-\psi_1\sqrt M-\psi_2/\sqrt M-\psi_3-C_0,\qquad
T^U(M)=B-\psi_1-\psi_2-\psi_3 M F(1/M)-C_0.
\]
企业在各族内选择所有达到最大期望总利润的整数 $M$，平局时保留全部最优数量。所有参数比较均固定其他原始参数。

本题固定 $\alpha>0$。分别考虑声誉函数严格凹、线性 $F(x)=x$、严格凸三种情形，各情形只替换 $F$，其他参数和分销机制均保持不变。

Question：

关于声誉函数曲率、采购数量及分销族比较，哪些陈述成立？

这是多选题，请选择所有由题面给定条件确定成立的陈述。

A. 若 $F$ 严格凹，统一分销族的唯一最优数量为 $M=1$。

B. 若 $F$ 严格凸，增加 $M$ 会提高统一分销的优化运营利润。

C. 若 $F$ 严格凸，统一分销族的唯一最优数量为 $M=N$。

D. 若 $F(x)=x$ 且 $r<\sqrt2$，专用分销族的最优总利润严格高于统一分销族的最优总利润。","0"
"76","你正在回答一道独立的供应链决策多选题。仅根据本题条件作答。

请根据题目给定的条件，分别简要分析 A、B、C、D 四个选项，再给出最终答案。

每个选项说明其成立或不成立的关键依据，必要时给出简短计算。
分析长度以解释清楚为准，避免重复题干或展开无关背景。
不要引入题目未给出的假设。

按以下结构输出：
A：……
B：……
C：……
D：……

最后输出唯一的答案 JSON：
{""answer"":[""A"",""C""]}

answer 是唯一字段，数组包含 1–3 个不重复的大写选项字母，
仅限 A、B、C、D，按字母顺序排列。
示例选项仅说明格式，不代表本题答案。
分析部分不要输出候选答案 JSON，最终答案后不要输出任何内容。

题目：
Scenario and Given Conditions：

中央决策者控制两种部件的生产与转包。净库存 $I=(I_1,I_2)\in\mathbb Z^2$，缺货完全积压；需求为相互独立的泊松过程，率 $\lambda_i>0$。一台共享内部设施一次至多加工一种部件，也可闲置；两台专属转包设施可独立启闭并行加工。所有需求与加工时钟相互独立，加工时间指数分布，内部与专属商的服务率分别为 $\mu_{m,i},\mu_{s,i}>0$，开启时运行成本率为 $c_{m,i},c_{s,i}\ge0$。需求到达或加工完成后观察状态并选动作。

持有与积压成本率为 $H(I)=\sum_{i=1}^2[h_i\max(I_i,0)+b_i\max(-I_i,0)]$，$h_i,b_i>0$。目标为最小化无限期预期贴现成本，无收入或其他容量约束。采用时间单位使 $\sum_i(\lambda_i+\mu_{m,i}+\mu_{s,i})=1$，$0<\gamma<1$。给定同一个延续价值函数 $W$，本题考查当前 Bellman 决策步，不要求把 $W$ 识别为无限期最优固定点。若 $\rho_i=u_i\mu_{m,i}+v_i\mu_{s,i}$，转移至 $I-e_i$、$I+e_i$ 的概率分别为 $\lambda_i$、$\rho_i$，其余概率留在 $I$。当前动作最小化
$$H(I)+\sum_i(u_ic_{m,i}+v_ic_{s,i})+\gamma\mathbb E[W(I')\mid I,a].$$
定义 $e_i$ 为单位向量，$\Delta_i=W(I+e_i)-W(I)$，$g_{m,i}=c_{m,i}+\gamma\mu_{m,i}\Delta_i$、$g_{s,i}=c_{s,i}+\gamma\mu_{s,i}\Delta_i$。

动作 $a=(m,s_1,s_2)$ 中，$m\in\{0,1,2\}$ 表示内部闲置或加工部件1、2，$s_i\in\{0,i\}$ 表示专属商停机或加工部件$i$；$u_i=\mathbf1\{m=i\}$、$v_i=\mathbf1\{s_i=i\}$。全部可行动作为
$$\mathcal A=\{a1=(1,1,2),a2=(1,0,2),a3=(1,1,0),a4=(1,0,0),a5=(2,1,2),a6=(2,0,2),a7=(2,1,0),a8=(2,0,0),a9=(0,1,2),a10=(0,0,2),a11=(0,1,0),a12=(0,0,0)\}.$$

另定义 $\kappa_{m,i}=c_{m,i}/\mu_{m,i}$、$\kappa_{s,i}=c_{s,i}/\mu_{s,i}$，以及 $\mathcal A_2=\{a2,a4,a7,a8\}$。

Question：以下哪些陈述成立？

这是多选题，请选择所有由题面给定条件确定成立的陈述。

A. 若两个部件均满足 $\kappa_{m,i}\ge\kappa_{s,i}$，在任意给定状态和延续价值函数下，至少存在一个属于 $\mathcal A\setminus\mathcal A_2$ 的最优动作。

B. 若 $g_{s,1}<0$ 且 $g_{m,1}<0$，则每个最优动作都对部件1实施双源生产。

C. 若 $g_{s,1}>0$、$g_{m,1}<0$ 且 $g_{m,1}<g_{m,2}$，则必有 $\kappa_{m,1}<\kappa_{s,1}$。

D. 保持其他参数和完整差分向量不变，提高 $c_{s,1}$ 不会使专属商1由严格最优开启切换为严格最优关闭。","0"
"77","你正在回答一道独立的供应链决策多选题。仅根据本题条件作答。

请根据题目给定的条件，分别简要分析 A、B、C、D 四个选项，再给出最终答案。

每个选项说明其成立或不成立的关键依据，必要时给出简短计算。
分析长度以解释清楚为准，避免重复题干或展开无关背景。
不要引入题目未给出的假设。

按以下结构输出：
A：……
B：……
C：……
D：……

最后输出唯一的答案 JSON：
{""answer"":[""A"",""C""]}

answer 是唯一字段，数组包含 1–3 个不重复的大写选项字母，
仅限 A、B、C、D，按字母顺序排列。
示例选项仅说明格式，不代表本题答案。
分析部分不要输出候选答案 JSON，最终答案后不要输出任何内容。

题目：
Scenario and Given Conditions：

中央决策者控制两种部件的生产与转包。净库存 $I=(I_1,I_2)\in\mathbb Z^2$，缺货完全积压；需求为相互独立的泊松过程，率 $\lambda_i>0$。一台共享内部设施一次至多加工一种部件，也可闲置；两台专属转包设施可独立启闭并行加工。所有需求与加工时钟相互独立，加工时间指数分布，内部与专属商的服务率分别为 $\mu_{m,i},\mu_{s,i}>0$，开启时运行成本率为 $c_{m,i},c_{s,i}\ge0$。需求到达或加工完成后观察状态并选动作。

持有与积压成本率为 $H(I)=\sum_{i=1}^2[h_i\max(I_i,0)+b_i\max(-I_i,0)]$，$h_i,b_i>0$。目标为最小化无限期预期贴现成本，无收入或其他容量约束。采用时间单位使 $\sum_i(\lambda_i+\mu_{m,i}+\mu_{s,i})=1$，$0<\gamma<1$。给定同一个延续价值函数 $W$，本题考查当前 Bellman 决策步，不要求把 $W$ 识别为无限期最优固定点。若 $\rho_i=u_i\mu_{m,i}+v_i\mu_{s,i}$，转移至 $I-e_i$、$I+e_i$ 的概率分别为 $\lambda_i$、$\rho_i$，其余概率留在 $I$。当前动作最小化
$$H(I)+\sum_i(u_ic_{m,i}+v_ic_{s,i})+\gamma\mathbb E[W(I')\mid I,a].$$
定义 $e_i$ 为单位向量，$\Delta_i=W(I+e_i)-W(I)$，$g_{m,i}=c_{m,i}+\gamma\mu_{m,i}\Delta_i$、$g_{s,i}=c_{s,i}+\gamma\mu_{s,i}\Delta_i$。

动作 $a=(m,s_1,s_2)$ 中，$m\in\{0,1,2\}$ 表示内部闲置或加工部件1、2，$s_i\in\{0,i\}$ 表示专属商停机或加工部件$i$；$u_i=\mathbf1\{m=i\}$、$v_i=\mathbf1\{s_i=i\}$。全部可行动作为
$$\mathcal A=\{a1=(1,1,2),a2=(1,0,2),a3=(1,1,0),a4=(1,0,0),a5=(2,1,2),a6=(2,0,2),a7=(2,1,0),a8=(2,0,0),a9=(0,1,2),a10=(0,0,2),a11=(0,1,0),a12=(0,0,0)\}.$$

定义 M-S 对称为各部件分别满足 $c_{m,i}=c_{s,i}$、$\mu_{m,i}=\mu_{s,i}$；定义完全生产对称为四项成本率均等于 $c\ge0$、四项服务率均等于 $\mu>0$。完全生产对称时令 $x_i=c+\gamma\mu\Delta_i$。两部件需求率和库存成本可以不对称。最优集合包括全部平局动作，不指定优先顺序。

Question：以下哪些关于最优动作与生产速率的陈述成立？

这是多选题，请选择所有由题面给定条件确定成立的陈述。

A. 在 M-S 对称下，$a9=(0,1,2)$ 不会成为唯一最优动作。

B. 在完全生产对称下，每个最优动作中，每种部件的总生产速率都只能取 $0$ 或 $2\mu$。

C. 在完全生产对称下，若 $x_1<0$、$x_2<0$ 且 $x_1
e x_2$，最优动作的两部件生产速率分别为：增量成本较小者 $2\mu$，另一部件 $\mu$。

D. 在完全生产对称下，对任意状态和给定 $W$，至少存在一个最优动作属于 $\{a1,a3,a5,a6,a12\}$。","0"
"78","你正在回答一道独立的供应链决策多选题。仅根据本题条件作答。

请根据题目给定的条件，分别简要分析 A、B、C、D 四个选项，再给出最终答案。

每个选项说明其成立或不成立的关键依据，必要时给出简短计算。
分析长度以解释清楚为准，避免重复题干或展开无关背景。
不要引入题目未给出的假设。

按以下结构输出：
A：……
B：……
C：……
D：……

最后输出唯一的答案 JSON：
{""answer"":[""A"",""C""]}

answer 是唯一字段，数组包含 1–3 个不重复的大写选项字母，
仅限 A、B、C、D，按字母顺序排列。
示例选项仅说明格式，不代表本题答案。
分析部分不要输出候选答案 JSON，最终答案后不要输出任何内容。

题目：
Scenario and Given Conditions：

中央决策者控制 $N>2$ 种部件，状态 $I\in\mathbb Z^N$ 为净库存，需求不足时完全积压。部件$k$的独立泊松需求率为 $\lambda_k>0$；共享内部设施加工部件$k$的指数服务率为 $\mu_{m,k}>0$，专属转包商$k$的指数服务率为 $\mu_{s,k}>0$。全部时钟独立，运行成本率 $c_{m,k},c_{s,k}\ge0$。在需求到达或加工完成后选动作：$\alpha_k,\beta_k\in\{0,1\}$ 分别表示内部与专属商是否加工$k$，内部必须选择一种部件，即 $\sum_k\alpha_k=1$，专属商可各自独立启闭。

目标为最小化无限期预期贴现总成本，无收入或额外产能约束。$H(I)=\sum_k[h_k\max(I_k,0)+b_k\max(-I_k,0)]$，$h_k,b_k>0$。时间单位满足 $\sum_k(\lambda_k+\mu_{m,k}+\mu_{s,k})=1$，$0<\gamma<1$。给定非负有限延续价值函数 $W$，当前 Bellman 决策步最小化
$$H(I)+\sum_k(\alpha_kc_{m,k}+\beta_kc_{s,k})+\gamma\mathbb E[W(I')\mid I,\alpha,\beta].$$
转移到 $I-e_k$ 的概率为 $\lambda_k$，到 $I+e_k$ 的概率为 $\alpha_k\mu_{m,k}+\beta_k\mu_{s,k}$，其余概率自环。$e_k$ 为单位向量，定义 $\Delta_k=W(I+e_k)-W(I)$、$g_{m,k}=c_{m,k}+\gamma\mu_{m,k}\Delta_k$、$g_{s,k}=c_{s,k}+\gamma\mu_{s,k}\Delta_k$。本题只考查给定 $W$ 的当前决策，不假定 $W$ 为最优固定点。

Question：以下哪些陈述成立？

这是多选题，请选择所有由题面给定条件确定成立的陈述。

A. 固定设施参数与 $W$，仅改变另一个部件$k
e j$的库存 $I_k$，专属转包商$j$的最优启闭集合一定不变。

B. 若 $g_{m,j}>0$ 且 $g_{m,j}<g_{m,k}$ 对所有 $k
e j$ 成立，则所有最优动作均有 $\alpha_j=1$。

C. 在固定状态与完整差分向量的局部比较中，若原来的内部唯一获选部件为$j$，且只降低另一部件$\ell$的内部成本率使 $g'_{m,\ell}<\min_{k
e\ell}g_{m,k}$，则原本满足 $g_{s,k}<0$ 的专属商中至少一家必须关闭。

D. 对不同部件 $k,j$，$g_{m,k}<g_{m,j}$ 等价于 $\mu_{m,k}\Delta_k-\mu_{m,j}\Delta_j<(c_{m,j}-c_{m,k})/\gamma$。","0"
"79","你正在回答一道独立的供应链决策多选题。仅根据本题条件作答。

请根据题目给定的条件，分别简要分析 A、B、C、D 四个选项，再给出最终答案。

每个选项说明其成立或不成立的关键依据，必要时给出简短计算。
分析长度以解释清楚为准，避免重复题干或展开无关背景。
不要引入题目未给出的假设。

按以下结构输出：
A：……
B：……
C：……
D：……

最后输出唯一的答案 JSON：
{""answer"":[""A"",""C""]}

answer 是唯一字段，数组包含 1–3 个不重复的大写选项字母，
仅限 A、B、C、D，按字母顺序排列。
示例选项仅说明格式，不代表本题答案。
分析部分不要输出候选答案 JSON，最终答案后不要输出任何内容。

题目：
Scenario and Given Conditions：

中央决策者控制两种部件的生产与转包。净库存 $I=(I_1,I_2)\in\mathbb Z^2$，缺货完全积压；需求为相互独立的泊松过程，率 $\lambda_i>0$。一台共享内部设施一次至多加工一种部件，也可闲置；两台专属转包设施可独立启闭并行加工。所有需求与加工时钟相互独立，加工时间指数分布，内部与专属商的服务率分别为 $\mu_{m,i},\mu_{s,i}>0$，开启时运行成本率为 $c_{m,i},c_{s,i}\ge0$。需求到达或加工完成后观察状态并选动作。

持有与积压成本率为 $H(I)=\sum_{i=1}^2[h_i\max(I_i,0)+b_i\max(-I_i,0)]$，$h_i,b_i>0$。目标为最小化无限期预期贴现成本，无收入或其他容量约束。采用时间单位使 $\sum_i(\lambda_i+\mu_{m,i}+\mu_{s,i})=1$，$0<\gamma<1$。给定同一个延续价值函数 $W$，本题考查当前 Bellman 决策步，不要求把 $W$ 识别为无限期最优固定点。若 $\rho_i=u_i\mu_{m,i}+v_i\mu_{s,i}$，转移至 $I-e_i$、$I+e_i$ 的概率分别为 $\lambda_i$、$\rho_i$，其余概率留在 $I$。当前动作最小化
$$H(I)+\sum_i(u_ic_{m,i}+v_ic_{s,i})+\gamma\mathbb E[W(I')\mid I,a].$$
定义 $e_i$ 为单位向量，$\Delta_i=W(I+e_i)-W(I)$，$g_{m,i}=c_{m,i}+\gamma\mu_{m,i}\Delta_i$、$g_{s,i}=c_{s,i}+\gamma\mu_{s,i}\Delta_i$。

动作 $a=(m,s_1,s_2)$ 中，$m\in\{0,1,2\}$ 表示内部闲置或加工部件1、2，$s_i\in\{0,i\}$ 表示专属商停机或加工部件$i$；$u_i=\mathbf1\{m=i\}$、$v_i=\mathbf1\{s_i=i\}$。全部可行动作为
$$\mathcal A=\{a1=(1,1,2),a2=(1,0,2),a3=(1,1,0),a4=(1,0,0),a5=(2,1,2),a6=(2,0,2),a7=(2,1,0),a8=(2,0,0),a9=(0,1,2),a10=(0,0,2),a11=(0,1,0),a12=(0,0,0)\}.$$

规划团队使用以下假设测试输入进行单步调度比较（数值不代表现场数据或最优固定点观测）：
$$\gamma=0.8,\quad (c_{m,1},\mu_{m,1},c_{s,1},\mu_{s,1})=(1.2,0.25,1.6,0.20),$$
$$(c_{m,2},\mu_{m,2},c_{s,2},\mu_{s,2})=(1.0,0.20,1.5,0.25),\qquad (\Delta_1,\Delta_2)=(-8,-7).$$
需求率均为正且 $\lambda_1+\lambda_2=0.10$；库存成本为任意正值。以下每项情景均独立从基准输入出发，涉及的差分变化是明确指定的输入，不代表重新求解完整库存策略。

Question：以下哪些陈述成立？

这是多选题，请选择所有由题面给定条件确定成立的陈述。

A. 基准输入下，唯一最优动作为 $a4=(1,0,0)$。

B. 基准输入下，$a4=(1,0,0)$ 与 $a8=(2,0,0)$ 的当前 Bellman 目标相同。

C. 仅把 $c_{s,1}$ 降至 $1.1$，保持其他参数与完整差分不变，唯一最优动作为 $a3=(1,1,0)$。

D. 仅把差分输入 $\Delta_2$ 改为 $-10$，保持全部参数及 $\Delta_1$ 不变，唯一最优动作为 $a6=(2,0,2)$。","0"
"80","你正在回答一道独立的供应链决策多选题。仅根据本题条件作答。

请根据题目给定的条件，分别简要分析 A、B、C、D 四个选项，再给出最终答案。

每个选项说明其成立或不成立的关键依据，必要时给出简短计算。
分析长度以解释清楚为准，避免重复题干或展开无关背景。
不要引入题目未给出的假设。

按以下结构输出：
A：……
B：……
C：……
D：……

最后输出唯一的答案 JSON：
{""answer"":[""A"",""C""]}

answer 是唯一字段，数组包含 1–3 个不重复的大写选项字母，
仅限 A、B、C、D，按字母顺序排列。
示例选项仅说明格式，不代表本题答案。
分析部分不要输出候选答案 JSON，最终答案后不要输出任何内容。

题目：
Scenario and Given Conditions：

中央决策者控制两种部件的生产与转包。净库存 $I=(I_1,I_2)\in\mathbb Z^2$，缺货完全积压；需求为相互独立的泊松过程，率 $\lambda_i>0$。一台共享内部设施一次至多加工一种部件，也可闲置；两台专属转包设施可独立启闭并行加工。所有需求与加工时钟相互独立，加工时间指数分布，内部与专属商的服务率分别为 $\mu_{m,i},\mu_{s,i}>0$，开启时运行成本率为 $c_{m,i},c_{s,i}\ge0$。需求到达或加工完成后观察状态并选动作。

持有与积压成本率为 $H(I)=\sum_{i=1}^2[h_i\max(I_i,0)+b_i\max(-I_i,0)]$，$h_i,b_i>0$。目标为最小化无限期预期贴现成本，无收入或其他容量约束。采用时间单位使 $\sum_i(\lambda_i+\mu_{m,i}+\mu_{s,i})=1$，$0<\gamma<1$。给定同一个延续价值函数 $W$，本题考查当前 Bellman 决策步，不要求把 $W$ 识别为无限期最优固定点。若 $\rho_i=u_i\mu_{m,i}+v_i\mu_{s,i}$，转移至 $I-e_i$、$I+e_i$ 的概率分别为 $\lambda_i$、$\rho_i$，其余概率留在 $I$。当前动作最小化
$$H(I)+\sum_i(u_ic_{m,i}+v_ic_{s,i})+\gamma\mathbb E[W(I')\mid I,a].$$
定义 $e_i$ 为单位向量，$\Delta_i=W(I+e_i)-W(I)$，$g_{m,i}=c_{m,i}+\gamma\mu_{m,i}\Delta_i$、$g_{s,i}=c_{s,i}+\gamma\mu_{s,i}\Delta_i$。

动作 $a=(m,s_1,s_2)$ 中，$m\in\{0,1,2\}$ 表示内部闲置或加工部件1、2，$s_i\in\{0,i\}$ 表示专属商停机或加工部件$i$；$u_i=\mathbf1\{m=i\}$、$v_i=\mathbf1\{s_i=i\}$。全部可行动作为
$$\mathcal A=\{a1=(1,1,2),a2=(1,0,2),a3=(1,1,0),a4=(1,0,0),a5=(2,1,2),a6=(2,0,2),a7=(2,1,0),a8=(2,0,0),a9=(0,1,2),a10=(0,0,2),a11=(0,1,0),a12=(0,0,0)\}.$$

定义 $\kappa_{m,i}=c_{m,i}/\mu_{m,i}$、$\kappa_{s,i}=c_{s,i}/\mu_{s,i}$。给定状态 $I^*$ 和延续函数 $W$，一次完整的12动作比较表明，$a7=(2,1,0)$ 的当前 Bellman 目标严格低于其他所有可行动作。所有参数满足前述域，但未提供具体数值。

Question：根据这一动作比较结果，以下哪些结论必然成立？

这是多选题，请选择所有由题面给定条件确定成立的陈述。

A. 部件2的单位产出成本率满足 $\kappa_{m,2}<\kappa_{s,2}$。

B. 部件2不可能同时满足 $c_{m,2}=c_{s,2}$ 与 $\mu_{m,2}=\mu_{s,2}$。

C. 部件1的内部增量成本满足 $g_{m,1}>0$。

D. 两部件的延续价值差分满足 $\Delta_2<\Delta_1$。","0"
"81","你正在回答一道独立的供应链决策多选题。仅根据本题条件作答。

请根据题目给定的条件，分别简要分析 A、B、C、D 四个选项，再给出最终答案。

每个选项说明其成立或不成立的关键依据，必要时给出简短计算。
分析长度以解释清楚为准，避免重复题干或展开无关背景。
不要引入题目未给出的假设。

按以下结构输出：
A：……
B：……
C：……
D：……

最后输出唯一的答案 JSON：
{""answer"":[""A"",""C""]}

answer 是唯一字段，数组包含 1–3 个不重复的大写选项字母，
仅限 A、B、C、D，按字母顺序排列。
示例选项仅说明格式，不代表本题答案。
分析部分不要输出候选答案 JSON，最终答案后不要输出任何内容。

题目：
Scenario and Given Conditions：
一家企业在有限规划的最后一期选择库存和融资，以最大化期望终端财富 $E[w'+sx']$。单位售价 $p=10$、采购成本 $c=6$、清算及终端残值 $s=2$，贷款利率 $\alpha=0.25$，质押率 $\gamma=0.5$。需求 $D\sim U[0,100]$，缺货丢失，无单位持有成本、存款利息或仓储容量限制，采购零提前期。

期初库存为 $x\ge0$，净现金为 $w\ge0$。先观测状态，再清算库存、确定本期总贷款 $l$、采购，随后实现需求、销售及结算贷款本息。操作后库存为 $y\ge0$；清算与采购互斥，贷款时新采购库存尚不存在。记 $z^+=\max\{z,0\}$、$z^-=\max\{-z,0\}$。可行决策满足
$$w+s(y-x)^-+l-c(y-x)^+\ge0,\qquad 0\le l\le\gamma s\min\{x,y\}.$$
结算状态为
$$x'=(y-D)^+,\quad w'=w+s(y-x)^-+l-c(y-x)^++p\min\{D,y\}-(1+\alpha)l.$$
下列选项分别给出不同期初状态，其他条件保持相同。

Question：
这是多选题，请选择所有由题面给定条件确定成立的陈述。

A. 当 $(x,w)=(0,120)$ 时，最优操作后库存为 $y^*=20$。

B. 当 $(x,w)=(10,120)$ 时，最优本期总贷款为 $l^*=7.5$。

C. 当 $(x,w)=(10,210)$ 时，最优操作后库存为 $y^*=50$。

D. 当 $(x,w)=(60,360)$ 时，最优操作后库存为 $y^*=50$。","0"
"82","你正在回答一道独立的供应链决策多选题。仅根据本题条件作答。

请根据题目给定的条件，分别简要分析 A、B、C、D 四个选项，再给出最终答案。

每个选项说明其成立或不成立的关键依据，必要时给出简短计算。
分析长度以解释清楚为准，避免重复题干或展开无关背景。
不要引入题目未给出的假设。

按以下结构输出：
A：……
B：……
C：……
D：……

最后输出唯一的答案 JSON：
{""answer"":[""A"",""C""]}

answer 是唯一字段，数组包含 1–3 个不重复的大写选项字母，
仅限 A、B、C、D，按字母顺序排列。
示例选项仅说明格式，不代表本题答案。
分析部分不要输出候选答案 JSON，最终答案后不要输出任何内容。

题目：
Scenario and Given Conditions：
一家企业在有限规划的最后一期以最大化 $E[w'+sx']$ 为目标。单位售价 $p=10$、采购成本 $c=6$、清算及终端残值 $s=2$，贷款利率 $\alpha=0.25$，质押率 $\gamma=0.5$。需求 $D\sim U[0,100]$；缺货丢失，无单位持有成本、存款利息或仓储容量限制，采购零提前期。

期初库存为 $x\ge0$，净现金 $w$ 等于现金减旧债；当前 $w=-40$。状态须满足 $w+sx\ge0$。企业先观测状态，再清算、确定本期总贷款 $l$、采购，随后实现需求、销售、结算本息。总贷款包含滚存债务；操作后库存为 $y\ge0$。清算与采购互斥，贷款时新增库存尚不存在。记 $z^+=\max\{z,0\}$、$z^-=\max\{-z,0\}$。可行域及转移为
$$w+s(y-x)^-+l-c(y-x)^+\ge0,\qquad 0\le l\le\gamma s\min\{x,y\},$$
$$x'=(y-D)^+,\quad w'=w+s(y-x)^-+l-c(y-x)^++p\min\{D,y\}-(1+\alpha)l.$$

Question：
这是多选题，请选择所有由题面给定条件确定成立的陈述。

A. 当 $20\le x<40$ 时，任何可行动作都至少清算 $40-x$ 单位库存。

B. 当 $x=40$ 时，最优操作后库存为 $y^*=40$。

C. 当 $40<x\le93.75$ 时，最优操作后库存为 $y^*=x$。

D. 当 $x=100$ 时，最优操作后库存为 $y^*=80$。","0"
"83","你正在回答一道独立的供应链决策多选题。仅根据本题条件作答。

请根据题目给定的条件，分别简要分析 A、B、C、D 四个选项，再给出最终答案。

每个选项说明其成立或不成立的关键依据，必要时给出简短计算。
分析长度以解释清楚为准，避免重复题干或展开无关背景。
不要引入题目未给出的假设。

按以下结构输出：
A：……
B：……
C：……
D：……

最后输出唯一的答案 JSON：
{""answer"":[""A"",""C""]}

answer 是唯一字段，数组包含 1–3 个不重复的大写选项字母，
仅限 A、B、C、D，按字母顺序排列。
示例选项仅说明格式，不代表本题答案。
分析部分不要输出候选答案 JSON，最终答案后不要输出任何内容。

题目：
Scenario and Given Conditions：
一家企业管理两期库存，以最大化期望终端财富 $E[w_3+sx_3]$ 为目标。单位售价 $p=3$、采购成本 $c=1$、清算及终端残值 $s=0.8$，贷款利率 $\alpha=0.1$，质押率 $\gamma=0.5$。需求跨期独立；$D_1$ 为 $N(1,1^2)$ 条件截断于 $[0,2]$，$D_2$ 为 $N(5,5^2)$ 条件截断于 $[0,10]$。条件截断指以相应区间事件为条件重新归一化的分布。缺货丢失，无单位持有成本、存款利息或容量限制，采购零提前期。

各期期初状态为库存 $x_t\ge0$ 和净现金 $w_t$，须满足 $w_t+sx_t\ge0$。先观测状态，再清算、确定本期总贷款 $l_t$、采购，随后需求实现、销售、结算本息。操作后库存为 $y_t\ge0$，清算与采购互斥。记 $z^+=\max\{z,0\}$、$z^-=\max\{-z,0\}$。库存质押融资模式（IBF）的可行域及转移为
$$w_t+s(y_t-x_t)^-+l_t-c(y_t-x_t)^+\ge0,\qquad 0\le l_t\le\gamma s\min\{x_t,y_t\},$$
$$x_{t+1}=(y_t-D_t)^+,\quad w_{t+1}=w_t+s(y_t-x_t)^-+l_t-c(y_t-x_t)^++p\min\{D_t,y_t\}-(1+\alpha)l_t.$$
无融资模式（NIBF）采用相同运营、需求及终值规则，但要求 $l_1=l_2=0$。各模式第二期都重新选择最优可行动作。

当前 $(x_1,w_1)=(3,1)$。比较两个第一期候选行动 $y_1=3$ 和 $y_1=4$，两者均取 $l_1=0$，不假定它们最优。在相同的需求实现 $D_1=d\in[0,2]$ 下分别计算第二期状态。记 $C_2=w_2+\gamma sx_2$，记 $B_2$ 为该第二期状态下 IBF 允许的最大操作后库存。两模式从当前状态出发的最优期望终值分别为 $V_1^{IBF}$、$V_1^{NIBF}$，定义
$$PPI=\frac{V_1^{IBF}-V_1^{NIBF}}{V_1^{NIBF}}\times100\%.$$

Question：
这是多选题，请选择所有由题面给定条件确定成立的陈述。

A. 在 NIBF 模式下，对于第一期选择 $y_1=4$ 的任一可行完整政策，可以改为第一期 $y_1=3$ 并在第二期相应调整采购或清算，获得不低于原政策的期望终端财富。

B. 对每个相同的 $d\in[0,2]$，第一期从 $y_1=3$ 改为 $y_1=4$，使第二期 IBF 的最大操作后库存 $B_2$ 增加 $0.4$。

C. 对每个相同的 $d\in[0,2]$，第一期从 $y_1=3$ 改为 $y_1=4$，使 $C_2$ 增加 $0.4$。

D. 从给定当前状态出发，两模式的最优值满足 $PPI\ge0$。","0"
"84","你正在回答一道独立的供应链决策多选题。仅根据本题条件作答。

请根据题目给定的条件，分别简要分析 A、B、C、D 四个选项，再给出最终答案。

每个选项说明其成立或不成立的关键依据，必要时给出简短计算。
分析长度以解释清楚为准，避免重复题干或展开无关背景。
不要引入题目未给出的假设。

按以下结构输出：
A：……
B：……
C：……
D：……

最后输出唯一的答案 JSON：
{""answer"":[""A"",""C""]}

answer 是唯一字段，数组包含 1–3 个不重复的大写选项字母，
仅限 A、B、C、D，按字母顺序排列。
示例选项仅说明格式，不代表本题答案。
分析部分不要输出候选答案 JSON，最终答案后不要输出任何内容。

题目：
Scenario and Given Conditions：
一家企业在最后一期选择库存和融资，最大化期望终端财富 $E[w'+sx']$。单位售价 $p=10$、采购成本 $c=6$、清算及终端残值 $s=2$，贷款利率 $\alpha=0.25$，质押率 $\gamma=0.5$；需求 $D\sim U[0,100]$。无存款利息，采购零提前期。期初库存 $x\ge0$、净现金 $w$ 须满足 $w+sx\ge0$。

先观测状态，再清算、确定本期总贷款 $l$、采购，随后实现需求及结算。操作后库存 $y\ge0$，清算与采购互斥。记 $z^+=\max\{z,0\}$、$z^-=\max\{-z,0\}$。所有版本的采购前约束均为
$$w+s(y-x)^-+l-c(y-x)^+\ge0,\qquad 0\le l\le\gamma s\min\{x,y\}.$$
基础版本缺货丢失、无单位持有成本及容量限制，结算为
$$x'=(y-D)^+,\quad w'=w+s(y-x)^-+l-c(y-x)^++p\min\{D,y\}-(1+\alpha)l.$$
另分别考虑三个独立替代版本，各自只改变所述规则：容量版本要求 $0\le x,y\le M=40$；持有成本版本在结算现金中额外扣除 $h(y-D)^+$，$h=0.1$；回补版本对全部需求先收取 $pD$，对缺货付单位惩罚 $b=3$，并按单位成本 $c$ 补购清欠，清欠费用也计入最后一期终值。回补版本无持有成本及容量限制，其结算现金为
$$w'=w+s(y-x)^-+l-c(y-x)^++pD-(b+c)(D-y)^+-(1+\alpha)l,$$
剩余库存仍为 $(y-D)^+$。这些参数满足 $(1+\alpha)\gamma\le1-h/s$ 以及回补条件 $p\ge b+c$、$b>\alpha c$、$b\ge\gamma s$。下列选项的各版本分别独立优化。

Question：
这是多选题，请选择所有由题面给定条件确定成立的陈述。

A. 在容量版本中，当 $(x,w)=(10,360)$ 时，最优操作后库存为 $y^*=40$。

B. 在持有成本版本中，当 $(x,w)=(100,360)$ 时，最优操作后库存为 $y^*=100$。

C. 在回补版本中，当 $(x,w)=(0,360)$ 时，最优操作后库存为 $y^*=300/7$。

D. 在基础版本中，当 $(x,w)=(100,360)$ 时，最优操作后库存为 $y^*=100$。","0"
"85","你正在回答一道独立的供应链决策多选题。仅根据本题条件作答。

请根据题目给定的条件，分别简要分析 A、B、C、D 四个选项，再给出最终答案。

每个选项说明其成立或不成立的关键依据，必要时给出简短计算。
分析长度以解释清楚为准，避免重复题干或展开无关背景。
不要引入题目未给出的假设。

按以下结构输出：
A：……
B：……
C：……
D：……

最后输出唯一的答案 JSON：
{""answer"":[""A"",""C""]}

answer 是唯一字段，数组包含 1–3 个不重复的大写选项字母，
仅限 A、B、C、D，按字母顺序排列。
示例选项仅说明格式，不代表本题答案。
分析部分不要输出候选答案 JSON，最终答案后不要输出任何内容。

题目：
Scenario and Given Conditions：
一家企业在最后一期以最大化期望终端财富 $E[w'+sx']$ 为目标。单位售价 $p=10$、采购成本 $c=6$、清算及终端残值 $s=2$，贷款利率 $\alpha=0.25$，质押率 $\gamma=0.5$。需求 $D\sim U[0,100]$；缺货丢失，无单位持有成本、存款利息或容量限制，采购零提前期。

期初库存为 $x\ge0$，净现金为现金减旧债，当前 $w=-15$；状态须满足 $w+sx\ge0$。先观测状态，再清算、确定本期总贷款 $l$、采购，随后实现需求、销售、结算本息。总贷款包含滚存债务；操作后库存 $y\ge0$，清算与采购互斥，贷款时新采购库存尚不存在。记 $z^+=\max\{z,0\}$、$z^-=\max\{-z,0\}$。约束及转移为
$$w+s(y-x)^-+l-c(y-x)^+\ge0,\qquad 0\le l\le\gamma s\min\{x,y\},$$
$$x'=(y-D)^+,\quad w'=w+s(y-x)^-+l-c(y-x)^++p\min\{D,y\}-(1+\alpha)l.$$

Question：
这是多选题，请选择所有由题面给定条件确定成立的陈述。

A. 当 $x=20$ 时，最优本期总贷款为 $l^*=20$。

B. 当 $x=35$ 时，最优操作后库存为 $y^*=35$。

C. 当 $x=15$ 时，任何最优决策都必须清算正数量库存。

D. 当 $x=30$ 时，最优本期总贷款为 $l^*=30$。","0"
"86","你正在回答一道独立的供应链决策多选题。仅根据本题条件作答。

请根据题目给定的条件，分别简要分析 A、B、C、D 四个选项，再给出最终答案。

每个选项说明其成立或不成立的关键依据，必要时给出简短计算。
分析长度以解释清楚为准，避免重复题干或展开无关背景。
不要引入题目未给出的假设。

按以下结构输出：
A：……
B：……
C：……
D：……

最后输出唯一的答案 JSON：
{""answer"":[""A"",""C""]}

answer 是唯一字段，数组包含 1–3 个不重复的大写选项字母，
仅限 A、B、C、D，按字母顺序排列。
示例选项仅说明格式，不代表本题答案。
分析部分不要输出候选答案 JSON，最终答案后不要输出任何内容。

题目：
**Scenario and Given Conditions：**
考虑一个由 3 个阶段组成的串联供应链（$n=3$），阶段编号按 $i \in \{1, 2, 3\}$ 顺次向上游递增：阶段 1 最靠近终端市场，阶段 2 为中间加工阶段，阶段 3 从完全可靠的外部来源获取初始原料。系统产品转化具有严格的 1 对 1 数量关系；市场需求率恒定为 $\lambda = 1$；供应提前期为 0；常态下的主生产能力无限；所有阶段的在制品及成品库存均不易腐。

各阶段的物理库存 $I_i \ge 0$ 以该阶段产出成品的形式存放在其紧邻的下游节点（阶段 2 的产出存放在阶段 1，阶段 3 的产出存放在阶段 2；阶段 1 的产出直接面向客户）。若阶段 $i$ 发生供应中断，其自身不再具备转化上游材料的能力，因而其上游阶段的所有库存均无法穿过发生中断的阶段 $i$ 流向客户；但中断不会毁损存放在该阶段及其下游且已转化完毕的库存。

各阶段正常状态中断率为 $\alpha_i>0$。各阶段具有共同的指数恢复率 $\beta > 0$，中断持续时长 $K$ 服从密度函数为 $f(k) = \beta e^{-\beta k}$（$k \ge 0$）的指数分布，且中断一旦发生，管理者立即获知其中断时长 $k$。当阶段 $e$ 发生中断时，仅有该阶段及其下游的梯队在制品库存 $S_e = \sum_{j=1}^e I_j$（令 $S_0 = 0$）可用于满足需求；若需求超出可用库存，未满足需求在中断结束时按每单位 $p > 0$ 产生积压缺货惩罚。

各阶段常态物理单位持有成本满足 $h_1 > h_2 > h_3 > 0$。在低中断率/高恢复率近似模型下，考虑阻断节点上游库存在中断期间持续发生的持有成本，定义各阶段有效持有成本为：
$$
\bar h_m = h_m \left( 1 + \sum_{j=1}^{m-1} \frac{\alpha_j}{\beta} \right), \quad m \in \{1, 2, 3\}.
$$
集中式管理者以最小化长期单位时间期望总成本为目标求解非负库存配置 $(I_1, I_2, I_3)$：
$$
\min_{I_1 \ge 0, I_2 \ge 0, I_3 \ge 0} \widetilde C(I) = \frac{\sum_{m=1}^3 \bar h_m I_m + (p/\beta)\sum_{e=1}^3 \alpha_e e^{-\beta S_e}}{1 + \sum_{j=1}^3 \alpha_j/\beta}.
$$
假定参数满足 $\bar h_1 < p(\alpha_1 + \alpha_2 + \alpha_3)$ 且 $\bar h_3 < p \alpha_3$。已知在最优解配置下，最下游阶段与最上游阶段均持有严格正库存，即 $\tilde I_1 > 0$ 且 $\tilde I_3 > 0$。

系统不预订备用产能。正常状态平均持续 $1/A$，$A=\sum_i\alpha_i$，下一中断位于阶段 $e$ 的概率为 $\alpha_e/A$；中断期间不发生第二次中断，恢复后立即补齐积压和库存，再开始正常时段。中断时长 $K$ 的密度为 $f(k)=\beta e^{-\beta k}$，$k\ge0$，且发生时即获知实际时长。

**Question：**
关于中间阶段 2 的最优库存配置 $\tilde I_2$ 及其临界条件，下列陈述中哪些由给定条件确定成立？
统一多选指令：这是多选题，请选择所有由题面给定条件确定成立的陈述。

A. 若有效成本差与中断率满足 $\frac{\bar h_1 - \bar h_2}{\bar h_2 - \bar h_3} \le \frac{\alpha_1}{\alpha_2}$，则中间阶段 2 的最优库存必为零（$\tilde I_2 = 0$），在阶段 1 与阶段 3 之间形成库存空隙。

B. 当中间阶段出现库存空隙（$\tilde I_2 = 0$）时，阶段 1 的最优梯队库存 $S_1$ 仅由阶段 1 自身的中断率 $\alpha_1$ 决定，与阶段 2 的中断率 $\alpha_2$ 无关。

C. 在已知 $\tilde I_1 > 0$ 且 $\tilde I_3 > 0$ 的前提下，阶段 3 持有严格正库存要求有效持有成本与中断率满足 $\frac{\bar h_1}{\bar h_3} > 1 + \frac{\alpha_1 + \alpha_2}{\alpha_3}$。

D. 若下游阶段 1 的中断率 $\alpha_1$ 单独增大且正库存活跃集保持不变，保持 $h_i,p,\beta,\alpha_2,\alpha_3$ 不变，阶段 1 的最优库存 $\tilde I_1$ 严格减少。","0"
"87","你正在回答一道独立的供应链决策多选题。仅根据本题条件作答。

请根据题目给定的条件，分别简要分析 A、B、C、D 四个选项，再给出最终答案。

每个选项说明其成立或不成立的关键依据，必要时给出简短计算。
分析长度以解释清楚为准，避免重复题干或展开无关背景。
不要引入题目未给出的假设。

按以下结构输出：
A：……
B：……
C：……
D：……

最后输出唯一的答案 JSON：
{""answer"":[""A"",""C""]}

answer 是唯一字段，数组包含 1–3 个不重复的大写选项字母，
仅限 A、B、C、D，按字母顺序排列。
示例选项仅说明格式，不代表本题答案。
分析部分不要输出候选答案 JSON，最终答案后不要输出任何内容。

题目：
**Scenario and Given Conditions：**
考虑一个由 $n$ 个阶段组成的串联供应链（$n \ge 2$），阶段编号 $i \in \{1,\dots,n\}$，阶段 1 最靠近市场，阶段 $n$ 由完全可靠来源供料。需求率恒定为 $\lambda = 1$；转化关系为 1 对 1；主产能无限；提前期为 0；在制品库存不易腐。阶段 $i$ 的库存 $I_i \ge 0$ 存放于紧邻下游节点，可抵御集合 $\{i,\dots,n\}$ 的中断，但无法跨越下游中断节点。

各阶段正常状态中断率为 $\alpha_i > 0$；共同恢复率为 $\beta > 0$，中断时长服从指数分布；至多单阶段中断；中断结束时每单位积压惩罚为 $p > 0$。有效持有成本为 $\bar h_m = h_m (1 + \sum_{j=1}^{m-1} \alpha_j/\beta)$，且物理成本满足 $h_1 > h_2 > \dots > h_n > 0$。集中式管理者通过求解以下凸优化目标确定最优近似库存向量 $\tilde I$：
$$
\min_{I \ge 0} \widetilde C(I) = \frac{\sum_{m=1}^n \bar h_m I_m + (p/\beta)\sum_{e=1}^n \alpha_e e^{-\beta S_e}}{1 + \sum_{j=1}^n \alpha_j/\beta}, \quad S_e = \sum_{j=1}^e I_j.
$$
现探讨两个具体决策情境：
- **情境 1（一般 $n$ 阶段链）：** $m \in \{1,\dots,n-1\}$ 是最下游的正库存阶段（即 $\tilde I_1 = \dots = \tilde I_{m-1} = 0, \tilde I_m > 0$），阶段 $m$ 之后存在大小为 $g \ge 0$ 的空隙（即若 $g>0$ 则 $\tilde I_{m+1} = \dots = \tilde I_{m+g} = 0$），且最上游阶段确认持有正库存（$\tilde I_n > 0$）。并有 $m+g<n$，下一正库存阶段为 $r=m+g+1$。定义全局下游承诺为 $\tilde I_m>\sum_{j=m+1}^n\tilde I_j$。
- **情境 2（两阶段系统 $n=2$）：** $\alpha_1 = \alpha_2 = \alpha > 0$，且经验证两阶段最优解均处于正库存活跃集（$\tilde I_1 > 0, \tilde I_2 > 0$）。

系统不预订备用产能。正常状态平均持续 $1/A$，$A=\sum_i\alpha_i$，下一中断位于阶段 $e$ 的概率为 $\alpha_e/A$；中断期间不发生第二次中断，恢复后立即补齐积压和库存，再开始正常时段。中断时长 $K$ 的密度为 $f(k)=\beta e^{-\beta k}$，$k\ge0$，且发生时即获知实际时长。

**Question：**
关于不同情境下库存向下游倾斜（下游承诺，Downstream Commitment）的性质与条件，下列陈述中哪些由给定条件确定成立？
统一多选指令：这是多选题，请选择所有由题面给定条件确定成立的陈述。

A. 在情境 1 中，若 $\bar h_n \le \frac{(\bar h_m - \bar h_{m+g+1})^2 \alpha_n}{p (\sum_{e=m}^{m+g} \alpha_e)^2}$，则全局下游承诺必然失效，即全链最优库存必满足 $\tilde I_m \le \sum_{j=m+1}^n \tilde I_j$。

B. 在情境 1 中，固定 $h_i,\alpha_i,\beta$，并保持情境 1 的正库存活跃集与空隙大小不变，当单位缺货惩罚 $p$ 严格增大时，表达式 $T=(\bar h_m-\bar h_{m+g+1})^2\alpha_n/[p(\sum_{e=m}^{m+g}\alpha_e)^2]$ 严格按 $1/p$ 缩小。

C. 在情境 2 中，在两阶段均持有正库存（$\tilde I_1 > 0, \tilde I_2 > 0$）的条件下，下游库存严格大于上游库存（$\tilde I_1 > \tilde I_2$）的充要条件为 $\bar h_2 > \frac{(\bar h_1 - \bar h_2)^2}{p \alpha}$。

D. 在情境 1 中，只要全局下游承诺 $\tilde I_m > \sum_{j=m+1}^n \tilde I_j$ 成立，就确定能推出全链满足局部下游递减性（即对任意 $k \in\{m,\dots,n-1\}$ 均有 $\tilde I_k > \tilde I_{k+1}$）。","0"
"88","你正在回答一道独立的供应链决策多选题。仅根据本题条件作答。

请根据题目给定的条件，分别简要分析 A、B、C、D 四个选项，再给出最终答案。

每个选项说明其成立或不成立的关键依据，必要时给出简短计算。
分析长度以解释清楚为准，避免重复题干或展开无关背景。
不要引入题目未给出的假设。

按以下结构输出：
A：……
B：……
C：……
D：……

最后输出唯一的答案 JSON：
{""answer"":[""A"",""C""]}

answer 是唯一字段，数组包含 1–3 个不重复的大写选项字母，
仅限 A、B、C、D，按字母顺序排列。
示例选项仅说明格式，不代表本题答案。
分析部分不要输出候选答案 JSON，最终答案后不要输出任何内容。

题目：
**Scenario and Given Conditions：**
考虑 $n$ 阶段串联供应链，阶段 1 最靠近客户，编号增大表示向上游移动，阶段 $n$ 由可靠原料源供料。产品逐级一对一转化，需求率为 1，主产能无限，提前期为 0，库存不易腐。阶段 $i$ 的单级库存 $I_i\ge0$ 是该阶段产出，存于相邻下游节点，阶段 1 库存面向客户；中断不会毁损库存，但中断阶段不能转化上游材料。令 $S_e=\sum_{j=1}^e I_j$，$S_0=0$。阶段 $e$ 中断时仅 $S_e$ 可用于满足需求。各阶段正常中断率为 $\alpha_i>0$，共同恢复率为 $\beta>0$。

正常状态平均持续 $1/A$，$A=\sum_i\alpha_i$，下一中断位于阶段 $e$ 的概率为 $\alpha_e/A$；中断期间不发生第二次中断，恢复后立即补齐积压和库存，再开始正常时段。中断时长 $K$ 的密度为 $f(k)=\beta e^{-\beta k}$，$k\ge0$，且发生时即获知实际时长。

可靠备用站点仅在其对应阶段自身中断时生产，其生产速率上限为 $a_i\in[0,1]$。持续预订成本为 $\hat c_i a_i$，$\hat c_i>0$；应急生产每单位成本为 $0<c_i<p$；中断结束时每单位积压惩罚为 $p>0$。库存先分配给已知中断全段的需求，并优先使用下游库存。应急生产可从中断开始安排，无正提前期，生产不超过需求扣除可用库存的数量。对实际时长 $k$，管理者选择应急总量 $q_e(k)$，约束为 $0\le q_e(k)\le \min\{a_e k,(k-S_e)_+\}$，结束时积压为 $b_e(k)=(k-S_e-q_e(k))_+$，并最小化 $c_e q_e(k)+p b_e(k)$。记 $(x)_+=\max\{x,0\}$。

各阶段单位时间持有成本满足 $h_1>\cdots>h_n>0$。使用低中断率/高恢复率近似，忽略中断节点及其下游未用库存的中断期持有成本，保留被阻断上游库存的持有成本。令 $D=1+A/\beta$，$\bar h_i=h_i(1+\sum_{j<i}\alpha_j/\beta)$。集中式管理者的长期单位时间成本为
$$
\widetilde C(I,a)=\frac{\sum_i\bar h_i I_i+D\sum_i\hat c_i a_i+\sum_e\alpha_e\int_0^\infty f(k)[c_e q_e(k)+p b_e(k)]\,dk}{D},
$$
其中 $q_e,b_e$ 使用给定 $I,a$ 下的中断调度最优值。

本题 $n\ge2$，考察阶段 $e\in\{2,\dots,n\}$。固定库存与产能配置，并有 $S_e>0$、$0<a_e<1$；其他配置保持不变。允许比较备用能力小幅增加所减少的期望生产加积压成本。

**Question：**
关于应急生产时序与库存对备用能力价值的影响，哪些陈述成立？
统一多选指令：这是多选题，请选择所有由题面给定条件确定成立的陈述。

A. 若 $S_e<k\le S_e/(1-a_e)$，要使结束时积压为零，应急生产须在时刻 $S_e$ 之前启动。

B. 固定 $a_e$ 及外生参数，提高 $S_e$ 将严格降低小幅增加 $a_e$ 所减少的期望生产加积压成本。

C. 当阶段 $e$ 中断时，将 $a_1$ 增至 1 可以替代阶段 $e$ 的备用生产，从而在任意时长的中断中避免积压。

D. 若 $k>S_e$，成本最小的应急总产量等于 $a_e k$。","0"
"89","你正在回答一道独立的供应链决策多选题。仅根据本题条件作答。

请根据题目给定的条件，分别简要分析 A、B、C、D 四个选项，再给出最终答案。

每个选项说明其成立或不成立的关键依据，必要时给出简短计算。
分析长度以解释清楚为准，避免重复题干或展开无关背景。
不要引入题目未给出的假设。

按以下结构输出：
A：……
B：……
C：……
D：……

最后输出唯一的答案 JSON：
{""answer"":[""A"",""C""]}

answer 是唯一字段，数组包含 1–3 个不重复的大写选项字母，
仅限 A、B、C、D，按字母顺序排列。
示例选项仅说明格式，不代表本题答案。
分析部分不要输出候选答案 JSON，最终答案后不要输出任何内容。

题目：
**Scenario and Given Conditions：**
考虑 $n$ 阶段串联供应链，阶段 1 最靠近客户，编号增大表示向上游移动，阶段 $n$ 由可靠原料源供料。产品逐级一对一转化，需求率为 1，主产能无限，提前期为 0，库存不易腐。阶段 $i$ 的单级库存 $I_i\ge0$ 是该阶段产出，存于相邻下游节点，阶段 1 库存面向客户；中断不会毁损库存，但中断阶段不能转化上游材料。令 $S_e=\sum_{j=1}^e I_j$，$S_0=0$。阶段 $e$ 中断时仅 $S_e$ 可用于满足需求。各阶段正常中断率为 $\alpha_i>0$，共同恢复率为 $\beta>0$。

正常状态平均持续 $1/A$，$A=\sum_i\alpha_i$，下一中断位于阶段 $e$ 的概率为 $\alpha_e/A$；中断期间不发生第二次中断，恢复后立即补齐积压和库存，再开始正常时段。中断时长 $K$ 的密度为 $f(k)=\beta e^{-\beta k}$，$k\ge0$，且发生时即获知实际时长。

可靠备用站点仅在其对应阶段自身中断时生产，其生产速率上限为 $a_i\in[0,1]$。持续预订成本为 $\hat c_i a_i$，$\hat c_i>0$；应急生产每单位成本为 $0<c_i<p$；中断结束时每单位积压惩罚为 $p>0$。库存先分配给已知中断全段的需求，并优先使用下游库存。应急生产可从中断开始安排，无正提前期，生产不超过需求扣除可用库存的数量。对实际时长 $k$，管理者选择应急总量 $q_e(k)$，约束为 $0\le q_e(k)\le \min\{a_e k,(k-S_e)_+\}$，结束时积压为 $b_e(k)=(k-S_e-q_e(k))_+$，并最小化 $c_e q_e(k)+p b_e(k)$。记 $(x)_+=\max\{x,0\}$。

各阶段单位时间持有成本满足 $h_1>\cdots>h_n>0$。使用低中断率/高恢复率近似，忽略中断节点及其下游未用库存的中断期持有成本，保留被阻断上游库存的持有成本。令 $D=1+A/\beta$，$\bar h_i=h_i(1+\sum_{j<i}\alpha_j/\beta)$。集中式管理者的长期单位时间成本为
$$
\widetilde C(I,a)=\frac{\sum_i\bar h_i I_i+D\sum_i\hat c_i a_i+\sum_e\alpha_e\int_0^\infty f(k)[c_e q_e(k)+p b_e(k)]\,dk}{D},
$$
其中 $q_e,b_e$ 使用给定 $I,a$ 下的中断调度最优值。

本题 $n\ge3$，选择 $m\in\{2,\dots,n\}$。先固定非负库存，再对各阶段产能最小化上述成本，记条件最优响应为 $a_i^*(S_i)$。所比较的 $m-1,m$ 两阶段均有 $S_i>0$、$0<a_i^*<1$，且 $0<\hat c_iD/[\alpha_i(p-c_i)]<1/\beta$。所有小幅比较均保持这些内点条件。定义 $t_i=S_i/(1-a_i^*)$，但不预先给定其值。

另考虑相邻库存重配置：$I_{m-1}$ 减少 $\delta$，$I_m$ 增加 $\delta$，其中 $0<\delta<I_{m-1}$，其他单级库存和外生参数固定，再重新选择备用产能。

**Question：**
关于同级条件响应和相邻库存重配置，哪些陈述成立？
统一多选指令：这是多选题，请选择所有由题面给定条件确定成立的陈述。

A. 固定外生参数，在内点范围内提高 $S_m$ 会严格降低条件最优备用产能 $a_m^*(S_m)$。

B. 给定的相邻库存重配置会严格提高条件最优备用产能 $a_{m-1}^*$。

C. 固定 $S_m>0$ 和其他参数，局部降低 $\hat c_m$ 会严格提高条件最优备用产能 $a_m^*$。

D. 固定除 $I_m,a_{m-1}$ 外的所有库存与产能决策时，目标函数对 $I_m$ 与 $a_{m-1}$ 的直接交叉偏导为负。","0"
"90","你正在回答一道独立的供应链决策多选题。仅根据本题条件作答。

请根据题目给定的条件，分别简要分析 A、B、C、D 四个选项，再给出最终答案。

每个选项说明其成立或不成立的关键依据，必要时给出简短计算。
分析长度以解释清楚为准，避免重复题干或展开无关背景。
不要引入题目未给出的假设。

按以下结构输出：
A：……
B：……
C：……
D：……

最后输出唯一的答案 JSON：
{""answer"":[""A"",""C""]}

answer 是唯一字段，数组包含 1–3 个不重复的大写选项字母，
仅限 A、B、C、D，按字母顺序排列。
示例选项仅说明格式，不代表本题答案。
分析部分不要输出候选答案 JSON，最终答案后不要输出任何内容。

题目：
**Scenario and Given Conditions：**
考虑 $n$ 阶段串联供应链，阶段 1 最靠近客户，编号增大表示向上游移动，阶段 $n$ 由可靠原料源供料。产品逐级一对一转化，需求率为 1，主产能无限，提前期为 0，库存不易腐。阶段 $i$ 的单级库存 $I_i\ge0$ 是该阶段产出，存于相邻下游节点，阶段 1 库存面向客户；中断不会毁损库存，但中断阶段不能转化上游材料。令 $S_e=\sum_{j=1}^e I_j$，$S_0=0$。阶段 $e$ 中断时仅 $S_e$ 可用于满足需求。各阶段正常中断率为 $\alpha_i>0$，共同恢复率为 $\beta>0$。

正常状态平均持续 $1/A$，$A=\sum_i\alpha_i$，下一中断位于阶段 $e$ 的概率为 $\alpha_e/A$；中断期间不发生第二次中断，恢复后立即补齐积压和库存，再开始正常时段。中断时长 $K$ 的密度为 $f(k)=\beta e^{-\beta k}$，$k\ge0$，且发生时即获知实际时长。

可靠备用站点仅在其对应阶段自身中断时生产，其生产速率上限为 $a_i\in[0,1]$。持续预订成本为 $\hat c_i a_i$，$\hat c_i>0$；应急生产每单位成本为 $0<c_i<p$；中断结束时每单位积压惩罚为 $p>0$。库存先分配给已知中断全段的需求，并优先使用下游库存。应急生产可从中断开始安排，无正提前期，生产不超过需求扣除可用库存的数量。对实际时长 $k$，管理者选择应急总量 $q_e(k)$，约束为 $0\le q_e(k)\le \min\{a_e k,(k-S_e)_+\}$，结束时积压为 $b_e(k)=(k-S_e-q_e(k))_+$，并最小化 $c_e q_e(k)+p b_e(k)$。记 $(x)_+=\max\{x,0\}$。

各阶段单位时间持有成本满足 $h_1>\cdots>h_n>0$。使用低中断率/高恢复率近似，忽略中断节点及其下游未用库存的中断期持有成本，保留被阻断上游库存的持有成本。令 $D=1+A/\beta$，$\bar h_i=h_i(1+\sum_{j<i}\alpha_j/\beta)$。集中式管理者的长期单位时间成本为
$$
\widetilde C(I,a)=\frac{\sum_i\bar h_i I_i+D\sum_i\hat c_i a_i+\sum_e\alpha_e\int_0^\infty f(k)[c_e q_e(k)+p b_e(k)]\,dk}{D},
$$
其中 $q_e,b_e$ 使用给定 $I,a$ 下的中断调度最优值。

本题 $n=2$，下游记为 $d=1$，上游记为 $u=2$。两阶段有 $\alpha_d=\alpha_u=\alpha>0$、$\hat c_d=\hat c_u=\hat c>0$、$c_d=c_u=c\in(0,p)$，故 $D=1+2\alpha/\beta$。本题固定库存 $I_d>0$、$I_u\ge0$，仅条件优化备用产能；$S_d=I_d$、$S_u=I_d+I_u$。已确认两阶段条件最优产能均在 $(0,1)$，且 $0<\hat cD/[\alpha(p-c)]<1/\beta$。令 $t_d=S_d/(1-a_d)$、$t_u=S_u/(1-a_u)$。每项所述变化均保持两阶段产能内点，比较 $p$ 时固定全部库存和其他外生参数。

**Question：**
关于对称风险与成本下的条件最优产能及调用概率，哪些陈述成立？
统一多选指令：这是多选题，请选择所有由题面给定条件确定成立的陈述。

A. 当 $I_u>0$ 时，下游条件最优产能严格大于上游条件最优产能。

B. 当 $I_u>0$ 时，由于两阶段中断率相等，在对应阶段发生中断的条件下，应急生产总量为正的概率也相等。

C. 当 $I_u=0$ 时，下游条件最优产能仍严格大于上游条件最优产能。

D. 当 $I_u>0$ 时，局部提高 $p$ 会严格缩小两阶段条件最优产能之差 $a_d-a_u$。","0"
"91","你正在回答一道独立的供应链决策多选题。仅根据本题条件作答。

请根据题目给定的条件，分别简要分析 A、B、C、D 四个选项，再给出最终答案。

每个选项说明其成立或不成立的关键依据，必要时给出简短计算。
分析长度以解释清楚为准，避免重复题干或展开无关背景。
不要引入题目未给出的假设。

按以下结构输出：
A：……
B：……
C：……
D：……

最后输出唯一的答案 JSON：
{""answer"":[""A"",""C""]}

answer 是唯一字段，数组包含 1–3 个不重复的大写选项字母，
仅限 A、B、C、D，按字母顺序排列。
示例选项仅说明格式，不代表本题答案。
分析部分不要输出候选答案 JSON，最终答案后不要输出任何内容。

题目：
**Scenario and Given Conditions：**
考虑一个两阶段串联供应链（$n=2$）：阶段 1 面向客户，阶段 2 从可靠来源获取原料。需求率恒定为 $\lambda = 1$，转化比例为 1 对 1，提前期为 0，主生产能力无限，库存不易腐。阶段 1 存放产成品库存 $I_1 \ge 0$，阶段 2 产出的在制品库存 $I_2 \ge 0$ 存放于阶段 1。

正常状态下阶段 $i \in \{1, 2\}$ 的中断发生率为 $\alpha_i > 0$，共同指数恢复率为 $\beta > 0$。至多发生单阶段中断，实际中断时长即时获知，中断结束时每单位积压惩罚为 $p > 0$。常态物理单位持有成本满足 $h_1 > h_2 > 0$。

阶段 1 发生中断时将丧失转化能力，导致阶段 2 的在制品库存无法转化并被阻断在客户上游。在低中断率/高恢复率近似模型下，计入阻断期间持续产生的持有成本，两阶段的有效持有成本分别为：
$$
\bar h_1 = h_1, \quad \bar h_2 = h_2 \left( 1 + \frac{\alpha_1}{\beta} \right).
$$
集中式管理者求解长期单位时间期望成本最小化问题：
$$
\min_{I_1 \ge 0, I_2 \ge 0} \widetilde C(I) = \frac{\bar h_1 I_1 + \bar h_2 I_2 + (p/\beta)(\alpha_1 e^{-\beta S_1} + \alpha_2 e^{-\beta S_2})}{1 + (\alpha_1 + \alpha_2)/\beta}, \quad S_1 = I_1, S_2 = I_1 + I_2.
$$
假定 $\bar h_1 < p(\alpha_1 + \alpha_2)$，并另已确认最优解满足 $\tilde I_1 > 0$。

系统不预订备用产能。正常状态平均持续 $1/A$，$A=\sum_i\alpha_i$，下一中断位于阶段 $e$ 的概率为 $\alpha_e/A$；中断期间不发生第二次中断，恢复后立即补齐积压和库存，再开始正常时段。中断时长 $K$ 的密度为 $f(k)=\beta e^{-\beta k}$，$k\ge0$，且发生时即获知实际时长。

**Question：**
关于有效持有成本通胀机制、两阶段库存配置及其临界状态，下列陈述中哪些由给定条件确定成立？
统一多选指令：这是多选题，请选择所有由题面给定条件确定成立的陈述。

A. 若有效持有成本满足 $\bar h_1 > \bar h_2$，则上游阶段 2 的成本优势足以确保其在最优配置中持有严格正的库存（$\tilde I_2 > 0$）。

B. 虽然物理单位持有成本满足 $h_1 > h_2$，但若下游中断率满足 $\frac{\alpha_1}{\beta} \ge \frac{h_1 - h_2}{h_2}$，则有效持有成本将发生倒置（$\bar h_2 \ge \bar h_1$），此时阶段 2 必然不会持有任何库存（$\tilde I_2 = 0$）。

C. 当两阶段中断率相等（$\alpha_1 = \alpha_2$）时，只要 $\bar h_1 > \bar h_2$ 且 $\bar h_1/\bar h_2 < 2$，阶段 2 就一定会持有正库存。

D. 在两阶段均持有正库存（$\tilde I_1 > 0, \tilde I_2 > 0$）的配置下，若保持两阶段正库存活跃集以及其他参数不变，局部降低阶段 2 的物理持有成本 $h_2$，将使阶段 1 的最优库存 $\tilde I_1$ 严格减少。","0"
"92","你正在回答一道独立的供应链决策多选题。仅根据本题条件作答。

请根据题目给定的条件，分别简要分析 A、B、C、D 四个选项，再给出最终答案。

每个选项说明其成立或不成立的关键依据，必要时给出简短计算。
分析长度以解释清楚为准，避免重复题干或展开无关背景。
不要引入题目未给出的假设。

按以下结构输出：
A：……
B：……
C：……
D：……

最后输出唯一的答案 JSON：
{""answer"":[""A"",""C""]}

answer 是唯一字段，数组包含 1–3 个不重复的大写选项字母，
仅限 A、B、C、D，按字母顺序排列。
示例选项仅说明格式，不代表本题答案。
分析部分不要输出候选答案 JSON，最终答案后不要输出任何内容。

题目：
Scenario and Given Conditions：

一座仓库向 N=3 家门店分配季节商品，销售季为两期，折现因子为 1。仓库期初库存 w₀>0，季内不补货；门店初始库存为零，无转运、退回、运输成本、配送提前期及期末残值。每期先决定非负配给，再实现需求；未满足需求流失，库存结转。第 1 期配给为 aᵢ,₁，结转 rᵢ=[aᵢ,₁−Dᵢ,₁]⁺，第 2 期配给为 aᵢ,₂，在架库存为 rᵢ+aᵢ,₂，其中 [z]⁺=max{z,0}。全部需求跨店、跨期独立，观察完整需求。

两期单位缺货损失 p 与持有成本 h 相同，p>h>0。定义 ℓᵢ,t(y)=p[Dᵢ,t−y]⁺+h[y−Dᵢ,t]⁺。目标为最小化 ΣᵢE[ℓᵢ,₁(aᵢ,₁)+ℓᵢ,₂(rᵢ+aᵢ,₂)]，以下分析期望预算 ΣᵢE[aᵢ,₁+aᵢ,₂]≤w₀ 下的推荐决策。

给定 μ≥b>0，共同网格为 G={μ−b+jΔ:j=0,…,2m}，m 为正整数，Δ=b/m。因此 μ∈G。店 i 在两期的 PMF 均为
\[
P(D_{i,t}=d)=\frac{\exp(-(d-\mu)^2/(2\sigma_i^2))}{\sum_{z\in G}\exp(-(z-\mu)^2/(2\sigma_i^2))},\quad d\in G.
\]
σᵢ>0 是截断前尺度，不是截断后的标准差。记 Fᵢ 为 CDF，Qᵢ(q)=min{d∈G:Fᵢ(d)≥q}，0<q<1。

给定共同虚拟单位配给成本 0≤λ<p，每店求解两期总损失加 λE[aᵢ,₁+aᵢ,₂] 的子问题。令 Sᵢ(λ) 表示在第 2 期无结转库存时的最小最优在架量；有结转时仍要求新增配给非负。第 1 期配给须考虑最优第 2 期响应。所有成本平坦区均选择最小最优目标和最小第 1 期最优配给。λ=0 表示无虚拟配给成本；给定非零 λ 的比较只涉及推荐策略，不假定其对应某一具体 w₀。

尺度满足 σ₁<σ₂<σ₃。当前 w₀≥2ΣᵢSᵢ(0)。

Question：关于当前决策及给定另一共同 λ 的比较，哪些陈述由模型确定成立？

这是多选题，请选择所有由题面给定条件确定成立的陈述。

A. 当前最小最优第 1 期推荐配给满足 a₁,₁*≤a₂,₁*≤a₃,₁*。

B. 当前第 2 期实际新增配给在每条需求路径上都满足 a₁,₂*≤a₂,₂*≤a₃,₂*。

C. 当前最小最优第 1 期推荐配给满足 a₁,₁*<a₂,₁*<a₃,₁*。

D. 对给定 (p−h)/2<λ<p，第 2 期目标满足 S₁(λ)≥S₂(λ)≥S₃(λ)。","0"
"93","你正在回答一道独立的供应链决策多选题。仅根据本题条件作答。

请根据题目给定的条件，分别简要分析 A、B、C、D 四个选项，再给出最终答案。

每个选项说明其成立或不成立的关键依据，必要时给出简短计算。
分析长度以解释清楚为准，避免重复题干或展开无关背景。
不要引入题目未给出的假设。

按以下结构输出：
A：……
B：……
C：……
D：……

最后输出唯一的答案 JSON：
{""answer"":[""A"",""C""]}

answer 是唯一字段，数组包含 1–3 个不重复的大写选项字母，
仅限 A、B、C、D，按字母顺序排列。
示例选项仅说明格式，不代表本题答案。
分析部分不要输出候选答案 JSON，最终答案后不要输出任何内容。

题目：
Scenario and Given Conditions：

一座仓库向 N=2 家门店分配季节商品，销售季为两期，折现因子为 1。仓库期初库存 w₀>0，季内不补货；门店初始库存为零，无转运、退回、运输成本、配送提前期及期末残值。每期先决定非负配给，再实现需求；未满足需求流失，库存结转。第 1 期配给为 aᵢ,₁，结转 rᵢ=[aᵢ,₁−Dᵢ,₁]⁺，第 2 期配给为 aᵢ,₂，在架库存为 rᵢ+aᵢ,₂，其中 [z]⁺=max{z,0}。全部需求跨店、跨期独立，观察完整需求。

两期单位缺货损失 p 与持有成本 h 相同，p>h>0。定义 ℓᵢ,t(y)=p[Dᵢ,t−y]⁺+h[y−Dᵢ,t]⁺。目标为最小化 ΣᵢE[ℓᵢ,₁(aᵢ,₁)+ℓᵢ,₂(rᵢ+aᵢ,₂)]，以下分析期望预算 ΣᵢE[aᵢ,₁+aᵢ,₂]≤w₀ 下的推荐决策。

给定 μ≥b>0，共同网格为 G={μ−b+jΔ:j=0,…,2m}，m 为正整数，Δ=b/m。因此 μ∈G。店 i 在两期的 PMF 均为
\[
P(D_{i,t}=d)=\frac{\exp(-(d-\mu)^2/(2\sigma_i^2))}{\sum_{z\in G}\exp(-(z-\mu)^2/(2\sigma_i^2))},\quad d\in G.
\]
σᵢ>0 是截断前尺度，不是截断后的标准差。记 Fᵢ 为 CDF，Qᵢ(q)=min{d∈G:Fᵢ(d)≥q}，0<q<1。

给定共同虚拟单位配给成本 0≤λ<p，每店求解两期总损失加 λE[aᵢ,₁+aᵢ,₂] 的子问题。令 Sᵢ(λ) 表示在第 2 期无结转库存时的最小最优在架量；有结转时仍要求新增配给非负。第 1 期配给须考虑最优第 2 期响应。所有成本平坦区均选择最小最优目标和最小第 1 期最优配给。λ=0 表示无虚拟配给成本；给定非零 λ 的比较只涉及推荐策略，不假定其对应某一具体 w₀。

尺度满足 σ₁<σ₂。考察不同给定 λ；涉及 λ=0 的推荐策略时，取 w₀≥2ΣᵢSᵢ(0)。

Question：关于跨期推荐决策及库存结转，哪些陈述由模型确定成立？

这是多选题，请选择所有由题面给定条件确定成立的陈述。

A. 给定 0≤λ<(p−h)/2，第 2 期新增推荐配给在每条需求路径上都满足 a₁,₂≤a₂,₂。

B. 给定 λ=(p−h)/2，两店第 2 期目标都等于 μ。

C. 给定 λ=0，第 1 期配给在区间 0≤aᵢ,₁≤Sᵢ(0) 内变化时，最优响应后的第 2 期期望缺货与持有成本不变。

D. 对每个给定 0≤λ<p，两店第 2 期目标都满足 S₂(λ)≥S₁(λ)。","0"
"94","你正在回答一道独立的供应链决策多选题。仅根据本题条件作答。

请根据题目给定的条件，分别简要分析 A、B、C、D 四个选项，再给出最终答案。

每个选项说明其成立或不成立的关键依据，必要时给出简短计算。
分析长度以解释清楚为准，避免重复题干或展开无关背景。
不要引入题目未给出的假设。

按以下结构输出：
A：……
B：……
C：……
D：……

最后输出唯一的答案 JSON：
{""answer"":[""A"",""C""]}

answer 是唯一字段，数组包含 1–3 个不重复的大写选项字母，
仅限 A、B、C、D，按字母顺序排列。
示例选项仅说明格式，不代表本题答案。
分析部分不要输出候选答案 JSON，最终答案后不要输出任何内容。

题目：
Scenario and Given Conditions：

一座仓库向 N≥1 家门店分配季节商品，规划期为 t=1,…,T，T≥1，0<γ≤1。仓库期初库存 w₀>0，季内不补货；门店初始库存 xᵢ,₁=0，无转运、退回、运输成本、配送提前期与终端残值。每期根据已观察的完整历史需求非前瞻地决定 aᵢ,t≥0，随后需求实现。yᵢ,t=xᵢ,t+aᵢ,t，xᵢ,t₊₁=[yᵢ,t−Dᵢ,t]⁺，未满足需求流失。

需求具有给定的有限离散联合分布，0≤Dᵢ,t≤Dmax，Dmax>0；不同门店的完整需求过程独立，同店跨期可以相关。信息树固定且外生。单位缺货损失 pᵢ,t≥0，持有成本 hᵢ,t≥0，令
\[
L_{i,t}(y)=p_{i,t}[D_{i,t}-y]^++h_{i,t}[y-D_{i,t}]^+,\qquad
C(a)=\sum_{i,t}\gamma^{t-1}E[L_{i,t}(y_{i,t})].
\]
期望包含全部历史与需求，目标是最小化 C。原硬预算问题 P1 要求 Σᵢ,t aᵢ,t≤w₀ 几乎必然；期望预算问题 P2 要求 Σᵢ,t E[aᵢ,t]≤w₀。两者最优值分别记为 OPT 与 LB。对子问题只保留状态递推与非负、非前瞻性约束，定义
\[
SUB_i(\lambda)=\min E\sum_{t=1}^T[\gamma^{t-1}L_{i,t}(y_{i,t})+\lambda a_{i,t}],\qquad
D1=\max_{\lambda\ge0}\{-\lambda w_0+\sum_i SUB_i(\lambda)\}.
\]
pmax=maxᵢ,t pᵢ,t，虚拟配给成本仅用于协调。

Question：关于协调价格、预算松弛及跨期参数，哪些陈述由模型确定成立？

这是多选题，请选择所有由题面给定条件确定成立的陈述。

A. 若 pᵢ,t+hᵢ,t≥γpᵢ,t₊₁ 对所有 i、t<T 成立，则 LB=val(D1)≤OPT。

B. D1 至少存在一个最优乘子属于 [0,pmax]。

C. 将子问题第 t 期的虚拟配给项放入 γᵗ⁻¹ 的折现括号内时，应使用单位成本 λγᵗ⁻¹。

D. 若有一个 i、t<T 满足 pᵢ,t+hᵢ,t<γpᵢ,t₊₁，则消去库存状态后的 P2 目标必定非凸。","0"
"95","你正在回答一道独立的供应链决策多选题。仅根据本题条件作答。

请根据题目给定的条件，分别简要分析 A、B、C、D 四个选项，再给出最终答案。

每个选项说明其成立或不成立的关键依据，必要时给出简短计算。
分析长度以解释清楚为准，避免重复题干或展开无关背景。
不要引入题目未给出的假设。

按以下结构输出：
A：……
B：……
C：……
D：……

最后输出唯一的答案 JSON：
{""answer"":[""A"",""C""]}

answer 是唯一字段，数组包含 1–3 个不重复的大写选项字母，
仅限 A、B、C、D，按字母顺序排列。
示例选项仅说明格式，不代表本题答案。
分析部分不要输出候选答案 JSON，最终答案后不要输出任何内容。

题目：
Scenario and Given Conditions：

一座仓库向 N≥1 家门店分配季节商品，规划期为 t=1,…,T，T≥1，0<γ≤1。仓库期初库存 w₀>0，季内不补货；门店初始库存 xᵢ,₁=0，无转运、退回、运输成本、配送提前期与终端残值。每期根据已观察的完整历史需求非前瞻地决定 aᵢ,t≥0，随后需求实现。yᵢ,t=xᵢ,t+aᵢ,t，xᵢ,t₊₁=[yᵢ,t−Dᵢ,t]⁺，未满足需求流失。

需求具有给定的有限离散联合分布，0≤Dᵢ,t≤Dmax，Dmax>0；不同门店的完整需求过程独立，同店跨期可以相关。信息树固定且外生。单位缺货损失 pᵢ,t≥0，持有成本 hᵢ,t≥0，令
\[
L_{i,t}(y)=p_{i,t}[D_{i,t}-y]^++h_{i,t}[y-D_{i,t}]^+,\qquad
C(a)=\sum_{i,t}\gamma^{t-1}E[L_{i,t}(y_{i,t})].
\]
期望包含全部历史与需求，目标是最小化 C。原硬预算问题 P1 要求 Σᵢ,t aᵢ,t≤w₀ 几乎必然；期望预算问题 P2 要求 Σᵢ,t E[aᵢ,t]≤w₀。两者最优值分别记为 OPT 与 LB。对子问题只保留状态递推与非负、非前瞻性约束，定义
\[
SUB_i(\lambda)=\min E\sum_{t=1}^T[\gamma^{t-1}L_{i,t}(y_{i,t})+\lambda a_{i,t}],\qquad
D1=\max_{\lambda\ge0}\{-\lambda w_0+\sum_i SUB_i(\lambda)\}.
\]
pmax=maxᵢ,t pᵢ,t，虚拟配给成本仅用于协调。

额外满足 pᵢ,t+hᵢ,t≥γpᵢ,t₊₁，对偶最优值等于 LB。选择固定乘子 λ* 下的局部推荐政策，仅依赖本店历史，无共同随机化；这组政策同时达到 P2 最优值，满足期望预算及互补松弛，并且 0≤aᵢ,t*≤Dmax。如有多个最优解，选满足以上条件的一组。

推荐量在一个不受仓库硬预算截断的虚拟系统中，沿完整需求及该系统的库存状态计算。实际系统按照这些推荐量发货；同一期库存不足时按店序 1,…,N 分配剩余量，仓库耗尽后不再发货。实际系统使用相同需求实现，其期望损失记为 UB。令 Bᵢ=Σₜaᵢ,t* 为虚拟系统的总推荐量。讨论 N→∞ 时，指满足这些条件的实例族，T、pmax、Dmax 一致有界。

Question：关于此策略的成本保证与规模扩展，哪些陈述由模型确定成立？

这是多选题，请选择所有由题面给定条件确定成立的陈述。

A. 上述条件保证 UB−LB≤pmax Dmax T/(2√N)。

B. 上述条件保证 UB−OPT≤pmax Dmax T√N/2。

C. 若每店 SUBᵢ(λ*)≥c>0，便能推出 OPT≥cN，其中 c 是同一个常数。

D. 若另外满足 OPT≥cN，c>0 且不随 N 变化，则 (UB−OPT)/OPT=O(N⁻¹ᐟ²)。","0"
"96","你正在回答一道独立的供应链决策多选题。仅根据本题条件作答。

请根据题目给定的条件，分别简要分析 A、B、C、D 四个选项，再给出最终答案。

每个选项说明其成立或不成立的关键依据，必要时给出简短计算。
分析长度以解释清楚为准，避免重复题干或展开无关背景。
不要引入题目未给出的假设。

按以下结构输出：
A：……
B：……
C：……
D：……

最后输出唯一的答案 JSON：
{""answer"":[""A"",""C""]}

answer 是唯一字段，数组包含 1–3 个不重复的大写选项字母，
仅限 A、B、C、D，按字母顺序排列。
示例选项仅说明格式，不代表本题答案。
分析部分不要输出候选答案 JSON，最终答案后不要输出任何内容。

题目：
Scenario and Given Conditions：

单一制造商 M 与单一零售商 R 均风险中性，分别最大化自身期望利润。市场反需求为 $p=\alpha-Q$，$\alpha_H>\alpha_L>0$，高状态概率为 $\beta\in(0,1)$，低状态概率为 $1-\beta$。记 $d=\alpha_H-\alpha_L$、$\bar\alpha=\beta\alpha_H+(1-\beta)\alpha_L$。销售只在第二期发生，第一期双方仅知道分布，第二期只有 R 观察真实状态，M 不观察。双方持有成本为零，无残值、能力投资费用或额外产能上限。常规生产单位成本 $c\ge0$，快速响应（QR）生产单位成本 $c+\delta$，$\delta>0$。

模式的能力公开可识别：N 无 QR、无制造商库存结转；Q 有 QR、无结转；D 无 QR、有结转；I 两者都有。第一期 M 给出短期合同 $(w_1,T_1)$，R 接受并选 $q_1\ge0$，支付 $w_1q_1+T_1$，或拒绝令 $q_1=0$。M 随后按成本 $c$ 生产并交付 $q_1$；I/D 还可在观察 $q_1$ 后自主选择预生产库存 $q_M\ge0$，支付 $cq_M$，进入第二期。Q/N 固定 $q_M=0$。第一期拒约不剥夺 Q/I/D 下的第二期交易机会，且 I/D 在拒约路径上重新优化 $q_M(0)$。

第二期 Q/I/D 的 M 重新给出两部制菜单 $\{(w_H,T_H),(w_L,T_L)\}$，R 选择合同和追加量，或拒约而仅销售已购库存。所有批发价非负，固定费可为任意实数，数量非负。N 没有第二期交易。定义 $v_i(x)=\max_{0\le Q\le x}(\alpha_i-Q)Q$。Q/I 中类型 $i$ 选合同 $j$ 的收益为 $f(i,j)=\max_{q\ge0}\{v_i(q_1+q)-w_jq-T_j\}$；D 将数量约束改为 $0\le q\le q_M$。菜单须满足 $f(H,H)\ge f(H,L)$、$f(L,L)\ge f(L,H)$ 及 $f(i,i)\ge v_i(q_1)$。记真实类型对应的最优追加量为 $q_{ii}$，并记 $q_H=q_{HH},q_L=q_{LL}$。

第二期履约成本分别为 $C_Q(q)=(c+\delta)q$、$C_I(q;q_M)=(c+\delta)(q-q_M)^+$、$C_D(q;q_M)=0$（D 的 $q\le q_M$），其中 $x^+=\max(x,0)$。M 在上述 IC/IR 约束下最大化第二期收入减履约成本的期望值 $V_X(q_1,q_M)=\max\{\beta[T_H+w_Hq_{HH}-C_X(q_{HH};q_M)]+(1-\beta)[T_L+w_Lq_{LL}-C_X(q_{LL};q_M)]\}$，Q 的成本函数忽略 $q_M$。I/D 在第一期 $q_1$ 给定后选择 $q_M$ 最大化 $-cq_M+V_X$。R 接受第一期时选择 $q_1$ 最大化 $-T_1-w_1q_1+\beta f(H,H)+(1-\beta)f(L,L)$，预期 M 后续最优行动。M 第一期开价最大化 $T_1+(w_1-c)q_1-cq_M+V_X$，受 R 最优反应和第一期参与约束限制。该参与约束的保留收益 $\Delta^X$ 是 $q_1=0$ 的拒约子博弈中 R 的期望利润。N 中 R 最大化 $\beta v_H(q_1)+(1-\beta)v_L(q_1)-w_1q_1-T_1$，M 最大化 $T_1+(w_1-c)q_1$，拒约收益为零。采用真实披露、无差异时参与的完美贝叶斯均衡选择；不预设分期数量唯一。记均衡净利润为 $\pi_M^X,\pi_R^X$，总剩余 $S_X=\pi_M^X+\pi_R^X$。

技术参数域明确如下：$c\le\bar\alpha$。令 $s=\sqrt{\beta(1-\beta)}$、$B=[(1-\beta)(c+\delta)+(\beta+s)\alpha_H]/(1+s)$、$A=\alpha_L-\beta\alpha_H-(1-\beta)(c+\delta)$、$C=(1-2\beta)\alpha_L+\beta\alpha_H-(1-\beta)(c+\delta)$。Q/I 的 $\delta$ 满足 $c+\delta<\alpha_L$；若 $\alpha_L\le B$，要求 $\delta>0$；否则要求 $AC\ge0$ 且 $(1-\beta)(\alpha_L-c)+\beta\delta-\sqrt{AC}>0$。只在该共同域内比较 Q/I，N/D 按各自无 QR 规则求解。

本题只考察模式 Q。令 $\tau=(\beta+s)d/(1-\beta)$、$\delta_0=\alpha_L-c-\tau$。固定 $\alpha_H,\alpha_L,\beta,c$，假设 $\delta_0>0$ 且是上述可行域的内点。关于同一分支的成本比较，两端均在该分支内；在 $\delta_0$ 采用零租金的菜单选择，即拒约子博弈只服务高需求类型。记 $q_{HL}(0)$ 为拒绝第一期后高需求类型选择低需求合同时的最优追加量。

Question：

评估快速响应成本提高对拒约菜单与均衡收益的影响。这是多选题，请选择所有由题面给定条件确定成立的陈述。

A. 当 $0<\delta_a<\delta_b<\delta_0$ 且两端可行时，$\pi_M^Q(\delta_b)>\pi_M^Q(\delta_a)$。

B. 在 $\delta<\delta_0$ 的同一可行分支内提高 $\delta$，会使 $q_{HL}(0)$ 增加。

C. 在 $\delta_0$，$\pi_R^Q$ 相对其左极限发生向下跳跃。

D. 当 $\delta_0\le\delta_a<\delta_b$ 且两端可行时，$\pi_M^Q(\delta_b)\le\pi_M^Q(\delta_a)$。","0"
"97","你正在回答一道独立的供应链决策多选题。仅根据本题条件作答。

请根据题目给定的条件，分别简要分析 A、B、C、D 四个选项，再给出最终答案。

每个选项说明其成立或不成立的关键依据，必要时给出简短计算。
分析长度以解释清楚为准，避免重复题干或展开无关背景。
不要引入题目未给出的假设。

按以下结构输出：
A：……
B：……
C：……
D：……

最后输出唯一的答案 JSON：
{""answer"":[""A"",""C""]}

answer 是唯一字段，数组包含 1–3 个不重复的大写选项字母，
仅限 A、B、C、D，按字母顺序排列。
示例选项仅说明格式，不代表本题答案。
分析部分不要输出候选答案 JSON，最终答案后不要输出任何内容。

题目：
Scenario and Given Conditions：

单一制造商 M 与单一零售商 R 均风险中性，分别最大化自身期望利润。市场反需求为 $p=\alpha-Q$，$\alpha_H>\alpha_L>0$，高状态概率为 $\beta\in(0,1)$，低状态概率为 $1-\beta$。记 $d=\alpha_H-\alpha_L$、$\bar\alpha=\beta\alpha_H+(1-\beta)\alpha_L$。销售只在第二期发生，第一期双方仅知道分布，第二期只有 R 观察真实状态，M 不观察。双方持有成本为零，无残值、能力投资费用或额外产能上限。常规生产单位成本 $c\ge0$，快速响应（QR）生产单位成本 $c+\delta$，$\delta>0$。

模式的能力公开可识别：N 无 QR、无制造商库存结转；Q 有 QR、无结转；D 无 QR、有结转；I 两者都有。第一期 M 给出短期合同 $(w_1,T_1)$，R 接受并选 $q_1\ge0$，支付 $w_1q_1+T_1$，或拒绝令 $q_1=0$。M 随后按成本 $c$ 生产并交付 $q_1$；I/D 还可在观察 $q_1$ 后自主选择预生产库存 $q_M\ge0$，支付 $cq_M$，进入第二期。Q/N 固定 $q_M=0$。第一期拒约不剥夺 Q/I/D 下的第二期交易机会，且 I/D 在拒约路径上重新优化 $q_M(0)$。

第二期 Q/I/D 的 M 重新给出两部制菜单 $\{(w_H,T_H),(w_L,T_L)\}$，R 选择合同和追加量，或拒约而仅销售已购库存。所有批发价非负，固定费可为任意实数，数量非负。N 没有第二期交易。定义 $v_i(x)=\max_{0\le Q\le x}(\alpha_i-Q)Q$。Q/I 中类型 $i$ 选合同 $j$ 的收益为 $f(i,j)=\max_{q\ge0}\{v_i(q_1+q)-w_jq-T_j\}$；D 将数量约束改为 $0\le q\le q_M$。菜单须满足 $f(H,H)\ge f(H,L)$、$f(L,L)\ge f(L,H)$ 及 $f(i,i)\ge v_i(q_1)$。记真实类型对应的最优追加量为 $q_{ii}$，并记 $q_H=q_{HH},q_L=q_{LL}$。

第二期履约成本分别为 $C_Q(q)=(c+\delta)q$、$C_I(q;q_M)=(c+\delta)(q-q_M)^+$、$C_D(q;q_M)=0$（D 的 $q\le q_M$），其中 $x^+=\max(x,0)$。M 在上述 IC/IR 约束下最大化第二期收入减履约成本的期望值 $V_X(q_1,q_M)=\max\{\beta[T_H+w_Hq_{HH}-C_X(q_{HH};q_M)]+(1-\beta)[T_L+w_Lq_{LL}-C_X(q_{LL};q_M)]\}$，Q 的成本函数忽略 $q_M$。I/D 在第一期 $q_1$ 给定后选择 $q_M$ 最大化 $-cq_M+V_X$。R 接受第一期时选择 $q_1$ 最大化 $-T_1-w_1q_1+\beta f(H,H)+(1-\beta)f(L,L)$，预期 M 后续最优行动。M 第一期开价最大化 $T_1+(w_1-c)q_1-cq_M+V_X$，受 R 最优反应和第一期参与约束限制。该参与约束的保留收益 $\Delta^X$ 是 $q_1=0$ 的拒约子博弈中 R 的期望利润。N 中 R 最大化 $\beta v_H(q_1)+(1-\beta)v_L(q_1)-w_1q_1-T_1$，M 最大化 $T_1+(w_1-c)q_1$，拒约收益为零。采用真实披露、无差异时参与的完美贝叶斯均衡选择；不预设分期数量唯一。记均衡净利润为 $\pi_M^X,\pi_R^X$，总剩余 $S_X=\pi_M^X+\pi_R^X$。

技术参数域明确如下：$c\le\bar\alpha$。令 $s=\sqrt{\beta(1-\beta)}$、$B=[(1-\beta)(c+\delta)+(\beta+s)\alpha_H]/(1+s)$、$A=\alpha_L-\beta\alpha_H-(1-\beta)(c+\delta)$、$C=(1-2\beta)\alpha_L+\beta\alpha_H-(1-\beta)(c+\delta)$。Q/I 的 $\delta$ 满足 $c+\delta<\alpha_L$；若 $\alpha_L\le B$，要求 $\delta>0$；否则要求 $AC\ge0$ 且 $(1-\beta)(\alpha_L-c)+\beta\delta-\sqrt{AC}>0$。只在该共同域内比较 Q/I，N/D 按各自无 QR 规则求解。

本题比较模式 Q 与 N。固定需求分布；在讨论常规成本临界值时固定 $\delta$，只比较两模式共同可行的 $c$。

Question：

判断快速响应采纳的成本边界与收益分配。这是多选题，请选择所有由题面给定条件确定成立的陈述。

A. 在全部共同可行参数下，$\pi_M^Q>\pi_M^N$。

B. 固定 $\delta$ 和需求分布，存在 $\hat c\in[0,\alpha_L]$，使共同可行域中 $c\le\hat c$ 时有 $\pi_M^Q\le\pi_M^N$，而 $c>\hat c$ 时有 $\pi_M^Q>\pi_M^N$。

C. 在全部共同可行参数下，$\pi_R^Q\ge\pi_R^N$。

D. 在全部共同可行参数下，$S_Q\ge S_N$。","0"
"98","你正在回答一道独立的供应链决策多选题。仅根据本题条件作答。

请根据题目给定的条件，分别简要分析 A、B、C、D 四个选项，再给出最终答案。

每个选项说明其成立或不成立的关键依据，必要时给出简短计算。
分析长度以解释清楚为准，避免重复题干或展开无关背景。
不要引入题目未给出的假设。

按以下结构输出：
A：……
B：……
C：……
D：……

最后输出唯一的答案 JSON：
{""answer"":[""A"",""C""]}

answer 是唯一字段，数组包含 1–3 个不重复的大写选项字母，
仅限 A、B、C、D，按字母顺序排列。
示例选项仅说明格式，不代表本题答案。
分析部分不要输出候选答案 JSON，最终答案后不要输出任何内容。

题目：
Scenario and Given Conditions：

单一制造商 M 与单一零售商 R 均风险中性，分别最大化自身期望利润。市场反需求为 $p=\alpha-Q$，$\alpha_H>\alpha_L>0$，高状态概率为 $\beta\in(0,1)$，低状态概率为 $1-\beta$。记 $d=\alpha_H-\alpha_L$、$\bar\alpha=\beta\alpha_H+(1-\beta)\alpha_L$。销售只在第二期发生，第一期双方仅知道分布，第二期只有 R 观察真实状态，M 不观察。双方持有成本为零，无残值、能力投资费用或额外产能上限。常规生产单位成本 $c\ge0$，快速响应（QR）生产单位成本 $c+\delta$，$\delta>0$。

模式的能力公开可识别：N 无 QR、无制造商库存结转；Q 有 QR、无结转；D 无 QR、有结转；I 两者都有。第一期 M 给出短期合同 $(w_1,T_1)$，R 接受并选 $q_1\ge0$，支付 $w_1q_1+T_1$，或拒绝令 $q_1=0$。M 随后按成本 $c$ 生产并交付 $q_1$；I/D 还可在观察 $q_1$ 后自主选择预生产库存 $q_M\ge0$，支付 $cq_M$，进入第二期。Q/N 固定 $q_M=0$。第一期拒约不剥夺 Q/I/D 下的第二期交易机会，且 I/D 在拒约路径上重新优化 $q_M(0)$。

第二期 Q/I/D 的 M 重新给出两部制菜单 $\{(w_H,T_H),(w_L,T_L)\}$，R 选择合同和追加量，或拒约而仅销售已购库存。所有批发价非负，固定费可为任意实数，数量非负。N 没有第二期交易。定义 $v_i(x)=\max_{0\le Q\le x}(\alpha_i-Q)Q$。Q/I 中类型 $i$ 选合同 $j$ 的收益为 $f(i,j)=\max_{q\ge0}\{v_i(q_1+q)-w_jq-T_j\}$；D 将数量约束改为 $0\le q\le q_M$。菜单须满足 $f(H,H)\ge f(H,L)$、$f(L,L)\ge f(L,H)$ 及 $f(i,i)\ge v_i(q_1)$。记真实类型对应的最优追加量为 $q_{ii}$，并记 $q_H=q_{HH},q_L=q_{LL}$。

第二期履约成本分别为 $C_Q(q)=(c+\delta)q$、$C_I(q;q_M)=(c+\delta)(q-q_M)^+$、$C_D(q;q_M)=0$（D 的 $q\le q_M$），其中 $x^+=\max(x,0)$。M 在上述 IC/IR 约束下最大化第二期收入减履约成本的期望值 $V_X(q_1,q_M)=\max\{\beta[T_H+w_Hq_{HH}-C_X(q_{HH};q_M)]+(1-\beta)[T_L+w_Lq_{LL}-C_X(q_{LL};q_M)]\}$，Q 的成本函数忽略 $q_M$。I/D 在第一期 $q_1$ 给定后选择 $q_M$ 最大化 $-cq_M+V_X$。R 接受第一期时选择 $q_1$ 最大化 $-T_1-w_1q_1+\beta f(H,H)+(1-\beta)f(L,L)$，预期 M 后续最优行动。M 第一期开价最大化 $T_1+(w_1-c)q_1-cq_M+V_X$，受 R 最优反应和第一期参与约束限制。该参与约束的保留收益 $\Delta^X$ 是 $q_1=0$ 的拒约子博弈中 R 的期望利润。N 中 R 最大化 $\beta v_H(q_1)+(1-\beta)v_L(q_1)-w_1q_1-T_1$，M 最大化 $T_1+(w_1-c)q_1$，拒约收益为零。采用真实披露、无差异时参与的完美贝叶斯均衡选择；不预设分期数量唯一。记均衡净利润为 $\pi_M^X,\pi_R^X$，总剩余 $S_X=\pi_M^X+\pi_R^X$。

技术参数域明确如下：$c\le\bar\alpha$。令 $s=\sqrt{\beta(1-\beta)}$、$B=[(1-\beta)(c+\delta)+(\beta+s)\alpha_H]/(1+s)$、$A=\alpha_L-\beta\alpha_H-(1-\beta)(c+\delta)$、$C=(1-2\beta)\alpha_L+\beta\alpha_H-(1-\beta)(c+\delta)$。Q/I 的 $\delta$ 满足 $c+\delta<\alpha_L$；若 $\alpha_L\le B$，要求 $\delta>0$；否则要求 $AC\ge0$ 且 $(1-\beta)(\alpha_L-c)+\beta\delta-\sqrt{AC}>0$。只在该共同域内比较 Q/I，N/D 按各自无 QR 规则求解。

本题比较四种模式的均衡利润与总剩余；所有弱不等式允许相等。

Question：

判断库存结转能力下的模式比较。这是多选题，请选择所有由题面给定条件确定成立的陈述。

A. $\pi_M^I\le\pi_M^Q$。

B. $S_D>S_N$。

C. $\pi_R^D\ge\pi_R^I\ge\pi_R^Q\ge\pi_R^N=0$。

D. $\pi_M^D\le\min\{\pi_M^N,\pi_M^Q,\pi_M^I\}$。","0"
"99","你正在回答一道独立的供应链决策多选题。仅根据本题条件作答。

请根据题目给定的条件，分别简要分析 A、B、C、D 四个选项，再给出最终答案。

每个选项说明其成立或不成立的关键依据，必要时给出简短计算。
分析长度以解释清楚为准，避免重复题干或展开无关背景。
不要引入题目未给出的假设。

按以下结构输出：
A：……
B：……
C：……
D：……

最后输出唯一的答案 JSON：
{""answer"":[""A"",""C""]}

answer 是唯一字段，数组包含 1–3 个不重复的大写选项字母，
仅限 A、B、C、D，按字母顺序排列。
示例选项仅说明格式，不代表本题答案。
分析部分不要输出候选答案 JSON，最终答案后不要输出任何内容。

题目：
Scenario and Given Conditions：

单一制造商 M 与单一零售商 R 均风险中性，分别最大化自身期望利润。市场反需求为 $p=\alpha-Q$，$\alpha_H>\alpha_L>0$，高状态概率为 $\beta\in(0,1)$，低状态概率为 $1-\beta$。记 $d=\alpha_H-\alpha_L$、$\bar\alpha=\beta\alpha_H+(1-\beta)\alpha_L$。销售只在第二期发生，第一期双方仅知道分布，第二期只有 R 观察真实状态，M 不观察。双方持有成本为零，无残值、能力投资费用或额外产能上限。常规生产单位成本 $c\ge0$，快速响应（QR）生产单位成本 $c+\delta$，$\delta>0$。

模式的能力公开可识别：N 无 QR、无制造商库存结转；Q 有 QR、无结转；D 无 QR、有结转；I 两者都有。第一期 M 给出短期合同 $(w_1,T_1)$，R 接受并选 $q_1\ge0$，支付 $w_1q_1+T_1$，或拒绝令 $q_1=0$。M 随后按成本 $c$ 生产并交付 $q_1$；I/D 还可在观察 $q_1$ 后自主选择预生产库存 $q_M\ge0$，支付 $cq_M$，进入第二期。Q/N 固定 $q_M=0$。第一期拒约不剥夺 Q/I/D 下的第二期交易机会，且 I/D 在拒约路径上重新优化 $q_M(0)$。

第二期 Q/I/D 的 M 重新给出两部制菜单 $\{(w_H,T_H),(w_L,T_L)\}$，R 选择合同和追加量，或拒约而仅销售已购库存。所有批发价非负，固定费可为任意实数，数量非负。N 没有第二期交易。定义 $v_i(x)=\max_{0\le Q\le x}(\alpha_i-Q)Q$。Q/I 中类型 $i$ 选合同 $j$ 的收益为 $f(i,j)=\max_{q\ge0}\{v_i(q_1+q)-w_jq-T_j\}$；D 将数量约束改为 $0\le q\le q_M$。菜单须满足 $f(H,H)\ge f(H,L)$、$f(L,L)\ge f(L,H)$ 及 $f(i,i)\ge v_i(q_1)$。记真实类型对应的最优追加量为 $q_{ii}$，并记 $q_H=q_{HH},q_L=q_{LL}$。

第二期履约成本分别为 $C_Q(q)=(c+\delta)q$、$C_I(q;q_M)=(c+\delta)(q-q_M)^+$、$C_D(q;q_M)=0$（D 的 $q\le q_M$），其中 $x^+=\max(x,0)$。M 在上述 IC/IR 约束下最大化第二期收入减履约成本的期望值 $V_X(q_1,q_M)=\max\{\beta[T_H+w_Hq_{HH}-C_X(q_{HH};q_M)]+(1-\beta)[T_L+w_Lq_{LL}-C_X(q_{LL};q_M)]\}$，Q 的成本函数忽略 $q_M$。I/D 在第一期 $q_1$ 给定后选择 $q_M$ 最大化 $-cq_M+V_X$。R 接受第一期时选择 $q_1$ 最大化 $-T_1-w_1q_1+\beta f(H,H)+(1-\beta)f(L,L)$，预期 M 后续最优行动。M 第一期开价最大化 $T_1+(w_1-c)q_1-cq_M+V_X$，受 R 最优反应和第一期参与约束限制。该参与约束的保留收益 $\Delta^X$ 是 $q_1=0$ 的拒约子博弈中 R 的期望利润。N 中 R 最大化 $\beta v_H(q_1)+(1-\beta)v_L(q_1)-w_1q_1-T_1$，M 最大化 $T_1+(w_1-c)q_1$，拒约收益为零。采用真实披露、无差异时参与的完美贝叶斯均衡选择；不预设分期数量唯一。记均衡净利润为 $\pi_M^X,\pi_R^X$，总剩余 $S_X=\pi_M^X+\pi_R^X$。

技术参数域明确如下：$c\le\bar\alpha$。令 $s=\sqrt{\beta(1-\beta)}$、$B=[(1-\beta)(c+\delta)+(\beta+s)\alpha_H]/(1+s)$、$A=\alpha_L-\beta\alpha_H-(1-\beta)(c+\delta)$、$C=(1-2\beta)\alpha_L+\beta\alpha_H-(1-\beta)(c+\delta)$。Q/I 的 $\delta$ 满足 $c+\delta<\alpha_L$；若 $\alpha_L\le B$，要求 $\delta>0$；否则要求 $AC\ge0$ 且 $(1-\beta)(\alpha_L-c)+\beta\delta-\sqrt{AC}>0$。只在该共同域内比较 Q/I，N/D 按各自无 QR 规则求解。

本题比较模式 Q 与 I。固定需求分布与 $c$，仅在共同可行域内提高 $\delta$。令 $\tau=(\beta+s)d/(1-\beta)$、$\delta_0=\alpha_L-c-\tau$。涉及 Q 的 $\delta<\delta_0$ 比较时，两端均严格处于该区间；区间不存在时不作该比较。

Question：

判断两种能力制度下 QR 成本变化的利润方向。这是多选题，请选择所有由题面给定条件确定成立的陈述。

A. 在模式 I 内，$\pi_M^I$ 随 $\delta$ 提高而非增。

B. 在模式 Q 的 $\delta<\delta_0$ 区间内，$\pi_M^Q$ 随 $\delta$ 提高而严格增加。

C. 在模式 I 内，$\pi_R^I$ 随 $\delta$ 提高而非减。

D. 在模式 Q 的 $\delta<\delta_0$ 区间内，$\pi_R^Q$ 随 $\delta$ 提高而严格增加。","0"
"100","你正在回答一道独立的供应链决策多选题。仅根据本题条件作答。

请根据题目给定的条件，分别简要分析 A、B、C、D 四个选项，再给出最终答案。

每个选项说明其成立或不成立的关键依据，必要时给出简短计算。
分析长度以解释清楚为准，避免重复题干或展开无关背景。
不要引入题目未给出的假设。

按以下结构输出：
A：……
B：……
C：……
D：……

最后输出唯一的答案 JSON：
{""answer"":[""A"",""C""]}

answer 是唯一字段，数组包含 1–3 个不重复的大写选项字母，
仅限 A、B、C、D，按字母顺序排列。
示例选项仅说明格式，不代表本题答案。
分析部分不要输出候选答案 JSON，最终答案后不要输出任何内容。

题目：
Scenario and Given Conditions：

单一制造商 M 与单一零售商 R 均风险中性，分别最大化自身期望利润。市场反需求为 $p=\alpha-Q$，$\alpha_H>\alpha_L>0$，高状态概率为 $\beta\in(0,1)$，低状态概率为 $1-\beta$。记 $d=\alpha_H-\alpha_L$、$\bar\alpha=\beta\alpha_H+(1-\beta)\alpha_L$。销售只在第二期发生，第一期双方仅知道分布，第二期只有 R 观察真实状态，M 不观察。双方持有成本为零，无残值、能力投资费用或额外产能上限。常规生产单位成本 $c\ge0$，快速响应（QR）生产单位成本 $c+\delta$，$\delta>0$。

模式的能力公开可识别：N 无 QR、无制造商库存结转；Q 有 QR、无结转；D 无 QR、有结转；I 两者都有。第一期 M 给出短期合同 $(w_1,T_1)$，R 接受并选 $q_1\ge0$，支付 $w_1q_1+T_1$，或拒绝令 $q_1=0$。M 随后按成本 $c$ 生产并交付 $q_1$；I/D 还可在观察 $q_1$ 后自主选择预生产库存 $q_M\ge0$，支付 $cq_M$，进入第二期。Q/N 固定 $q_M=0$。第一期拒约不剥夺 Q/I/D 下的第二期交易机会，且 I/D 在拒约路径上重新优化 $q_M(0)$。

第二期 Q/I/D 的 M 重新给出两部制菜单 $\{(w_H,T_H),(w_L,T_L)\}$，R 选择合同和追加量，或拒约而仅销售已购库存。所有批发价非负，固定费可为任意实数，数量非负。N 没有第二期交易。定义 $v_i(x)=\max_{0\le Q\le x}(\alpha_i-Q)Q$。Q/I 中类型 $i$ 选合同 $j$ 的收益为 $f(i,j)=\max_{q\ge0}\{v_i(q_1+q)-w_jq-T_j\}$；D 将数量约束改为 $0\le q\le q_M$。菜单须满足 $f(H,H)\ge f(H,L)$、$f(L,L)\ge f(L,H)$ 及 $f(i,i)\ge v_i(q_1)$。记真实类型对应的最优追加量为 $q_{ii}$，并记 $q_H=q_{HH},q_L=q_{LL}$。

第二期履约成本分别为 $C_Q(q)=(c+\delta)q$、$C_I(q;q_M)=(c+\delta)(q-q_M)^+$、$C_D(q;q_M)=0$（D 的 $q\le q_M$），其中 $x^+=\max(x,0)$。M 在上述 IC/IR 约束下最大化第二期收入减履约成本的期望值 $V_X(q_1,q_M)=\max\{\beta[T_H+w_Hq_{HH}-C_X(q_{HH};q_M)]+(1-\beta)[T_L+w_Lq_{LL}-C_X(q_{LL};q_M)]\}$，Q 的成本函数忽略 $q_M$。I/D 在第一期 $q_1$ 给定后选择 $q_M$ 最大化 $-cq_M+V_X$。R 接受第一期时选择 $q_1$ 最大化 $-T_1-w_1q_1+\beta f(H,H)+(1-\beta)f(L,L)$，预期 M 后续最优行动。M 第一期开价最大化 $T_1+(w_1-c)q_1-cq_M+V_X$，受 R 最优反应和第一期参与约束限制。该参与约束的保留收益 $\Delta^X$ 是 $q_1=0$ 的拒约子博弈中 R 的期望利润。N 中 R 最大化 $\beta v_H(q_1)+(1-\beta)v_L(q_1)-w_1q_1-T_1$，M 最大化 $T_1+(w_1-c)q_1$，拒约收益为零。采用真实披露、无差异时参与的完美贝叶斯均衡选择；不预设分期数量唯一。记均衡净利润为 $\pi_M^X,\pi_R^X$，总剩余 $S_X=\pi_M^X+\pi_R^X$。

技术参数域明确如下：$c\le\bar\alpha$。令 $s=\sqrt{\beta(1-\beta)}$、$B=[(1-\beta)(c+\delta)+(\beta+s)\alpha_H]/(1+s)$、$A=\alpha_L-\beta\alpha_H-(1-\beta)(c+\delta)$、$C=(1-2\beta)\alpha_L+\beta\alpha_H-(1-\beta)(c+\delta)$。Q/I 的 $\delta$ 满足 $c+\delta<\alpha_L$；若 $\alpha_L\le B$，要求 $\delta>0$；否则要求 $AC\ge0$ 且 $(1-\beta)(\alpha_L-c)+\beta\delta-\sqrt{AC}>0$。只在该共同域内比较 Q/I，N/D 按各自无 QR 规则求解。

本题限于 $0\le c<\beta d$ 且 $\delta>k=(1-\beta)c/\beta$ 的共同可行子域。对于可能存在的分期数量均衡族，用 $\gamma=w_1$ 标记 I/D 中第一期单位批发价。选项中 $q_M^I=0$ 指第一期合同被接受的路径，而非对拒约路径库存的承诺。

Question：

判断分期数量的可识别性与能力制度的区别。这是多选题，请选择所有由题面给定条件确定成立的陈述。

A. 在模式 I 内，同一组外生参数可以对应不同的均衡库存量 $q_M^I$。

B. 在模式 I 的均衡族内，随着 $\gamma$ 上升，高需求总供货量 $q_1^I+q_H^I$ 严格下降。

C. 在模式 I 中选择一个 $q_M^I=0$ 的均衡，就能保证 $\Delta^I=\Delta^Q$。

D. 高需求总供货量满足 $q_1^N+q_H^N=q_1^D+q_H^D\le q_1^Q+q_H^Q=q_1^I+q_H^I$，其中 $q_H^N=0$。","0"
"101","你正在回答一道独立的供应链决策多选题。仅根据本题条件作答。

请根据题目给定的条件，分别简要分析 A、B、C、D 四个选项，再给出最终答案。

每个选项说明其成立或不成立的关键依据，必要时给出简短计算。
分析长度以解释清楚为准，避免重复题干或展开无关背景。
不要引入题目未给出的假设。

按以下结构输出：
A：……
B：……
C：……
D：……

最后输出唯一的答案 JSON：
{""answer"":[""A"",""C""]}

answer 是唯一字段，数组包含 1–3 个不重复的大写选项字母，
仅限 A、B、C、D，按字母顺序排列。
示例选项仅说明格式，不代表本题答案。
分析部分不要输出候选答案 JSON，最终答案后不要输出任何内容。

题目：
Scenario and Given Conditions：

单一制造商 M 与单一零售商 R 均风险中性，分别最大化自身期望利润。市场反需求为 $p=\alpha-Q$，$\alpha_H>\alpha_L>0$，高状态概率为 $\beta\in(0,1)$，低状态概率为 $1-\beta$。记 $d=\alpha_H-\alpha_L$、$\bar\alpha=\beta\alpha_H+(1-\beta)\alpha_L$。销售只在第二期发生，第一期双方仅知道分布，第二期只有 R 观察真实状态，M 不观察。双方持有成本为零，无残值、能力投资费用或额外产能上限。常规生产单位成本 $c\ge0$，快速响应（QR）生产单位成本 $c+\delta$，$\delta>0$。

模式的能力公开可识别：N 无 QR、无制造商库存结转；Q 有 QR、无结转；D 无 QR、有结转；I 两者都有。第一期 M 给出短期合同 $(w_1,T_1)$，R 接受并选 $q_1\ge0$，支付 $w_1q_1+T_1$，或拒绝令 $q_1=0$。M 随后按成本 $c$ 生产并交付 $q_1$；I/D 还可在观察 $q_1$ 后自主选择预生产库存 $q_M\ge0$，支付 $cq_M$，进入第二期。Q/N 固定 $q_M=0$。第一期拒约不剥夺 Q/I/D 下的第二期交易机会，且 I/D 在拒约路径上重新优化 $q_M(0)$。

第二期 Q/I/D 的 M 重新给出两部制菜单 $\{(w_H,T_H),(w_L,T_L)\}$，R 选择合同和追加量，或拒约而仅销售已购库存。所有批发价非负，固定费可为任意实数，数量非负。N 没有第二期交易。定义 $v_i(x)=\max_{0\le Q\le x}(\alpha_i-Q)Q$。Q/I 中类型 $i$ 选合同 $j$ 的收益为 $f(i,j)=\max_{q\ge0}\{v_i(q_1+q)-w_jq-T_j\}$；D 将数量约束改为 $0\le q\le q_M$。菜单须满足 $f(H,H)\ge f(H,L)$、$f(L,L)\ge f(L,H)$ 及 $f(i,i)\ge v_i(q_1)$。记真实类型对应的最优追加量为 $q_{ii}$，并记 $q_H=q_{HH},q_L=q_{LL}$。

第二期履约成本分别为 $C_Q(q)=(c+\delta)q$、$C_I(q;q_M)=(c+\delta)(q-q_M)^+$、$C_D(q;q_M)=0$（D 的 $q\le q_M$），其中 $x^+=\max(x,0)$。M 在上述 IC/IR 约束下最大化第二期收入减履约成本的期望值 $V_X(q_1,q_M)=\max\{\beta[T_H+w_Hq_{HH}-C_X(q_{HH};q_M)]+(1-\beta)[T_L+w_Lq_{LL}-C_X(q_{LL};q_M)]\}$，Q 的成本函数忽略 $q_M$。I/D 在第一期 $q_1$ 给定后选择 $q_M$ 最大化 $-cq_M+V_X$。R 接受第一期时选择 $q_1$ 最大化 $-T_1-w_1q_1+\beta f(H,H)+(1-\beta)f(L,L)$，预期 M 后续最优行动。M 第一期开价最大化 $T_1+(w_1-c)q_1-cq_M+V_X$，受 R 最优反应和第一期参与约束限制。该参与约束的保留收益 $\Delta^X$ 是 $q_1=0$ 的拒约子博弈中 R 的期望利润。N 中 R 最大化 $\beta v_H(q_1)+(1-\beta)v_L(q_1)-w_1q_1-T_1$，M 最大化 $T_1+(w_1-c)q_1$，拒约收益为零。采用真实披露、无差异时参与的完美贝叶斯均衡选择；不预设分期数量唯一。记均衡净利润为 $\pi_M^X,\pi_R^X$，总剩余 $S_X=\pi_M^X+\pi_R^X$。

技术参数域明确如下：$c\le\bar\alpha$。令 $s=\sqrt{\beta(1-\beta)}$、$B=[(1-\beta)(c+\delta)+(\beta+s)\alpha_H]/(1+s)$、$A=\alpha_L-\beta\alpha_H-(1-\beta)(c+\delta)$、$C=(1-2\beta)\alpha_L+\beta\alpha_H-(1-\beta)(c+\delta)$。Q/I 的 $\delta$ 满足 $c+\delta<\alpha_L$；若 $\alpha_L\le B$，要求 $\delta>0$；否则要求 $AC\ge0$ 且 $(1-\beta)(\alpha_L-c)+\beta\delta-\sqrt{AC}>0$。只在该共同域内比较 Q/I，N/D 按各自无 QR 规则求解。

定义制造商在有结转能力下引入 QR 的利润增量为 $G_I=\pi_M^I-\pi_M^D$，无结转能力下的利润增量为 $G_Q=\pi_M^Q-\pi_M^N$。

Question：

判断两种能力结构下引入 QR 的增量价值。这是多选题，请选择所有由题面给定条件确定成立的陈述。

A. $G_I\ge G_Q$。

B. $G_I\ge0$。

C. $S_I-S_D>S_Q-S_N$。

D. $G_I-G_Q=\Delta^D-\Delta^I+\Delta^Q$。","0"
"102","你正在回答一道独立的供应链决策多选题。仅根据本题条件作答。

请根据题目给定的条件，分别简要分析 A、B、C、D 四个选项，再给出最终答案。

每个选项说明其成立或不成立的关键依据，必要时给出简短计算。
分析长度以解释清楚为准，避免重复题干或展开无关背景。
不要引入题目未给出的假设。

按以下结构输出：
A：……
B：……
C：……
D：……

最后输出唯一的答案 JSON：
{""answer"":[""A"",""C""]}

answer 是唯一字段，数组包含 1–3 个不重复的大写选项字母，
仅限 A、B、C、D，按字母顺序排列。
示例选项仅说明格式，不代表本题答案。
分析部分不要输出候选答案 JSON，最终答案后不要输出任何内容。

题目：
Scenario and Given Conditions:

某零售商在销售周期 $[0,1]$ 销售单品，期初库存为零。期初同时选定整数初始订购量 $Q_0\ge0$ 和审查时点 $t\in[0,1]$；审查时点不能随销售路径改变。需求是已知率 $\lambda>0$ 的齐次泊松过程，$N\sim\mathrm{Pois}(\lambda t)$、$M\sim\mathrm{Pois}(\lambda(1-t))$ 相互独立，分别表示审查前后需求。无固定订购费、提前期和期内持有费；未满足的需求永久流失，需求率不作预测更新。

单位售价 $V>0$，期初成本 $c_1>0$，补货成本 $c_2\ge c_1$，每单位流失需求罚款 $p\ge0$，期末未售库存处置成本 $h$ 可为负。满足 $p+V>c_2$、$c_1+h>0$。记 $z^+=\max(z,0)$。审查前售出 $\min(Q_0,N)$；余量 $I=(Q_0-N)^+$。审查时选择整数目标 $x\ge0$，补货 $q=(x-I)^+$，补后库存 $A=\max(x,I)$；审查后售出 $\min(A,M)$。周期期望利润为
$$\pi_0(Q_0,t,x)=\mathbb E[V\min(Q_0,N)-c_1Q_0-p(N-Q_0)^++V\min(A,M)-c_2q-h(A-M)^+-p(M-A)^+].$$
给定 $t$，以 $S^*(t)$ 表示阶段二利润最大化的最小整数目标，令 $\pi_0(Q_0,t)=\pi_0(Q_0,t,S^*(t))$。最终目标是最大化周期期望利润。

记 $\alpha_2=(p+V-c_2)/(p+V+h)$、$S=S^*(0)$。对 $x=1,\ldots,S$，定义内部断点 $t_x^B$ 为 $\Pr(\mathrm{Pois}(\lambda(1-t_x^B))<x)=\alpha_2$ 的解；设 $t_{S+1}^B=0$、$t_0^B=1$。若 $S=0$，内部断点集合为空。

Question:

关于库存目标、实际补货和连续时间联合优化，哪些陈述成立？

这是多选题，请选择所有由题面给定条件确定成立的陈述。

A. 对固定 $t$，最小最优目标 $S^*(t)$ 不依赖 $Q_0$。

B. 若 $Q_0>S^*(t)$，则审查后的实际库存 $A$ 以概率一等于 $S^*(t)$。

C. $S^*(t)$ 随 $t$ 推迟弱单调非增。

D. 联合优化的最优审查时点不会是上述任一内部断点。","0"
"103","你正在回答一道独立的供应链决策多选题。仅根据本题条件作答。

请根据题目给定的条件，分别简要分析 A、B、C、D 四个选项，再给出最终答案。

每个选项说明其成立或不成立的关键依据，必要时给出简短计算。
分析长度以解释清楚为准，避免重复题干或展开无关背景。
不要引入题目未给出的假设。

按以下结构输出：
A：……
B：……
C：……
D：……

最后输出唯一的答案 JSON：
{""answer"":[""A"",""C""]}

answer 是唯一字段，数组包含 1–3 个不重复的大写选项字母，
仅限 A、B、C、D，按字母顺序排列。
示例选项仅说明格式，不代表本题答案。
分析部分不要输出候选答案 JSON，最终答案后不要输出任何内容。

题目：
Scenario and Given Conditions:

某零售商在销售周期 $[0,1]$ 销售单品，期初库存为零。期初同时选定整数初始订购量 $Q_0\ge0$ 和审查时点 $t\in[0,1]$；审查时点不能随销售路径改变。需求是已知率 $\lambda>0$ 的齐次泊松过程，$N\sim\mathrm{Pois}(\lambda t)$、$M\sim\mathrm{Pois}(\lambda(1-t))$ 相互独立，分别表示审查前后需求。无固定订购费、提前期和期内持有费；未满足的需求永久流失，需求率不作预测更新。

单位售价 $V>0$，期初成本 $c_1>0$，补货成本 $c_2\ge c_1$，每单位流失需求罚款 $p\ge0$，期末未售库存处置成本 $h$ 可为负。满足 $p+V>c_2$、$c_1+h>0$。记 $z^+=\max(z,0)$。审查前售出 $\min(Q_0,N)$；余量 $I=(Q_0-N)^+$。审查时选择整数目标 $x\ge0$，补货 $q=(x-I)^+$，补后库存 $A=\max(x,I)$；审查后售出 $\min(A,M)$。周期期望利润为
$$\pi_0(Q_0,t,x)=\mathbb E[V\min(Q_0,N)-c_1Q_0-p(N-Q_0)^++V\min(A,M)-c_2q-h(A-M)^+-p(M-A)^+].$$
给定 $t$，以 $S^*(t)$ 表示阶段二利润最大化的最小整数目标，令 $\pi_0(Q_0,t)=\pi_0(Q_0,t,S^*(t))$。最终目标是最大化周期期望利润。

记 $\alpha_2=(p+V-c_2)/(p+V+h)$、$S=S^*(0)$。对 $x=1,\ldots,S$，定义内部断点 $t_x^B$ 为 $\Pr(\mathrm{Pois}(\lambda(1-t_x^B))<x)=\alpha_2$ 的解；设 $t_{S+1}^B=0$、$t_0^B=1$。若 $S=0$，内部断点集合为空。

定义无审查补货的单阶段最小最优订购量
$$S_0=\min\{s\in\mathbb N_0:\Pr(\mathrm{Pois}(\lambda)\le s)\ge(p+V-c_1)/(p+V+h)\}.$$
给定 $t$，$Q_0^*(t)$ 取最小利润最大化数量。在相邻断点开区间 $(t_{x+1}^B,t_x^B)$ 中，阶段二最优目标为 $x$。

Question:

关于初始量选择和时间搜索范围，哪些陈述成立？

这是多选题，请选择所有由题面给定条件确定成立的陈述。

A. 对每个固定 $t$，$Q_0^*(t)\le S_0$。

B. 对某一 $\widetilde Q_0\ge x>0$，若 $\partial\pi_0(\widetilde Q_0,t,x)/\partial t$ 在区间左端的右极限小于零，就可从联合优化搜索中删除整个时间区间，涵盖所有初始量。

C. 当目标固定为 $x=0$ 时，$\pi_0(Q_0,t,0)$ 对每个固定 $Q_0$ 都与 $t$ 无关。

D. 对固定 $Q_0$，采用最优阶段二目标后的 $\pi_0(Q_0,t)$ 在整个 $[0,1]$ 上严格凹。","0"
"104","你正在回答一道独立的供应链决策多选题。仅根据本题条件作答。

请根据题目给定的条件，分别简要分析 A、B、C、D 四个选项，再给出最终答案。

每个选项说明其成立或不成立的关键依据，必要时给出简短计算。
分析长度以解释清楚为准，避免重复题干或展开无关背景。
不要引入题目未给出的假设。

按以下结构输出：
A：……
B：……
C：……
D：……

最后输出唯一的答案 JSON：
{""answer"":[""A"",""C""]}

answer 是唯一字段，数组包含 1–3 个不重复的大写选项字母，
仅限 A、B、C、D，按字母顺序排列。
示例选项仅说明格式，不代表本题答案。
分析部分不要输出候选答案 JSON，最终答案后不要输出任何内容。

题目：
Scenario and Given Conditions:

某零售商在销售周期 $[0,1]$ 销售单品，期初库存为零。期初同时选定整数初始订购量 $Q_0\ge0$ 和审查时点 $t\in[0,1]$；审查时点不能随销售路径改变。需求是已知率 $\lambda>0$ 的齐次泊松过程，$N\sim\mathrm{Pois}(\lambda t)$、$M\sim\mathrm{Pois}(\lambda(1-t))$ 相互独立，分别表示审查前后需求。无固定订购费、提前期和期内持有费；未满足的需求永久流失，需求率不作预测更新。

单位售价 $V>0$，期初成本 $c_1>0$，补货成本 $c_2\ge c_1$，每单位流失需求罚款 $p\ge0$，期末未售库存处置成本 $h$ 可为负。满足 $p+V>c_2$、$c_1+h>0$。记 $z^+=\max(z,0)$。审查前售出 $\min(Q_0,N)$；余量 $I=(Q_0-N)^+$。审查时选择整数目标 $x\ge0$，补货 $q=(x-I)^+$，补后库存 $A=\max(x,I)$；审查后售出 $\min(A,M)$。周期期望利润为
$$\pi_0(Q_0,t,x)=\mathbb E[V\min(Q_0,N)-c_1Q_0-p(N-Q_0)^++V\min(A,M)-c_2q-h(A-M)^+-p(M-A)^+].$$
给定 $t$，以 $S^*(t)$ 表示阶段二利润最大化的最小整数目标，令 $\pi_0(Q_0,t)=\pi_0(Q_0,t,S^*(t))$。最终目标是最大化周期期望利润。

比较企业 1、2：它们有相同 $\lambda$，各自满足 $c_1^{(k)}=c_2^{(k)}=c^{(k)}$ 和上述参数域，所有货币参数均可因企业而异。两者
$$\mathrm{CR}^{(k)}=\frac{p^{(k)}+V^{(k)}-c^{(k)}}{p^{(k)}+V^{(k)}+h^{(k)}}$$
相同，但货币参数向量不要求成比例。若有多重最优解，两企业使用同一决胜规则，先选最小 $Q_0$，再选最早 $t$。记相应动作 $(Q_0^{*(k)},t^{*(k)})$，及
$$\mathrm{EQO}^{(k)}=Q_0^{*(k)}+\mathbb E[(S^{*(k)}(t^{*(k)})-(Q_0^{*(k)}-N)^+)^+].$$

Question:

在企业比较及货币单位变换下，哪些陈述成立？

这是多选题，请选择所有由题面给定条件确定成立的陈述。

A. 两企业的最优 $(Q_0,t)$ 决策集合相同。

B. 两企业的最大期望利润数值相同。

C. 在任何共同给定的审查时点 $t$，两企业的最小最优阶段二目标相同。

D. 将企业 1 的所有货币参数乘以 $a>1$，其按照相同决胜规则得到的 EQO 也乘以 $a$。","0"
"105","你正在回答一道独立的供应链决策多选题。仅根据本题条件作答。

请根据题目给定的条件，分别简要分析 A、B、C、D 四个选项，再给出最终答案。

每个选项说明其成立或不成立的关键依据，必要时给出简短计算。
分析长度以解释清楚为准，避免重复题干或展开无关背景。
不要引入题目未给出的假设。

按以下结构输出：
A：……
B：……
C：……
D：……

最后输出唯一的答案 JSON：
{""answer"":[""A"",""C""]}

answer 是唯一字段，数组包含 1–3 个不重复的大写选项字母，
仅限 A、B、C、D，按字母顺序排列。
示例选项仅说明格式，不代表本题答案。
分析部分不要输出候选答案 JSON，最终答案后不要输出任何内容。

题目：
Scenario and Given Conditions:

集中决策者负责 $J$ 家门店，周期有 $T$ 个营业日，期初库存均为零。期初为所有门店选定公共补货边界 $s\in\{1,\ldots,T\}$，该边界表示第 $s$ 天需求结束之后，同时选定各店整数期初订购量 $Q_{0j}\ge0$。审查日不能随销售路径改变。第 $u$ 天门店 $j$ 的确定性需求强度为 $d_j^u\ge0$，$\lambda_j=\sum_{u=1}^T d_j^u>0$；每家门店需求为非齐次泊松过程，其不重叠时间段需求独立。定义
$$t_j^s=\frac{\sum_{u=1}^s d_j^u}{\lambda_j},\quad N_j\sim\mathrm{Pois}(\lambda_jt_j^s),\quad M_j\sim\mathrm{Pois}(\lambda_j(1-t_j^s)).$$
$N_j,M_j$ 独立。无跨店转运、共享库存、共享容量、日期相关配送费、提前期、固定订购费或期内持有费，也不依据其他门店信息更新需求预测。各店共同售价 $V>0$、期初成本 $c_1>0$、补货成本 $c_2\ge c_1$、缺货罚款 $p\ge0$、期末处置成本 $h$，满足 $p+V>c_2$、$c_1+h>0$。缺货永久流失。记 $z^+=\max(z,0)$；边界 $s$ 时余量 $I_j=(Q_{0j}-N_j)^+$，以整数目标 $x_j\ge0$ 补货 $q_j=(x_j-I_j)^+$，补后库存 $A_j=\max(x_j,I_j)$。在门店利润函数中，$Q,x$ 分别代表该店的期初量和目标，$I_j,q_j,A_j$ 按这两个量计算。门店利润为
$$\pi_j(Q,s,x)=\mathbb E[V\min(Q,N_j)-c_1Q-p(N_j-Q)^++V\min(A_j,M_j)-c_2q_j-h(A_j-M_j)^+-p(M_j-A_j)^+].$$
系统最大化各店期望利润之和。定义 $f_j(s)=\max_{Q,x\in\mathbb N_0}\pi_j(Q,s,x)$、$F(s)=\sum_j f_j(s)$。比较策略允许各店期初分别选 $s_j\in\{1,\ldots,T\}$，其余条件相同。

Question:

关于公共补货边界、重标定及策略比较，哪些陈述成立？

这是多选题，请选择所有由题面给定条件确定成立的陈述。

A. 固定公共边界 $s$ 后，各店的库存决策可分别优化以达到 $F(s)$。

B. 允许各店分别选择补货边界后的系统最大期望利润不小于 $\max_s F(s)$。

C. 两门店只要总强度 $\lambda_j$ 相同，在同一公共边界 $s$ 的最小最优阶段二目标就相同，无须考虑各日强度分布。

D. 逐一计算全部候选边界的 $F(s)$ 并选择最大者，可以得到公共边界约束下的最优策略。","0"
"106","你正在回答一道独立的供应链决策多选题。仅根据本题条件作答。

请根据题目给定的条件，分别简要分析 A、B、C、D 四个选项，再给出最终答案。

每个选项说明其成立或不成立的关键依据，必要时给出简短计算。
分析长度以解释清楚为准，避免重复题干或展开无关背景。
不要引入题目未给出的假设。

按以下结构输出：
A：……
B：……
C：……
D：……

最后输出唯一的答案 JSON：
{""answer"":[""A"",""C""]}

answer 是唯一字段，数组包含 1–3 个不重复的大写选项字母，
仅限 A、B、C、D，按字母顺序排列。
示例选项仅说明格式，不代表本题答案。
分析部分不要输出候选答案 JSON，最终答案后不要输出任何内容。

题目：
Scenario and Given Conditions:

某零售商在销售周期 $[0,1]$ 销售单品，期初库存为零。期初同时选定整数初始订购量 $Q_0\ge0$ 和审查时点 $t\in[0,1]$；审查时点不能随销售路径改变。需求是已知率 $\lambda>0$ 的齐次泊松过程，$N\sim\mathrm{Pois}(\lambda t)$、$M\sim\mathrm{Pois}(\lambda(1-t))$ 相互独立，分别表示审查前后需求。无固定订购费、提前期和期内持有费；未满足的需求永久流失，需求率不作预测更新。

单位售价 $V>0$，期初成本 $c_1>0$，补货成本 $c_2\ge c_1$，每单位流失需求罚款 $p\ge0$，期末未售库存处置成本 $h$ 可为负。满足 $p+V>c_2$、$c_1+h>0$。记 $z^+=\max(z,0)$。审查前售出 $\min(Q_0,N)$；余量 $I=(Q_0-N)^+$。审查时选择整数目标 $x\ge0$，补货 $q=(x-I)^+$，补后库存 $A=\max(x,I)$；审查后售出 $\min(A,M)$。周期期望利润为
$$\pi_0(Q_0,t,x)=\mathbb E[V\min(Q_0,N)-c_1Q_0-p(N-Q_0)^++V\min(A,M)-c_2q-h(A-M)^+-p(M-A)^+].$$
给定 $t$，以 $S^*(t)$ 表示阶段二利润最大化的最小整数目标，令 $\pi_0(Q_0,t)=\pi_0(Q_0,t,S^*(t))$。最终目标是最大化周期期望利润。

记 $\alpha_2=(p+V-c_2)/(p+V+h)$、$S=S^*(0)$。对 $x=1,\ldots,S$，定义内部断点 $t_x^B$ 为 $\Pr(\mathrm{Pois}(\lambda(1-t_x^B))<x)=\alpha_2$ 的解；设 $t_{S+1}^B=0$、$t_0^B=1$。若 $S=0$，内部断点集合为空。

固定有限整数 $Q_0\ge x>0$，并考虑非空区间 $(t_{x+1}^B,t_x^B)$；其中目标为 $x$，右边界是内部断点 $0<t_x^B<1$。所有局部调整均保持 $Q_0$ 固定，且留在此开区间内。

Question:

关于该区间的右边界和时间优化，哪些陈述成立？

这是多选题，请选择所有由题面给定条件确定成立的陈述。

A. 在断点 $t_x^B$，将第二阶段目标由 $x$ 改为 $x-1$ 会严格提高期望利润。

B. $\lim_{t\to t_x^{B-}}\partial\pi_0(Q_0,t,x)/\partial t<0$。

C. 在 $t_x^B$ 左侧足够小的邻域中，适当提前审查可以严格增加期望利润。

D. 该开区间内存在时间导数为零的驻点。","0"
"107","你正在回答一道独立的供应链决策多选题。仅根据本题条件作答。

请根据题目给定的条件，分别简要分析 A、B、C、D 四个选项，再给出最终答案。

每个选项说明其成立或不成立的关键依据，必要时给出简短计算。
分析长度以解释清楚为准，避免重复题干或展开无关背景。
不要引入题目未给出的假设。

按以下结构输出：
A：……
B：……
C：……
D：……

最后输出唯一的答案 JSON：
{""answer"":[""A"",""C""]}

answer 是唯一字段，数组包含 1–3 个不重复的大写选项字母，
仅限 A、B、C、D，按字母顺序排列。
示例选项仅说明格式，不代表本题答案。
分析部分不要输出候选答案 JSON，最终答案后不要输出任何内容。

题目：
### Scenario and Given Conditions
一家单产品备货工厂采用周期盘点，无生产或返工容量限制。每期期初需求先发生并优先满足历史欠单；对需求发生后剩余的在手库存和欠单分别收取单位成本 $h=b=1$，随后接收本期完工品，最后下生产订单。欠单全部保留，缺陷品立即进入完美返工，全部最终合格且不报废。

考虑如下用于库存策略分析的参数情形：每期需求确定为 $D_t=2$；生产和返工提前期均为 $L_P=L_R=1$。每件产品独立以概率 $g=1/2$ 一次合格，各批质量独立。期末订单中的一次合格品在下一期需求发生后入库，返工品在再下一期需求发生后入库。同一期入库时，一次合格品在单元匹配顺序中排在返工品之前。

库存位置等于在手库存减欠单加全部生产及返工未完成订单。基准库存策略补库存位置至整数 $S\ge0$；稳态每期订单 $Q_t=2$。目标是在该策略类别内最小化长期每期平均持有与积压成本 $EC_P(S)$。

按实际可用顺序匹配需求。0期订单缺陷数为 $i$，−1期订单缺陷数为 $j$，1期订单缺陷数为 $k$。0期一次合格品匹配0期之后序号 $S-2+1-j,\ldots,S-i-j$ 的需求；0期返工品匹配1期之后序号 $S-i+1-k,\ldots,S-k$ 的需求。序号非正时向前追溯到已发生的需求。单元在需求前到达时计等待需求的持有期数，在需求后到达时计顾客等待的积压期数。

管理者同时计算近似边际
$$\widehat\Delta(S)=\sum_{n=0}^{2}r(n)\{1-2F_2(S-n)\},\qquad r(n)=\binom2n2^{-2},$$
其中 $F_2(x)=\Pr(D_1+D_2\ge x)$，并取 $\widetilde S=\max\{S\ge0:\widehat\Delta(S)<0\}$。

### Question
这是多选题，请选择所有由题面给定条件确定成立的陈述。

A. 当 $S=4$ 且 $(i,j,k)=(1,1,0)$ 时，0期订单的两件产品合计单元持有与积压成本为1。

B. $EC_P(S)$ 在整数 $S\ge0$ 上具有严格递增的边际差分 $EC_P(S)-EC_P(S-1)$。

C. 在本情形中，$\widetilde S=5$ 是精确成本的最优基准库存水平，即使某期没有任何完工品入库的事件具有正概率。

D. 在0期订单存在返工品且1期订单存在一次合格品的实现中，后者的首次可用时间严格早于前者。","0"
"108","你正在回答一道独立的供应链决策多选题。仅根据本题条件作答。

请根据题目给定的条件，分别简要分析 A、B、C、D 四个选项，再给出最终答案。

每个选项说明其成立或不成立的关键依据，必要时给出简短计算。
分析长度以解释清楚为准，避免重复题干或展开无关背景。
不要引入题目未给出的假设。

按以下结构输出：
A：……
B：……
C：……
D：……

最后输出唯一的答案 JSON：
{""answer"":[""A"",""C""]}

answer 是唯一字段，数组包含 1–3 个不重复的大写选项字母，
仅限 A、B、C、D，按字母顺序排列。
示例选项仅说明格式，不代表本题答案。
分析部分不要输出候选答案 JSON，最终答案后不要输出任何内容。

题目：
### Scenario and Given Conditions
一个单产品备货工厂比较静态基准库存与利用当前生产管线信息的订货启发式。每期依次发生需求并计持有/积压成本、接收完工品、下单；全部欠单保留，无容量限制，缺陷品立即完美返工，无报废且最终产品同质。目标为最小化长期每期平均持有与积压成本，$h=1$，$b/(b+h)=0.95$。需求来自均值20、变异系数0.1的 i.i.d. 正态需求实验，实验采用非负整数离散化需求。

生产和返工提前期分别为固定整数 $L_P,L_R$。一次合格品在下单后的 $L_P$ 期需求发生后入库；返工品在下单后的 $L_P+L_R$ 期需求发生后入库。库存位置是在手减欠单加全部未完成订单。静态策略把库存位置补至基准库存策略类别内最优的 $S^*$；稳态下订单等于需求。

$BS_1$ 与 $BS_2$ 均观察当前管线订单，并利用其条件缺陷数分布。它们把某单元现在订与下一期订作成本比较；假想比较中固定该单元两种订货时点的质量状态相同，并假设未来回到静态基准库存。估计现在订的成本低于下期订时才订该单元。两者其余算法与同成本择一规则相同，差别仅为单元合格概率估计：$BS_1$ 使用长期平均值 $\bar g$，$BS_2$ 使用 $(G+\bar g)/2$，其中 $G$ 是给定当前批量与其他单元质量情景的条件合格概率，而非已观测的未来质量。

考虑批次成比例产出 $Y(Q)=ZQ$，跨批独立的 $Z\in[0,1]$ 服从均值0.9、变异系数0.3的 Beta 分布。以下是该实验已给定的长期成本估计。定义相对于静态策略成本的节约率 $\Delta^H=100[EC(S^*)-C_H]/EC(S^*)$。本题只使用已给定结果，不需重建离散化或运行仿真。

|$(L_P,L_R)$|$\Delta^{BS_1}$|$\Delta^{BS_2}$|
|---|---:|---:|
|(5,1)|−54.17%|−7.96%|
|(5,2)|−39.72%|−3.49%|
|(10,1)|−39.79%|−3.95%|
|(10,2)|−14.43%|−2.20%|

另考虑替换成单元独立的二项式产出 $Y(Q)\sim\mathrm{Binomial}(Q,g)$，$0<g<1$，跨批独立且质量与需求独立；除产出模型外维持同一启发式定义。

### Question
这是多选题，请选择所有由题面给定条件确定成立的陈述。

A. 在二项式产出环境中，$BS_1$ 与 $BS_2$ 产生相同的订货决策。

B. 表中的长期成本劣势与单元比较中“估计现在订比下期订便宜”的决策可以同时出现，因为实际后续状态依赖决策并非假想比较所固定的静态基准库存延续路径。

C. 对表中任一固定 $L_P$，$L_R$ 从1增至2后，$BS_2$ 相对于静态策略的成本超额比例下降。

D. 在 $(L_P,L_R)=(5,1)$ 时，从 $BS_1$ 改用 $BS_2$ 节约了 $BS_1$ 成本的46.21%。","0"
"109","你正在回答一道独立的供应链决策多选题。仅根据本题条件作答。

请根据题目给定的条件，分别简要分析 A、B、C、D 四个选项，再给出最终答案。

每个选项说明其成立或不成立的关键依据，必要时给出简短计算。
分析长度以解释清楚为准，避免重复题干或展开无关背景。
不要引入题目未给出的假设。

按以下结构输出：
A：……
B：……
C：……
D：……

最后输出唯一的答案 JSON：
{""answer"":[""A"",""C""]}

answer 是唯一字段，数组包含 1–3 个不重复的大写选项字母，
仅限 A、B、C、D，按字母顺序排列。
示例选项仅说明格式，不代表本题答案。
分析部分不要输出候选答案 JSON，最终答案后不要输出任何内容。

题目：
### Scenario and Given Conditions
一家制造企业讨论提升一次合格率的工艺方案，并核查库存控制评价口径。工厂运营单产品周期备货系统：每期先满足需求与历史欠单并计持有/积压成本，再接收完工品，最后下生产订单。需求 i.i.d.，采用均值20、变异系数 $\rho_D\in\{0.1,0.2,0.3\}$ 的非负整数离散化正态需求；质量与需求独立，跨批质量独立。单位持有成本 $h=1$，$b/(b+h)\in\{0.75,0.85,0.95\}$。生产提前期 $L_P\in\{5,10\}$，返工提前期 $L_R\in\{1,\ldots,L_P\}$，均固定且无容量限制。所有缺陷品立即完美返工，无报废。一次合格品于下单后 $L_P$ 期需求发生后入库，返工品再晚 $L_R$ 期入库，两类合格品同质。

基准库存策略将库存位置（在手减欠单加全部未完成订单）补至整数 $S\ge0$，稳态 $Q_t=D_t$。以 $EC(S)$ 表示长期每期平均持有和积压成本，$S^*$ 最小化该策略类别内的 $EC(S)$。

比较两种产出机制：成比例产出 $Y(Q)=ZQ$，其中 $Z\sim\mathrm{Beta}(\alpha,\beta)$、$\alpha,\beta>0$；或者单元独立二项式产出 $Y(Q)\sim\mathrm{Binomial}(Q,g)$。比例模型在各均值 $\mu$ 下保持变异系数 $\rho_Z=0.3$；二项式模型取 $g=\mu$。Beta 参数满足
$$\mu=\frac{\alpha}{\alpha+\beta},\qquad \mathrm{Var}(Z)=\frac{\mu(1-\mu)}{\alpha+\beta+1}.$$

已给定实验分组平均的最优纯库存成本如下；这些是参数组平均，而非某个工厂实例的三次配对改造结果。成比例组平均排除了四个异常实例。无需重建实验离散化过程。

|产出模型|$\mu=0.5$|$\mu=0.8$|$\mu=0.9$|
|---|---:|---:|---:|
|成比例，固定 $\rho_Z=0.3$|23.96|27.75|30.61|
|二项式，$g=\mu$|22.61|21.12|20.50|

工艺评价还需计返工费用：每件需返工产品加工一次，单位费用为固定 $c>0$；没有返工量折扣。设 $R_t=Q_t-Y(Q_t)$，返工工作量按给定产出模型的数量计算，不另行取整。给定产出参数时，含返工费用的库存策略目标为 $EC(S)+c\mathbb E[R_t]$。技术方案本身的投资及其他加工费用另行评价，不包含在表内。

### Question
这是多选题，请选择所有由题面给定条件确定成立的陈述。

A. 比例模型将 $\mu$ 从0.5提高到0.9且保持 $\rho_Z=0.3$，实现了在产出标准差不变下提高平均合格率的比较。

B. 在 $\mu=0.9,\rho_Z=0.3$ 时，$Z$ 的 Beta 密度在0和1两端均发散，单批次较早可用的合格量因而具有接近0或接近整个批量的两端聚集倾向。

C. 在需求均值保持20且仍采用稳态基准库存策略时，把平均合格率从0.5提高到0.9，长期每期平均返工费用减少 $8c$。

D. 给定 $\mu$ 和需求环境，将上述单位返工加工费计入库存策略目标，会使最优基准库存水平的集合偏离只最小化 $EC(S)$ 得到的集合。","0"
"110","你正在回答一道独立的供应链决策多选题。仅根据本题条件作答。

请根据题目给定的条件，分别简要分析 A、B、C、D 四个选项，再给出最终答案。

每个选项说明其成立或不成立的关键依据，必要时给出简短计算。
分析长度以解释清楚为准，避免重复题干或展开无关背景。
不要引入题目未给出的假设。

按以下结构输出：
A：……
B：……
C：……
D：……

最后输出唯一的答案 JSON：
{""answer"":[""A"",""C""]}

answer 是唯一字段，数组包含 1–3 个不重复的大写选项字母，
仅限 A、B、C、D，按字母顺序排列。
示例选项仅说明格式，不代表本题答案。
分析部分不要输出候选答案 JSON，最终答案后不要输出任何内容。

题目：
### Scenario and Given Conditions
单一供应商向采购商供应零部件。供应商已确定输入合格率 $q\in(0,1)$ 和批发价 $w\ge0$；采购商观察二者后选择检验比例 $U\in[0,1]$ 和零售价 $p\ge0$。固定检验技术为 $(\phi,\psi)$，其中 $0<\phi\le1$ 是缺陷检出率，$\psi>0$ 是每件被检产品的检验费，检验无误报。检出缺陷在销售前由供应商完全返工；漏检缺陷在销售后也由供应商完全返工，每个初始缺陷只发生一次单位返工费 $v>c>0$，其中 $c$ 为生产成本。漏检缺陷另产生外部故障损失 $g>\psi$，供应商承担份额 $\gamma\in[0,1]$，采购商承担 $1-\gamma$。

终端首次交付合格率 $\theta=q+(1-q)U\phi$ 公开，市场需求 $D=\alpha-\beta p+\lambda\theta$，$\alpha,\beta,\lambda>0$。缺陷率采用长期比例解释，无额外需求冲击。采购商最大化
\[
\Pi_B=[p-w-U\psi-(1-\theta)(1-\gamma)g]D.
\]
只考察各项比较涉及的参数及质量区间内，所有 $U\in[0,1]$ 的最优定价均满足 $p\ge0,D>0$ 的情形。令 $C=\lambda+\beta(1-\gamma)g$、$Y=\phi(1-q)C-\beta\psi$，并假定 $\beta\psi<\phi C$。以 $q_B^t$ 表示采购商全检与不检利润相同的质量阈值。

一体化基准由单一决策者在给定相同 $q$ 和技术下选择 $U,p$，最大化
\[
\Pi_I=[p-c-U\psi-(1-q)v-(1-\theta)g]D.
\]
该基准同样处于上述正需求定价区域，其全检与不检无差异质量阈值记为 $q_I^t$。参数变化比较固定其余参数，并保持所有参与条件及阈值内点条件。

### Question
这是多选题，请选择所有由题面给定条件确定成立的陈述。

A. $Y
e0$ 时采购商的最优检验比例只能取 $0$ 或 $1$；$Y=0$ 时全部 $U\in[0,1]$ 并列最优。

B. 在参与条件保持成立时，增加批发价 $w$ 会严格提高 $q_B^t$。

C. 增加供应商的外部故障分担份额 $\gamma$ 会严格降低 $q_B^t$。

D. 当 $\gamma=0$ 时，分散采购商的质量阈值满足 $q_B^t<q_I^t$。","0"
"111","你正在回答一道独立的供应链决策多选题。仅根据本题条件作答。

请根据题目给定的条件，分别简要分析 A、B、C、D 四个选项，再给出最终答案。

每个选项说明其成立或不成立的关键依据，必要时给出简短计算。
分析长度以解释清楚为准，避免重复题干或展开无关背景。
不要引入题目未给出的假设。

按以下结构输出：
A：……
B：……
C：……
D：……

最后输出唯一的答案 JSON：
{""answer"":[""A"",""C""]}

answer 是唯一字段，数组包含 1–3 个不重复的大写选项字母，
仅限 A、B、C、D，按字母顺序排列。
示例选项仅说明格式，不代表本题答案。
分析部分不要输出候选答案 JSON，最终答案后不要输出任何内容。

题目：
### Scenario and Given Conditions
单一供应商已选定输入合格率 $q\in(0,1)$ 和批发价 $w\ge0$。采购商观察二者后选择零售价 $p\ge0$、检验比例 $U\in[0,1]$，以及两种成对给定技术中的一种：$L=(\phi_L,\psi_L)$ 或 $H=(\phi_H,\psi_H)$，满足 $0<\phi_L<\phi_H\le1$、$0<\psi_L<\psi_H$。也可完全不检，记为 $N$。技术精度是缺陷检出率，无误报；检出的缺陷在销售前完全返工，漏出的缺陷在销售后完全返工，返工均由供应商承担。漏出的缺陷另产生单位外部故障损失 $g>\psi_H$，供应商承担份额 $\gamma\in[0,1]$。

终端首次交付合格率 $\theta=q+(1-q)U\phi_i$ 公开，需求为 $D=\alpha-\beta p+\lambda\theta$，$\alpha,\beta,\lambda>0$。无额外随机需求，缺陷率按长期比例解释。采购商最大化
\[
\Pi_B=[p-w-U\psi_i-(1-\theta)(1-\gamma)g]D.
\]
令 $C=\lambda+\beta(1-\gamma)g$。假定 $\beta\psi_i<\phi_i C$ 对 $i=L,H$ 都成立；整个 $q\in(0,1)$ 范围内每种技术及所有检验比例的最优定价均满足 $p\ge0,D>0$。无差异时，不检优先于检验，两项全检技术并列时优先选择 $H$。

定义结构参数
\[
\gamma_{HL}=1-\frac{\beta(\psi_H-\psi_L)-\lambda(\phi_H-\phi_L)}{\beta g(\phi_H-\phi_L)}.
\]
涉及改变 $\gamma$ 的比较固定其他参数，且变化在保持上述条件的局部区间内进行。

### Question
这是多选题，请选择所有由题面给定条件确定成立的陈述。

A. 若 $\psi_H/\phi_H\le\psi_L/\phi_L$，则 $L$ 不存在严格优于 $H$ 和 $N$ 的质量区间。

B. 若 $\psi_H/\phi_H>\psi_L/\phi_L$ 且 $\gamma>\gamma_{HL}$，则 $H$ 在任意 $q\in(0,1)$ 下均无法成为严格最优选择。

C. 若 $\psi_H/\phi_H>\psi_L/\phi_L$ 且 $\gamma<\gamma_{HL}$，则随着 $q$ 从 $0$ 向 $1$ 上升，排除切换点后，最优决策依次为 $L$ 全检、$H$ 全检、不检。

D. 若 $\psi_H/\phi_H>\psi_L/\phi_L$ 且 $0<\gamma<\gamma_{HL}$，则局部增加 $\gamma$ 会扩大 $H$ 全检严格最优的来料质量区间。","0"
"112","你正在回答一道独立的供应链决策多选题。仅根据本题条件作答。

请根据题目给定的条件，分别简要分析 A、B、C、D 四个选项，再给出最终答案。

每个选项说明其成立或不成立的关键依据，必要时给出简短计算。
分析长度以解释清楚为准，避免重复题干或展开无关背景。
不要引入题目未给出的假设。

按以下结构输出：
A：……
B：……
C：……
D：……

最后输出唯一的答案 JSON：
{""answer"":[""A"",""C""]}

answer 是唯一字段，数组包含 1–3 个不重复的大写选项字母，
仅限 A、B、C、D，按字母顺序排列。
示例选项仅说明格式，不代表本题答案。
分析部分不要输出候选答案 JSON，最终答案后不要输出任何内容。

题目：
### Scenario and Given Conditions
单一供应商向采购商供应零部件，输入合格率 $q\in(0,1)$ 可观察。固定技术 $(\phi,\psi)$ 满足 $0<\phi\le1,\psi>0$，缺陷检出率为 $\phi$，无误报。检验比例为 $U$，终端首次交付合格率 $\theta=q+(1-q)U\phi$ 公开。检出与漏出的初始缺陷均由供应商完全返工，单位返工费 $v>c>0$，$c$ 为单位生产成本。漏出市场的缺陷另有单位损失 $g>\psi$，供应商承担份额 $\gamma\in[0,1]$。需求 $D=\alpha-\beta p+\lambda\theta$，$\alpha,\beta,\lambda>0$；无额外需求冲击，缺陷率采用长期比例解释。

两方经营利润为
\[
\Pi_B=[p-w-U\psi-(1-\theta)(1-\gamma)g]D,
\qquad
\Pi_S=[w-c-(1-q)v-(1-\theta)\gamma g]D.
\]
比较两类路径：固定批发价路径中，$w\ge0$ 为常数，采购商优化 $p\ge0$；内生批发价路径中，给定 $q$ 后供应商先优化 $w\ge0$，采购商随后优化 $p\ge0$。$U=0$ 记为不检体制 $n$，$U=1$ 记为全检体制 $f$。所有导数都在技术及体制保持不变的局部质量区间内计算，采购商对该体制的检验反应严格有效，排除切换点。$q$ 是比较路径变量，不是针对外部参数变化重新求出的均衡质量。

假定 $\alpha\ge\beta(c+\psi+v+g)$，并仅使用最优 $w,p$ 为内点且需求严格为正的区间；外生 $w$ 也满足采购商正需求条件。记固定 $w$ 的最优零售价为 $p_{jB}^*(q;w)$，内生优化 $w$ 后为 $p_j(q)$，$j=n,f$。

### Question
这是多选题，请选择所有由题面给定条件确定成立的陈述。

A. 固定 $w$、全检且 $\phi=1$ 时，$\partial p_{fB}^*/\partial q=0$。

B. 固定 $w$ 且 $0<\phi<1$ 时，局部提高 $q$ 使零售价严格上升的充要条件，在全检与不检体制中相同，都是 $\lambda>\beta(1-\gamma)g$。

C. 内生优化 $w$、全检且 $\phi=1$ 时，$dp_f/dq<0$。

D. 内生优化 $w$、不检时，$\lambda>\beta(1-\gamma)g$ 足以保证 $dp_n/dq>0$。","0"
"113","你正在回答一道独立的供应链决策多选题。仅根据本题条件作答。

请根据题目给定的条件，分别简要分析 A、B、C、D 四个选项，再给出最终答案。

每个选项说明其成立或不成立的关键依据，必要时给出简短计算。
分析长度以解释清楚为准，避免重复题干或展开无关背景。
不要引入题目未给出的假设。

按以下结构输出：
A：……
B：……
C：……
D：……

最后输出唯一的答案 JSON：
{""answer"":[""A"",""C""]}

answer 是唯一字段，数组包含 1–3 个不重复的大写选项字母，
仅限 A、B、C、D，按字母顺序排列。
示例选项仅说明格式，不代表本题答案。
分析部分不要输出候选答案 JSON，最终答案后不要输出任何内容。

题目：
### Scenario and Given Conditions
单一供应商先选择可观察的输入合格率 $q\in[0,1]$ 和批发价 $w\ge0$，采购商随后选择检验比例 $U\in[0,1]$ 与零售价 $p\ge0$。固定技术 $(\phi,\psi)$ 满足 $0<\phi<1,\psi>0$，缺陷检出率为 $\phi$，无误报。检出与漏出缺陷均由供应商完全返工，单位返工费 $v>c>0$；$c$ 为单位生产成本。漏出市场的缺陷另产生单位损失 $g>\psi$，供应商承担份额 $\gamma\in[0,1]$。终端首次交付合格率 $\theta=q+(1-q)U\phi$ 公开，需求 $D=\alpha-\beta p+\lambda\theta$，$\alpha,\beta,\lambda,s>0$，无额外需求冲击，缺陷率按长期比例解释。

供应商支付一次性质量投资 $sq^2/2$，两方最大化各自利润：
\[
\Pi_S=[w-c-(1-q)v-(1-\theta)\gamma g]D-\frac12sq^2,
\qquad
\Pi_B=[p-w-U\psi-(1-\theta)(1-\gamma)g]D.
\]
假定 $\alpha\ge\beta(c+\psi+v+g)$ 和 $\beta\psi<\phi[\lambda+\beta(1-\gamma)g]$。令 $q_B^t$ 为采购商全检与不检的无差异质量，$0<q_B^t<1$；等号点排除在严格反应一致性判断之外。

将 $U=0$ 或 $U=1$ 分别固定后，先代入采购商最优价格，再由供应商优化批发价，所得质量目标分别记为 $F_n(q)$、$F_f(q)$。这些函数在 $[0,1]$ 上用于体制条件优化；一个候选是否符合采购商实际反应须另查。最优价格与批发价均采用内点正需求解。定义
\[
X_n=\alpha-\beta(c+v+g),\quad Y_n=\lambda+\beta(v+g),
\]
\[
X_f=\alpha+\phi\lambda-\beta[c+\psi+v+(1-\phi)g],\quad
Y_f=(1-\phi)\lambda+\beta[v+(1-\phi)g].
\]
在相应目标严格凹时，$q_n^*,q_f^*$ 表示未施加质量边界及检验反应约束的一阶驻点。对 $\gamma$ 的局部比较保持其余参数不变、内点和参与条件有效。对 $q\in(0,1)$ 定义
\[
\Gamma(q)=1-\frac{\beta\psi-(1-q)\phi\lambda}{(1-q)\phi\beta g}.
\]

### Question
这是多选题，请选择所有由题面给定条件确定成立的陈述。

A. $s>Y_n^2/(4\beta)$ 足以保证 $F_n$ 和 $F_f$ 都严格凹。

B. 若 $s\le Y_n^2/(4\beta)$，则 $F_n$ 在 $[0,1]$ 上的唯一最大点为 $q=1$。

C. 当 $F_n$ 严格凹且 $q_n^*\in(0,1)$ 时，局部增加 $\gamma$ 会严格提高无约束候选 $q_n^*$。

D. 当 $F_n$ 严格凹且 $q_n^*\in(0,1)$ 时，该候选符合采购商严格不检反应的充要条件是 $\gamma<\Gamma(q_n^*)$。","0"
"114","你正在回答一道独立的供应链决策多选题。仅根据本题条件作答。

请根据题目给定的条件，分别简要分析 A、B、C、D 四个选项，再给出最终答案。

每个选项说明其成立或不成立的关键依据，必要时给出简短计算。
分析长度以解释清楚为准，避免重复题干或展开无关背景。
不要引入题目未给出的假设。

按以下结构输出：
A：……
B：……
C：……
D：……

最后输出唯一的答案 JSON：
{""answer"":[""A"",""C""]}

answer 是唯一字段，数组包含 1–3 个不重复的大写选项字母，
仅限 A、B、C、D，按字母顺序排列。
示例选项仅说明格式，不代表本题答案。
分析部分不要输出候选答案 JSON，最终答案后不要输出任何内容。

题目：
### Scenario and Given Conditions
比较单一供应商和采购商分散决策的渠道 $D$ 与一体化渠道 $I$。两渠道使用相同技术 $(\phi,\psi)$，$0<\phi\le1,\psi>0$，无误报，缺陷检出率为 $\phi$。初始输入合格率 $q\in[0,1]$，检验比例 $U\in[0,1]$，终端首次交付合格率 $\theta=q+(1-q)U\phi$ 公开。所有初始缺陷均最终完全返工，每个缺陷的单位返工费 $v>c>0$，$c$ 为生产成本。只有漏出市场的缺陷另产生损失 $g>\psi$。需求 $D_m=\alpha-\beta p+\lambda\theta$，$\alpha,\beta,\lambda,s>0$；无额外需求冲击，缺陷率按长期比例解释。

分散渠道的供应商先选择可观察的 $q$ 与批发价 $w\ge0$，采购商随后选择 $U,p\ge0$。供应商承担全部返工费及外部损失份额 $\gamma\in[0,1]$，双方利润为
\[
\Pi_S=[w-c-(1-q)v-(1-\theta)\gamma g]D_m-\frac12sq^2,
\qquad
\Pi_B=[p-w-U\psi-(1-\theta)(1-\gamma)g]D_m.
\]
一体化渠道统一选择 $q,U,p$，最大化
\[
\Pi_I=[p-c-U\psi-(1-q)v-(1-\theta)g]D_m-\frac12sq^2.
\]
两者质量投资均为一次性固定成本。假定 $\alpha\ge\beta(c+\psi+v+g)$、$\beta\psi<\phi[\lambda+\beta(1-\gamma)g]$，并只使用价格为内点、需求严格为正的解。定义
\[
X_n=\alpha-\beta(c+v+g),\quad Y_n=\lambda+\beta(v+g),
\]
\[
X_f=\alpha+\phi\lambda-\beta[c+\psi+v+(1-\phi)g],\quad
Y_f=(1-\phi)\lambda+\beta[v+(1-\phi)g].
\]
取 $s>Y_n^2/(2\beta)$。固定体制 $j=n$（不检）或 $j=f$（全检）后，分别完成定价优化，再对质量目标求无约束一阶驻点，记为 $q_{Ij}^*,q_{Dj}^*$。这些符号只表示同体制候选，不自行宣告全博弈均衡；提及其严格可行时，既要求 $q\in(0,1)$，也要求候选符合相应渠道的严格检验反应。

跨体制比较中的 $q_D,q_I$ 则是双方给定的实际决策质量，按各选项给定的 $U_D,U_I$ 比较首次交付质量，不将它们误认成同体制候选。

### Question
这是多选题，请选择所有由题面给定条件确定成立的陈述。

A. 同一体制 $j$ 下，若两渠道候选都严格可行，则 $q_{Ij}^*>q_{Dj}^*$。

B. 同一全检体制下，若两渠道候选都严格可行且 $q_{If}^*>q_{Df}^*$，则终端合格率必满足 $\theta_I>\theta_D$。

C. 给定 $U_D=1,U_I=0$ 和 $0\le q_D<q_I<1$，$\theta_D>\theta_I$ 的充要条件为 $\phi>(q_I-q_D)/(1-q_D)$。

D. 同一体制 $j$ 下，若两渠道候选都严格可行，则 $q_{Ij}^*=2q_{Dj}^*$。","0"
"115","你正在回答一道独立的供应链决策多选题。仅根据本题条件作答。

请根据题目给定的条件，分别简要分析 A、B、C、D 四个选项，再给出最终答案。

每个选项说明其成立或不成立的关键依据，必要时给出简短计算。
分析长度以解释清楚为准，避免重复题干或展开无关背景。
不要引入题目未给出的假设。

按以下结构输出：
A：……
B：……
C：……
D：……

最后输出唯一的答案 JSON：
{""answer"":[""A"",""C""]}

answer 是唯一字段，数组包含 1–3 个不重复的大写选项字母，
仅限 A、B、C、D，按字母顺序排列。
示例选项仅说明格式，不代表本题答案。
分析部分不要输出候选答案 JSON，最终答案后不要输出任何内容。

题目：
### Scenario and Given Conditions
企业从两家可靠供应商采购同一零部件。快源提前期 $l_f=0$，慢源提前期 $l_s=1$；无固定订货费，订单均非负。快源成本为
$$c(q)=c_f\min(q,k)+mc_f[q-k]^+,$$
慢源成本为 $c_sq^s$，其中 $[z]^+=\max(z,0)$、$0<c_s\le c_f$、$h,b>0$。未满足需求全部积压。需求 $D_t$ 连续、非负、独立同分布，CDF 为 $F$、密度为 $f$，有限均值 $\mu>0$ 且有限方差。
期初观察 $x_{t-1}=I_{t-1}+q^s_{t-1}$ 后同时决定 $q^f_t,q^s_t$，快订单与上一期慢订单到达，随后需求实现。状态更新为
$$I_t=x_{t-1}+q^f_t-D_t,\qquad x_t=x_{t-1}+q^f_t+q^s_t-D_t.$$
当期成本为 $c(q^f_t)+c_sq^s_t+h[I_t]^++b[-I_t]^+$。无限期目标为最小化长期平均期望成本。
当前 $k>0,m>1$，最优平稳策略具有 $S_2^f<S_1^f<S^s$，且 $F(S^s-S_2^f+k)<1$。需求密度在 $(S^s-S_1^f,\,S^s-S_2^f+k)$ 内为正。
快源策略写为
$$q^f(x)=\begin{cases}0,&x\ge S_1^f,\\S_1^f-x,&S_1^f-k\le x<S_1^f,\\k,&S_2^f-k\le x<S_1^f-k,\\S_2^f-x,&x<S_2^f-k.\end{cases}$$
慢源策略为 $q^s(x)=[S^s-x-q^f(x)]^+$。相邻区间在共同端点给出同一订货量。
已知上一期下单后总库存头寸为 $S^s$，因此本期订货前状态为 $x_{t-1}=S^s-D_{t-1}$。定义 $a=S^s-S_1^f>0$、$v=S^s-S_2^f+k>a+k$。

### Question
关于本期订单对上一期需求的响应，这是多选题，请选择所有由题面给定条件确定成立的陈述。

A. 两源的总订货量为 $q^f_t+q^s_t=D_{t-1}$。

B. 在 $a<D_{t-1}\le a+k$ 的区间内，慢源订货量为常数 $a$。

C. 在 $a+k<D_{t-1}\le v$ 的区间内，两源总订货量对 $D_{t-1}$ 的斜率为零。

D. 在 $D_{t-1}>v$ 的区间内，慢源订货量对 $D_{t-1}$ 的斜率为一。","0"
"116","你正在回答一道独立的供应链决策多选题。仅根据本题条件作答。

请根据题目给定的条件，分别简要分析 A、B、C、D 四个选项，再给出最终答案。

每个选项说明其成立或不成立的关键依据，必要时给出简短计算。
分析长度以解释清楚为准，避免重复题干或展开无关背景。
不要引入题目未给出的假设。

按以下结构输出：
A：……
B：……
C：……
D：……

最后输出唯一的答案 JSON：
{""answer"":[""A"",""C""]}

answer 是唯一字段，数组包含 1–3 个不重复的大写选项字母，
仅限 A、B、C、D，按字母顺序排列。
示例选项仅说明格式，不代表本题答案。
分析部分不要输出候选答案 JSON，最终答案后不要输出任何内容。

题目：
### Scenario and Given Conditions
企业从两家可靠供应商采购同一零部件。快源提前期 $l_f=0$，慢源提前期 $l_s=1$；无固定订货费，订单均非负。快源成本为
$$c(q)=c_f\min(q,k)+mc_f[q-k]^+,$$
慢源成本为 $c_sq^s$，其中 $[z]^+=\max(z,0)$、$0<c_s\le c_f$、$h,b>0$。未满足需求全部积压。需求 $D_t$ 连续、非负、独立同分布，CDF 为 $F$、密度为 $f$，有限均值 $\mu>0$ 且有限方差。
期初观察 $x_{t-1}=I_{t-1}+q^s_{t-1}$ 后同时决定 $q^f_t,q^s_t$，快订单与上一期慢订单到达，随后需求实现。状态更新为
$$I_t=x_{t-1}+q^f_t-D_t,\qquad x_t=x_{t-1}+q^f_t+q^s_t-D_t.$$
当期成本为 $c(q^f_t)+c_sq^s_t+h[I_t]^++b[-I_t]^+$。无限期目标为最小化长期平均期望成本。
先考察 $k>0$、有限 $m\ge1$ 下的最优平稳策略，目标满足 $S_2^f\le S_1^f<S^s$。快目标是当前成本优化的内点，需求密度在所需分位数处为正。初始状态 $x_0$ 可任意给定；$D_0>0$ 是已观察到的上一期需求，不假定 $x_0=S^s-D_0$。
快源策略写为
$$q^f(x)=\begin{cases}0,&x\ge S_1^f,\\S_1^f-x,&S_1^f-k\le x<S_1^f,\\k,&S_2^f-k\le x<S_1^f-k,\\S_2^f-x,&x<S_2^f-k.\end{cases}$$
慢源策略为 $q^s(x)=[S^s-x-q^f(x)]^+$。相邻区间在共同端点给出同一订货量。
另比较两种合同：一是 $m=1$ 的线性快合同；二是禁止加班的硬产能合同 $0\le q^f\le k$。这两种比较均假定对应最优慢目标严格高于第一快目标；硬产能合同的第一快目标仍为内点。所有比较固定需求分布及 $h,b,c_f,c_s,k$。

### Question
关于状态初始化、边际成本与合同退化，这是多选题，请选择所有由题面给定条件确定成立的陈述。

A. 给定 $S_1^f<S^s$，第一个周期的总订货量为 $D_0$，不受初始状态 $x_0$ 的影响。

B. 在慢订单严格为正且总订货后头寸保持不变的可行边际调整中，快源常规采购的净边际采购成本为 $c_f-c_s$。

C. 硬产能合同下，快源订货量仍为未截断的 $[S_1^f-x]^+$。

D. 在 $m=1$ 的合同下，快源最优规则退化为 $q^f(x)=[S_1^f-x]^+$。","0"
"117","你正在回答一道独立的供应链决策多选题。仅根据本题条件作答。

请根据题目给定的条件，分别简要分析 A、B、C、D 四个选项，再给出最终答案。

每个选项说明其成立或不成立的关键依据，必要时给出简短计算。
分析长度以解释清楚为准，避免重复题干或展开无关背景。
不要引入题目未给出的假设。

按以下结构输出：
A：……
B：……
C：……
D：……

最后输出唯一的答案 JSON：
{""answer"":[""A"",""C""]}

answer 是唯一字段，数组包含 1–3 个不重复的大写选项字母，
仅限 A、B、C、D，按字母顺序排列。
示例选项仅说明格式，不代表本题答案。
分析部分不要输出候选答案 JSON，最终答案后不要输出任何内容。

题目：
### Scenario and Given Conditions
企业从两家可靠供应商采购同一零部件。快源提前期 $l_f=0$，慢源提前期 $l_s=1$；无固定订货费，订单均非负。快源成本为
$$c(q)=c_f\min(q,k)+mc_f[q-k]^+,$$
慢源成本为 $c_sq^s$，其中 $[z]^+=\max(z,0)$、$0<c_s\le c_f$、$h,b>0$。未满足需求全部积压。需求 $D_t$ 连续、非负、独立同分布，CDF 为 $F$、密度为 $f$，有限均值 $\mu>0$ 且有限方差。
期初观察 $x_{t-1}=I_{t-1}+q^s_{t-1}$ 后同时决定 $q^f_t,q^s_t$，快订单与上一期慢订单到达，随后需求实现。状态更新为
$$I_t=x_{t-1}+q^f_t-D_t,\qquad x_t=x_{t-1}+q^f_t+q^s_t-D_t.$$
当期成本为 $c(q^f_t)+c_sq^s_t+h[I_t]^++b[-I_t]^+$。无限期目标为最小化长期平均期望成本。
当前 $k>0,m>1$，采用最优平稳策略，$S_2^f<S_1^f<S^s$；每期状态为 $x=S^s-D_{t-1}$。
快源策略写为
$$q^f(x)=\begin{cases}0,&x\ge S_1^f,\\S_1^f-x,&S_1^f-k\le x<S_1^f,\\k,&S_2^f-k\le x<S_1^f-k,\\S_2^f-x,&x<S_2^f-k.\end{cases}$$
慢源策略为 $q^s(x)=[S^s-x-q^f(x)]^+$。相邻区间在共同端点给出同一订货量。
定义 $L(y)=\mathbb E[h(y-D)^++b(D-y)^+]$，$L'(y)=(h+b)F(y)-b$。在所考察的平稳需求替代域内，目标为
$$S_1^f=F^{-1}\!\left(\frac{b-c_f+c_s}{b+h}\right),\qquad S_2^f=F^{-1}\!\left(\frac{b-mc_f+c_s}{b+h}\right).$$
两个概率在 $(0,1)$ 内，分位数唯一。
定义 $a=S^s-S_1^f$、$v=S^s-S_2^f+k$ 及
$$p_I=F(a),\quad p_{II}=F(a+k)-F(a),\quad p_{III}=F(v)-F(a+k),\quad p_{IV}=1-F(v).$$
当前 $p_{III}>0$。分解 $q_r^f=\min(q^f,k)$、$q_o^f=[q^f-k]^+$，份额为 $\rho_r^f=\mathbb E[q_r^f]/\mu$、$\rho_o^f=\mathbb E[q_o^f]/\mu$、$\rho_s=\mathbb E[q^s]/\mu$，快源总份额为 $\rho^f=\rho_r^f+\rho_o^f$。
只考虑重新优化后的可微局部变化，不越过上述策略域或概率边界，固定需求分布和其他成本参数。所需密度为正。可使用以下目标敏感度：
$$s_k=\frac{\partial S^s}{\partial k}=-\frac{A}{A+B},\qquad s_m=\frac{\partial S^s}{\partial m}=\frac{c_f p_{IV}}{A+B},\qquad s_{2m}=\frac{\partial S_2^f}{\partial m}=-\frac{c_f}{(h+b)f(S_2^f)},$$
其中
$$A=(h+b)\int_{a+k}^v f(S^s-d+k)f(d)\,dd,\qquad B=(h+b)\int_0^a f(S^s-d)f(d)\,dd,$$
$A+B>0$。讨论等份额曲线时额外限定 $\partial\rho^f/\partial k$ 和 $\partial\rho^f/\partial m$ 均非零。

### Question
关于两种合同参数对采购份额的局部作用，这是多选题，请选择所有由题面给定条件确定成立的陈述。

A. 增加 $k$ 时，快源常规采购份额满足 $\partial\rho_r^f/\partial k\ge0$。

B. 增加 $m$ 时，快源加班采购份额满足 $\partial\rho_o^f/\partial m\le0$。

C. 可微等快源总份额曲线的斜率满足 $dm/dk>0$。

D. 慢源份额对 $k$ 的局部导数为 $\partial\rho_s/\partial k=(p_{IV}+p_{II})s_k/\mu$。","0"
"118","你正在回答一道独立的供应链决策多选题。仅根据本题条件作答。

请根据题目给定的条件，分别简要分析 A、B、C、D 四个选项，再给出最终答案。

每个选项说明其成立或不成立的关键依据，必要时给出简短计算。
分析长度以解释清楚为准，避免重复题干或展开无关背景。
不要引入题目未给出的假设。

按以下结构输出：
A：……
B：……
C：……
D：……

最后输出唯一的答案 JSON：
{""answer"":[""A"",""C""]}

answer 是唯一字段，数组包含 1–3 个不重复的大写选项字母，
仅限 A、B、C、D，按字母顺序排列。
示例选项仅说明格式，不代表本题答案。
分析部分不要输出候选答案 JSON，最终答案后不要输出任何内容。

题目：
### Scenario and Given Conditions
企业从两家可靠供应商采购同一零部件。快源提前期 $l_f=0$，慢源提前期 $l_s=1$；无固定订货费，订单均非负。快源成本为
$$c(q)=c_f\min(q,k)+mc_f[q-k]^+,$$
慢源成本为 $c_sq^s$，其中 $[z]^+=\max(z,0)$、$0<c_s\le c_f$、$h,b>0$。未满足需求全部积压。需求 $D_t$ 连续、非负、独立同分布，CDF 为 $F$、密度为 $f$，有限均值 $\mu>0$ 且有限方差。
期初观察 $x_{t-1}=I_{t-1}+q^s_{t-1}$ 后同时决定 $q^f_t,q^s_t$，快订单与上一期慢订单到达，随后需求实现。状态更新为
$$I_t=x_{t-1}+q^f_t-D_t,\qquad x_t=x_{t-1}+q^f_t+q^s_t-D_t.$$
当期成本为 $c(q^f_t)+c_sq^s_t+h[I_t]^++b[-I_t]^+$。无限期目标为最小化长期平均期望成本。
这里 $k\ge0,m\ge1$。先考察无限期目标，其快目标按下述分位数定义。
定义 $L(y)=\mathbb E[h(y-D)^++b(D-y)^+]$，$L'(y)=(h+b)F(y)-b$。在所考察的平稳需求替代域内，目标为
$$S_1^f=F^{-1}\!\left(\frac{b-c_f+c_s}{b+h}\right),\qquad S_2^f=F^{-1}\!\left(\frac{b-mc_f+c_s}{b+h}\right).$$
两个概率在 $(0,1)$ 内，分位数唯一。
记 $\bar F=1-F$。慢目标由下列函数在 $s\ge S_1^f$ 上的零点选择：
$$\begin{aligned}
g(s)={}&(c_s-mc_f)\bar F(s-S_2^f+k)
+\int_{s-S_1^f+k}^{s-S_2^f+k}L'(s-d+k)f(d)\,dd\\
&+(c_s-c_f)[\bar F(s-S_1^f)-\bar F(s-S_1^f+k)]
+\int_0^{s-S_1^f}L'(s-d)f(d)\,dd.
\end{aligned}$$
假定 $g$ 连续且非减；若根不唯一，任取一个最小成本根，只有选出的根满足 $S^s>S_1^f$ 时才将其用于严格的平稳需求替代域。此处不预设每个参数组都存在正则唯一根。
另考察有限计划期 $t=1,\ldots,T$，折现因子 $0<\alpha<1$，终端值 $v_{T+1}(x)=-c_{T+1}x$。终端系数满足 $0\le\alpha c_{T+1}<c_s$，递推为
$$v_t(x)=\min_{q^f,q^s\ge0}\{c(q^f)+c_sq^s+L(x+q^f)+\alpha\mathbb E[v_{t+1}(x+q^f+q^s-D_t)]\}.$$
当 $t=T$ 时仍以该递推、非负订货约束及给定终端系数求最优解。

### Question
关于慢目标的根、采购参数耦合与有限期边界，这是多选题，请选择所有由题面给定条件确定成立的陈述。

A. 在题设模型的所有允许参数组中，只要成本目标凸，$g(s)=0$ 在 $s\ge S_1^f$ 上的根就唯一。

B. 若 $g(S_1^f)<0$ 且某个有限 $s_+>S_1^f$ 满足 $g(s_+)>0$，则至少有一个慢目标根位于 $(S_1^f,s_+)$。

C. 在需求分布和 $c_s,h,b,c_f$ 固定时，重新优化所得的慢目标 $S^s$ 不随 $k$ 或 $m$ 改变。

D. 在给定有限期模型的末期，每一个最优解都满足 $q^s_T=0$。","0"
"119","你正在回答一道独立的供应链决策多选题。仅根据本题条件作答。

请根据题目给定的条件，分别简要分析 A、B、C、D 四个选项，再给出最终答案。

每个选项说明其成立或不成立的关键依据，必要时给出简短计算。
分析长度以解释清楚为准，避免重复题干或展开无关背景。
不要引入题目未给出的假设。

按以下结构输出：
A：……
B：……
C：……
D：……

最后输出唯一的答案 JSON：
{""answer"":[""A"",""C""]}

answer 是唯一字段，数组包含 1–3 个不重复的大写选项字母，
仅限 A、B、C、D，按字母顺序排列。
示例选项仅说明格式，不代表本题答案。
分析部分不要输出候选答案 JSON，最终答案后不要输出任何内容。

题目：
Scenario and Given Conditions：

某装配企业比较库存水平对当期补货的影响。$h=2,b=8,c_p=5,H=4$。按 $t,t+1,t+2,t+3$ 排列，需求为 $(12,16,6,20)$，基础生产能力为 $(10,8,12,5)$。题中 $x$ 可变化。

系统管理单一物料，连续订货量非负，零提前期，全部缺货积压，无固定订货费。第 $n$ 期先观测净库存，再订货立即到货，随后需求实现。设当期期初净库存为 $x\in\mathbb R$，规划 $H$ 期，$I_{t-1}=x$，$I_n=I_{n-1}+q_n-d_n$。每期基础生产能力 $k_n\ge0$，可加班取得不限量的超额供应；常规单位成本 $c=0$，持有费率 $h$、积压费率 $b$、超额单位溢价 $c_p$ 满足 $0<h<c_p<b$。规划目标为
$$\min_{q_n\ge0}\sum_{n=t}^{t+H-1}\left[h(I_n)^++b(-I_n)^++c_p(q_n-k_n)^+\right],\qquad (a)^+=\max(a,0).$$
需求在本次规划中确定，因而需求不确定集是给定序列的单点集，不设概率分布。没有期末残值或额外终端约束，仅执行本次最优方案的当期订单 $q_t^*$，下一期重新规划。若有多个最优方案，$q_t^*$ 取其中最大的当期订货量。以下比较每次重新求解，除明确改变的参数外，其余输入固定。

Question：

这是多选题，请选择所有由题面给定条件确定成立的陈述。

A. 在 $2<x<10$ 内，最优当期订货量对期初净库存的导数为 $0$。

B. 当 $x=15$ 时，最优当期订货量为 $0$。

C. 当 $x=0$ 时，当期需要支付溢价的供应量为 $2$ 单位。

D. 期初净库存由 $20$ 增加至 $21$ 时，最优当期订货量下降 $1$ 单位。","0"
"120","你正在回答一道独立的供应链决策多选题。仅根据本题条件作答。

请根据题目给定的条件，分别简要分析 A、B、C、D 四个选项，再给出最终答案。

每个选项说明其成立或不成立的关键依据，必要时给出简短计算。
分析长度以解释清楚为准，避免重复题干或展开无关背景。
不要引入题目未给出的假设。

按以下结构输出：
A：……
B：……
C：……
D：……

最后输出唯一的答案 JSON：
{""answer"":[""A"",""C""]}

answer 是唯一字段，数组包含 1–3 个不重复的大写选项字母，
仅限 A、B、C、D，按字母顺序排列。
示例选项仅说明格式，不代表本题答案。
分析部分不要输出候选答案 JSON，最终答案后不要输出任何内容。

题目：
Scenario and Given Conditions：

某装配企业评估不同日期扩充基础生产能力对补货的影响。$h=3,b=24,c_p=10,H=4,x=15$。按 $t,t+1,t+2,t+3$ 排列，需求为 $(15,12,8,18)$，基础生产能力为 $(10,6,10,6)$。

系统管理单一物料，连续订货量非负，零提前期，全部缺货积压，无固定订货费。第 $n$ 期先观测净库存，再订货立即到货，随后需求实现。设当期期初净库存为 $x\in\mathbb R$，规划 $H$ 期，$I_{t-1}=x$，$I_n=I_{n-1}+q_n-d_n$。每期基础生产能力 $k_n\ge0$，可加班取得不限量的超额供应；常规单位成本 $c=0$，持有费率 $h$、积压费率 $b$、超额单位溢价 $c_p$ 满足 $0<h<c_p<b$。规划目标为
$$\min_{q_n\ge0}\sum_{n=t}^{t+H-1}\left[h(I_n)^++b(-I_n)^++c_p(q_n-k_n)^+\right],\qquad (a)^+=\max(a,0).$$
需求在本次规划中确定，因而需求不确定集是给定序列的单点集，不设概率分布。没有期末残值或额外终端约束，仅执行本次最优方案的当期订单 $q_t^*$，下一期重新规划。若有多个最优方案，$q_t^*$ 取其中最大的当期订货量。以下比较每次重新求解，除明确改变的参数外，其余输入固定。

Question：

这是多选题，请选择所有由题面给定条件确定成立的陈述。

A. 若先把当期基础产能设为 $20$，再把 $k_{t+2}$ 从 $10$ 增至 $10+\delta$，其中 $0<\delta<2$，则最优当期订货量减少 $\delta$。

B. 从基准配置出发，仅把 $k_{t+2}$ 从 $10$ 增至 $12$，最优当期订货量减少 $2$。

C. 保持未来产能不变，把 $k_t$ 设为 $a\in[10,20]$，最优当期订货量为 $\min(a,16)$。

D. 保持其余产能不变，将 $k_{t+2}$ 设为任意 $a\ge10$，最优当期订货量均不低于 $6$。","0"
"121","你正在回答一道独立的供应链决策多选题。仅根据本题条件作答。

请根据题目给定的条件，分别简要分析 A、B、C、D 四个选项，再给出最终答案。

每个选项说明其成立或不成立的关键依据，必要时给出简短计算。
分析长度以解释清楚为准，避免重复题干或展开无关背景。
不要引入题目未给出的假设。

按以下结构输出：
A：……
B：……
C：……
D：……

最后输出唯一的答案 JSON：
{""answer"":[""A"",""C""]}

answer 是唯一字段，数组包含 1–3 个不重复的大写选项字母，
仅限 A、B、C、D，按字母顺序排列。
示例选项仅说明格式，不代表本题答案。
分析部分不要输出候选答案 JSON，最终答案后不要输出任何内容。

题目：
Scenario and Given Conditions：

某装配企业评估基础产能微调的跨期效果。$h=2,b=12,c_p=7,H=4,x=0$。按 $t,t+1,t+2,t+3$ 排列，需求为 $(5,14,4,10)$，基础生产能力为 $(15,6,8,6)$。$\delta\in(0,1)$ 表示某一期产能的增加量，$\epsilon\in(0,1)$ 表示削减量。

系统管理单一物料，连续订货量非负，零提前期，全部缺货积压，无固定订货费。第 $n$ 期先观测净库存，再订货立即到货，随后需求实现。设当期期初净库存为 $x\in\mathbb R$，规划 $H$ 期，$I_{t-1}=x$，$I_n=I_{n-1}+q_n-d_n$。每期基础生产能力 $k_n\ge0$，可加班取得不限量的超额供应；常规单位成本 $c=0$，持有费率 $h$、积压费率 $b$、超额单位溢价 $c_p$ 满足 $0<h<c_p<b$。规划目标为
$$\min_{q_n\ge0}\sum_{n=t}^{t+H-1}\left[h(I_n)^++b(-I_n)^++c_p(q_n-k_n)^+\right],\qquad (a)^+=\max(a,0).$$
需求在本次规划中确定，因而需求不确定集是给定序列的单点集，不设概率分布。没有期末残值或额外终端约束，仅执行本次最优方案的当期订单 $q_t^*$，下一期重新规划。若有多个最优方案，$q_t^*$ 取其中最大的当期订货量。以下比较每次重新求解，除明确改变的参数外，其余输入固定。

Question：

这是多选题，请选择所有由题面给定条件确定成立的陈述。

A. 仅将 $k_{t+3}$ 增加 $\delta$，最优当期订货量不变。

B. 仅将 $k_{t+1}$ 增加 $\delta$，最优当期订货量减少 $\delta$。

C. 仅将 $k_{t+3}$ 削减 $\epsilon$，最优当期订货量增加 $\epsilon$。

D. 仅将 $k_{t+2}$ 增加 $\delta$，最优当期订货量减少 $\delta$。","0"
"122","你正在回答一道独立的供应链决策多选题。仅根据本题条件作答。

请根据题目给定的条件，分别简要分析 A、B、C、D 四个选项，再给出最终答案。

每个选项说明其成立或不成立的关键依据，必要时给出简短计算。
分析长度以解释清楚为准，避免重复题干或展开无关背景。
不要引入题目未给出的假设。

按以下结构输出：
A：……
B：……
C：……
D：……

最后输出唯一的答案 JSON：
{""answer"":[""A"",""C""]}

answer 是唯一字段，数组包含 1–3 个不重复的大写选项字母，
仅限 A、B、C、D，按字母顺序排列。
示例选项仅说明格式，不代表本题答案。
分析部分不要输出候选答案 JSON，最终答案后不要输出任何内容。

题目：
Scenario and Given Conditions：

某装配企业调整加班供应的单位溢价。$h=2,b=15,H=6,x=10$，比较范围为 $2<c_p<10$。按 $t$ 至 $t+5$ 排列，需求为 $(10,14,12,6,15,0)$，基础生产能力为 $(20,8,8,8,8,0)$。

系统管理单一物料，连续订货量非负，零提前期，全部缺货积压，无固定订货费。第 $n$ 期先观测净库存，再订货立即到货，随后需求实现。设当期期初净库存为 $x\in\mathbb R$，规划 $H$ 期，$I_{t-1}=x$，$I_n=I_{n-1}+q_n-d_n$。每期基础生产能力 $k_n\ge0$，可加班取得不限量的超额供应；常规单位成本 $c=0$，持有费率 $h$、积压费率 $b$、超额单位溢价 $c_p$ 满足 $0<h<c_p<b$。规划目标为
$$\min_{q_n\ge0}\sum_{n=t}^{t+H-1}\left[h(I_n)^++b(-I_n)^++c_p(q_n-k_n)^+\right],\qquad (a)^+=\max(a,0).$$
需求在本次规划中确定，因而需求不确定集是给定序列的单点集，不设概率分布。没有期末残值或额外终端约束，仅执行本次最优方案的当期订单 $q_t^*$，下一期重新规划。若有多个最优方案，$q_t^*$ 取其中最大的当期订货量。以下比较每次重新求解，除明确改变的参数外，其余输入固定。

Question：

这是多选题，请选择所有由题面给定条件确定成立的陈述。

A. 对于 $4\le c_p<6$，按给定的最优方案选择规则，当期订货量均为 $10$。

B. 将 $c_p$ 从 $5.8$ 增至 $6.5$，最优当期订货量不变。

C. 当 $c_p=8$ 时，从可行订单向量 $(0,14,12,6,15,0)$ 出发，仅将其中第 $t+4$ 期的 $1$ 单位订单移至第 $t$ 期，可严格降低总规划成本。

D. 当 $c_p=8.5$ 时，最优当期订货量仍为 $10$。","0"
"123","你正在回答一道独立的供应链决策多选题。仅根据本题条件作答。

请根据题目给定的条件，分别简要分析 A、B、C、D 四个选项，再给出最终答案。

每个选项说明其成立或不成立的关键依据，必要时给出简短计算。
分析长度以解释清楚为准，避免重复题干或展开无关背景。
不要引入题目未给出的假设。

按以下结构输出：
A：……
B：……
C：……
D：……

最后输出唯一的答案 JSON：
{""answer"":[""A"",""C""]}

answer 是唯一字段，数组包含 1–3 个不重复的大写选项字母，
仅限 A、B、C、D，按字母顺序排列。
示例选项仅说明格式，不代表本题答案。
分析部分不要输出候选答案 JSON，最终答案后不要输出任何内容。

题目：
Scenario and Given Conditions：

某物料分析师只能观测补货决策，无法看到完整未来参数。$h=3,b=12,c_p=8,H=3$，需求序列为 $(30,d_{t+1},d_{t+2})$，其中未来两期需求为固定但未知的非负数；基础产能为 $(25,k_{t+1},k_{t+2})$，未来两期产能也是固定但未知的非负数。设待识别指标
$$B=\max\{d_{t+1}-k_{t+1},\ d_{t+1}+d_{t+2}-k_{t+1}-k_{t+2}\}.$$
在完全相同的未来需求、产能和成本下，两次独立观测分别为：$x=10$ 时 $q_t^*=25$；$x=34$ 时 $q_t^*=16$。其他库存情景沿用同一组未知参数。

系统管理单一物料，连续订货量非负，零提前期，全部缺货积压，无固定订货费。第 $n$ 期先观测净库存，再订货立即到货，随后需求实现。设当期期初净库存为 $x\in\mathbb R$，规划 $H$ 期，$I_{t-1}=x$，$I_n=I_{n-1}+q_n-d_n$。每期基础生产能力 $k_n\ge0$，可加班取得不限量的超额供应；常规单位成本 $c=0$，持有费率 $h$、积压费率 $b$、超额单位溢价 $c_p$ 满足 $0<h<c_p<b$。规划目标为
$$\min_{q_n\ge0}\sum_{n=t}^{t+H-1}\left[h(I_n)^++b(-I_n)^++c_p(q_n-k_n)^+\right],\qquad (a)^+=\max(a,0).$$
需求在本次规划中确定，因而需求不确定集是给定序列的单点集，不设概率分布。没有期末残值或额外终端约束，仅执行本次最优方案的当期订单 $q_t^*$，下一期重新规划。若有多个最优方案，$q_t^*$ 取其中最大的当期订货量。以下比较每次重新求解，除明确改变的参数外，其余输入固定。

Question：

这是多选题，请选择所有由题面给定条件确定成立的陈述。

A. 这些观测唯一确定 $B=20$。

B. 当 $x=20$ 时，最优当期订货量为 $25$。

C. 当 $x=45$ 时，最优当期订货量为 $5$。

D. 当 $x=30$ 时，最优当期订货量为 $0$。","0"
"124","你正在回答一道独立的供应链决策多选题。仅根据本题条件作答。

请根据题目给定的条件，分别简要分析 A、B、C、D 四个选项，再给出最终答案。

每个选项说明其成立或不成立的关键依据，必要时给出简短计算。
分析长度以解释清楚为准，避免重复题干或展开无关背景。
不要引入题目未给出的假设。

按以下结构输出：
A：……
B：……
C：……
D：……

最后输出唯一的答案 JSON：
{""answer"":[""A"",""C""]}

answer 是唯一字段，数组包含 1–3 个不重复的大写选项字母，
仅限 A、B、C、D，按字母顺序排列。
示例选项仅说明格式，不代表本题答案。
分析部分不要输出候选答案 JSON，最终答案后不要输出任何内容。

题目：
Scenario and Given Conditions：

一家项目企业执行单周期工程，项目收入为固定常数 $V>0$，没有参与或退出决策。材料需求 $x_1$ 与基准作业时间 $x_2$ 在 $(0,\infty)^2$ 上具有已知的连续严格正联合密度，允许相关，且一阶矩有限。企业先选提前材料订单 $Q_m\ge0$ 与承诺工期 $T_m\ge0$；合同供应商观察订单后选产量 $Q_s\ge Q_m$，交付 $Q_m$ 并保留 $Q_s-Q_m$。随后需求与作业时间实现，超出企业库存的需求先由供应商保留库存满足，仍不足的部分由备选供应商无限补足。余料无残值。

提前价、合同加急价、备选加急价分别为 $w,w_1,w_2$，供应商单位生产成本为 $c$，满足 $0<c<w<w_1<w_2$。合同加急不增加工期，备选加急每单位缺口增加 $a_2>0$ 单位时间。令 $z^+=\max(z,0)$。供应商选择产量最大化
$$\pi_s(Q_s;Q_m)=wQ_m+w_1\mathbb E[\min(Q_s-Q_m,(x_1-Q_m)^+)]-cQ_s,$$
其最优响应记为 $Q_s^*(Q_m)$。企业选择订单与工期最大化 $V-C_q(Q_m)-C_t(Q_m,T_m)$，其中
$$C_q(Q_m)=wQ_m+w_1\mathbb E[\min(Q_s^*(Q_m)-Q_m,(x_1-Q_m)^+)]+w_2\mathbb E[(x_1-Q_s^*(Q_m))^+],$$
$$C_t(Q_m,T_m)=b_1T_m+b_2\mathbb E[(x_2+a_2(x_1-Q_s^*(Q_m))^+-T_m)^+],\qquad 0<b_1<b_2.$$
所有价格外生，企业考虑供应商响应后优化，不联合选择合同价格。记 $H_1(q)=P(x_1\ge q)$，$\tilde q_s$ 为 $w_1H_1(\tilde q_s)=c$ 的唯一根。称订单区域 $A=\{Q_m\ge\tilde q_s\}$ 为推式区域，$B=\{0\le Q_m\le\tilde q_s\}$ 为推拉式区域。涉及局部导数的最优解均为唯一正则内点，相关密度和隐函数导数存在。

记 $(q^A,t^A)$ 和 $(q^B,t^B)$ 分别为企业在区域 $A$、$B$ 内的最优订单和工期，区域最大利润之差记为 $\Delta(w)=\max_A\pi_m-\max_B\pi_m$。固定其他参数时，$\tilde w$ 为 $\Delta(w)=0$ 的唯一价格，且本题限于 $c<\tilde w<w_1$ 的实例。记 $\tilde t_s=\arg\min_{t\ge0}\{b_1t+b_2\mathbb E[(x_2+a_2(x_1-\tilde q_s)^+-t)^+]\}$。讨论 $B$ 内订单调整时不跨越区域边界。

Question：

采购经理希望区分企业自持库存与供应商保留库存对交付承诺的作用。以下哪些陈述成立？

这是多选题，请选择所有由题面给定条件确定成立的陈述。

A. 对任意固定订单 $Q_m\in B$，企业单独优化工期得到的解均为 $\tilde t_s$。

B. 在推式区域的严格内点最优解中，订单满足 $w_2H_1(q^A)=w$。

C. 固定价格和其他参数，在 $B$ 内提高企业订单会降低向备选供应商采购的概率。

D. 在价格 $w=\tilde w$ 的两种区域最优方案中，推式方案的承诺工期严格短于推拉式方案。","0"
"125","你正在回答一道独立的供应链决策多选题。仅根据本题条件作答。

请根据题目给定的条件，分别简要分析 A、B、C、D 四个选项，再给出最终答案。

每个选项说明其成立或不成立的关键依据，必要时给出简短计算。
分析长度以解释清楚为准，避免重复题干或展开无关背景。
不要引入题目未给出的假设。

按以下结构输出：
A：……
B：……
C：……
D：……

最后输出唯一的答案 JSON：
{""answer"":[""A"",""C""]}

answer 是唯一字段，数组包含 1–3 个不重复的大写选项字母，
仅限 A、B、C、D，按字母顺序排列。
示例选项仅说明格式，不代表本题答案。
分析部分不要输出候选答案 JSON，最终答案后不要输出任何内容。

题目：
Scenario and Given Conditions：

一家项目企业执行单周期工程，项目收入为固定常数 $V>0$，没有参与或退出决策。材料需求 $x_1$ 与基准作业时间 $x_2$ 在 $(0,\infty)^2$ 上具有已知的连续严格正联合密度，允许相关，且一阶矩有限。企业先选提前材料订单 $Q_m\ge0$ 与承诺工期 $T_m\ge0$；合同供应商观察订单后选产量 $Q_s\ge Q_m$，交付 $Q_m$ 并保留 $Q_s-Q_m$。随后需求与作业时间实现，超出企业库存的需求先由供应商保留库存满足，仍不足的部分由备选供应商无限补足。余料无残值。

提前价、合同加急价、备选加急价分别为 $w,w_1,w_2$，供应商单位生产成本为 $c$，满足 $0<c<w<w_1<w_2$。合同加急不增加工期，备选加急每单位缺口增加 $a_2>0$ 单位时间。令 $z^+=\max(z,0)$。供应商选择产量最大化
$$\pi_s(Q_s;Q_m)=wQ_m+w_1\mathbb E[\min(Q_s-Q_m,(x_1-Q_m)^+)]-cQ_s,$$
其最优响应记为 $Q_s^*(Q_m)$。企业选择订单与工期最大化 $V-C_q(Q_m)-C_t(Q_m,T_m)$，其中
$$C_q(Q_m)=wQ_m+w_1\mathbb E[\min(Q_s^*(Q_m)-Q_m,(x_1-Q_m)^+)]+w_2\mathbb E[(x_1-Q_s^*(Q_m))^+],$$
$$C_t(Q_m,T_m)=b_1T_m+b_2\mathbb E[(x_2+a_2(x_1-Q_s^*(Q_m))^+-T_m)^+],\qquad 0<b_1<b_2.$$
所有价格外生，企业考虑供应商响应后优化，不联合选择合同价格。记 $H_1(q)=P(x_1\ge q)$，$\tilde q_s$ 为 $w_1H_1(\tilde q_s)=c$ 的唯一根。称订单区域 $A=\{Q_m\ge\tilde q_s\}$ 为推式区域，$B=\{0\le Q_m\le\tilde q_s\}$ 为推拉式区域。涉及局部导数的最优解均为唯一正则内点，相关密度和隐函数导数存在。

现在有两个互不影响的项目 Alpha 和 Beta，均采用以上模型，但各自参数与随机分布可以不同。Alpha 当前全局最优处于 $Q_m^\alpha>\tilde q_s^\alpha$ 的推式严格内点；Beta 当前全局最优处于 $0<Q_m^\gamma<\tilde q_s^\gamma$ 的推拉式严格内点。每次只对指定参数作局部微扰，其余价格、费率、分布不变；微扰足够小，保持成本排序、原有体制和正则内点，不发生平价或切换。上标 $\alpha,\gamma$ 分别指两个项目。

Question：

以下哪些局部响应判断成立？

这是多选题，请选择所有由题面给定条件确定成立的陈述。

A. Alpha 的最优提前订单对自身工期管理费率的导数满足 $\partial Q_m^\alpha/\partial b_1^\alpha>0$。

B. Alpha 的最优提前订单对自身合同加急价的导数满足 $\partial Q_m^\alpha/\partial w_1^\alpha>0$。

C. Beta 的最优承诺工期对自身延期罚金率的导数满足 $\partial T_m^\gamma/\partial b_2^\gamma>0$。

D. Beta 的最优承诺工期对自身提前采购价的导数满足 $\partial T_m^\gamma/\partial w^\gamma>0$。","0"
"126","你正在回答一道独立的供应链决策多选题。仅根据本题条件作答。

请根据题目给定的条件，分别简要分析 A、B、C、D 四个选项，再给出最终答案。

每个选项说明其成立或不成立的关键依据，必要时给出简短计算。
分析长度以解释清楚为准，避免重复题干或展开无关背景。
不要引入题目未给出的假设。

按以下结构输出：
A：……
B：……
C：……
D：……

最后输出唯一的答案 JSON：
{""answer"":[""A"",""C""]}

answer 是唯一字段，数组包含 1–3 个不重复的大写选项字母，
仅限 A、B、C、D，按字母顺序排列。
示例选项仅说明格式，不代表本题答案。
分析部分不要输出候选答案 JSON，最终答案后不要输出任何内容。

题目：
Scenario and Given Conditions：

一家项目企业执行单周期工程，项目收入为固定常数 $V>0$，没有参与或退出决策。材料需求 $x_1$ 与基准作业时间 $x_2$ 在 $(0,\infty)^2$ 上具有已知的连续严格正联合密度，允许相关，且一阶矩有限。企业先选提前材料订单 $Q_m\ge0$ 与承诺工期 $T_m\ge0$；合同供应商观察订单后选产量 $Q_s\ge Q_m$，交付 $Q_m$ 并保留 $Q_s-Q_m$。随后需求与作业时间实现，超出企业库存的需求先由供应商保留库存满足，仍不足的部分由备选供应商无限补足。余料无残值。

提前价、合同加急价、备选加急价分别为 $w,w_1,w_2$，供应商单位生产成本为 $c$，满足 $0<c<w<w_1<w_2$。合同加急不增加工期，备选加急每单位缺口增加 $a_2>0$ 单位时间。令 $z^+=\max(z,0)$。供应商选择产量最大化
$$\pi_s(Q_s;Q_m)=wQ_m+w_1\mathbb E[\min(Q_s-Q_m,(x_1-Q_m)^+)]-cQ_s,$$
其最优响应记为 $Q_s^*(Q_m)$。企业选择订单与工期最大化 $V-C_q(Q_m)-C_t(Q_m,T_m)$，其中
$$C_q(Q_m)=wQ_m+w_1\mathbb E[\min(Q_s^*(Q_m)-Q_m,(x_1-Q_m)^+)]+w_2\mathbb E[(x_1-Q_s^*(Q_m))^+],$$
$$C_t(Q_m,T_m)=b_1T_m+b_2\mathbb E[(x_2+a_2(x_1-Q_s^*(Q_m))^+-T_m)^+],\qquad 0<b_1<b_2.$$
所有价格外生，企业考虑供应商响应后优化，不联合选择合同价格。记 $H_1(q)=P(x_1\ge q)$，$\tilde q_s$ 为 $w_1H_1(\tilde q_s)=c$ 的唯一根。称订单区域 $A=\{Q_m\ge\tilde q_s\}$ 为推式区域，$B=\{0\le Q_m\le\tilde q_s\}$ 为推拉式区域。涉及局部导数的最优解均为唯一正则内点，相关密度和隐函数导数存在。

企业比较材料成本尺度不同的项目族。基准项目为 $\beta=1$；比较项目将 $(c,w,w_1,w_2)$ 同乘 $\beta>0$，而 $V$、联合分布、$a_2,b_1,b_2$ 与决策时序保持不变。令 $C_q$ 使用基准价格，则比较项目的企业目标为 $V-\beta C_q-C_t$；供应商目标为 $\beta\pi_s$。对每个 $\beta$ 重新优化并比较两个区域，不限制模式必须保持。用 $\tilde q_s^\beta$ 表示该项目的供应商无约束产量，用 $(q^{B,\beta},t^{B,\beta})$ 表示企业限制在推拉式区域的条件最优解。下述“严格最优模式”指该区域最大利润严格高于另一区域，排除平价；涉及推式订单尺度不变性的比较，限定于两个不同尺度下均处于正则推式严格内点的区域解。

Question：

以下哪些关于成本缩放和模式保持性的陈述成立？

这是多选题，请选择所有由题面给定条件确定成立的陈述。

A. 条件最优决策三元组 $(\tilde q_s^\beta,q^{B,\beta},t^{B,\beta})$ 对 $\beta>0$ 保持不变。

B. 若基准项目的严格最优模式为推拉式，则任意 $\beta>1$ 的比较项目仍以推拉式为严格最优模式。

C. 若基准项目的严格最优模式为推式，则任意 $0<\beta<1$ 的比较项目将切换为推拉式严格最优模式。

D. 在两个不同尺度下均为推式严格内点的条件下，推式区域最优提前订单相同。","0"
"127","你正在回答一道独立的供应链决策多选题。仅根据本题条件作答。

请根据题目给定的条件，分别简要分析 A、B、C、D 四个选项，再给出最终答案。

每个选项说明其成立或不成立的关键依据，必要时给出简短计算。
分析长度以解释清楚为准，避免重复题干或展开无关背景。
不要引入题目未给出的假设。

按以下结构输出：
A：……
B：……
C：……
D：……

最后输出唯一的答案 JSON：
{""answer"":[""A"",""C""]}

answer 是唯一字段，数组包含 1–3 个不重复的大写选项字母，
仅限 A、B、C、D，按字母顺序排列。
示例选项仅说明格式，不代表本题答案。
分析部分不要输出候选答案 JSON，最终答案后不要输出任何内容。

题目：
Scenario and Given Conditions：

一家项目企业执行单周期工程，项目收入为固定常数 $V>0$，没有参与或退出决策。材料需求 $x_1$ 与基准作业时间 $x_2$ 在 $(0,\infty)^2$ 上具有已知的连续严格正联合密度，允许相关，且一阶矩有限。企业先选提前材料订单 $Q_m\ge0$ 与承诺工期 $T_m\ge0$；合同供应商观察订单后选产量 $Q_s\ge Q_m$，交付 $Q_m$ 并保留 $Q_s-Q_m$。随后需求与作业时间实现，超出企业库存的需求先由供应商保留库存满足，仍不足的部分由备选供应商无限补足。余料无残值。

提前价、合同加急价、备选加急价分别为 $w,w_1,w_2$，供应商单位生产成本为 $c$，满足 $0<c<w<w_1<w_2$。合同加急不增加工期，备选加急每单位缺口增加 $a_2>0$ 单位时间。令 $z^+=\max(z,0)$。供应商选择产量最大化
$$\pi_s(Q_s;Q_m)=wQ_m+w_1\mathbb E[\min(Q_s-Q_m,(x_1-Q_m)^+)]-cQ_s,$$
其最优响应记为 $Q_s^*(Q_m)$。企业选择订单与工期最大化 $V-C_q(Q_m)-C_t(Q_m,T_m)$，其中
$$C_q(Q_m)=wQ_m+w_1\mathbb E[\min(Q_s^*(Q_m)-Q_m,(x_1-Q_m)^+)]+w_2\mathbb E[(x_1-Q_s^*(Q_m))^+],$$
$$C_t(Q_m,T_m)=b_1T_m+b_2\mathbb E[(x_2+a_2(x_1-Q_s^*(Q_m))^+-T_m)^+],\qquad 0<b_1<b_2.$$
所有价格外生，企业考虑供应商响应后优化，不联合选择合同价格。记 $H_1(q)=P(x_1\ge q)$，$\tilde q_s$ 为 $w_1H_1(\tilde q_s)=c$ 的唯一根。称订单区域 $A=\{Q_m\ge\tilde q_s\}$ 为推式区域，$B=\{0\le Q_m\le\tilde q_s\}$ 为推拉式区域。涉及局部导数的最优解均为唯一正则内点，相关密度和隐函数导数存在。

企业另设一个仅考虑材料成本的报童采购系统，使用相同的需求边缘分布、价格、生产成本、时序与全需求补足机制。报童系统只选 $Q_m^\phi\ge0$，所有实现需求均售出，单位售价 $p>0$ 固定，其目标为
$$\pi_m^\phi(Q_m)=p\mathbb E[x_1]-C_q(Q_m).$$
供应商目标与上式 $\pi_s$ 相同，按各系统订单分别作最优响应。报童系统没有工期管理费或延期罚金，也不优化唯一工期。项目系统全局最优订单、产量记为 $Q_m^*,Q_s^*$，报童系统记为 $Q_m^\phi,Q_s^\phi$。固定 $w_1$ 及其他参数，仅将 $w$ 视为变量；$\tilde w$ 和 $\tilde w^\phi$ 分别定义为两个系统的区域最大利润相等价格。本题限于两个阈值均落在可行价格区间 $(c,w_1)$ 的实例，各选项的严格价格区间均排除阈值等号。各阈值处允许保留所有并列最优方案。

Question：

以下哪些比较结论成立？

这是多选题，请选择所有由题面给定条件确定成立的陈述。

A. 项目系统的模式切换价格高于报童系统：$\tilde w>\tilde w^\phi$。

B. 当 $c<w<\tilde w^\phi$ 时，供应链在项目系统下的最优总备货量严格高于报童系统：$Q_s^*>Q_s^\phi$。

C. 当 $\tilde w<w<w_1$ 时，项目系统的最优提前订单仍严格高于报童系统：$Q_m^*>Q_m^\phi$。

D. 当 $\tilde w^\phi<w<\tilde w$ 时，报童系统的严格最优模式为推式。","0"
"128","你正在回答一道独立的供应链决策多选题。仅根据本题条件作答。

请根据题目给定的条件，分别简要分析 A、B、C、D 四个选项，再给出最终答案。

每个选项说明其成立或不成立的关键依据，必要时给出简短计算。
分析长度以解释清楚为准，避免重复题干或展开无关背景。
不要引入题目未给出的假设。

按以下结构输出：
A：……
B：……
C：……
D：……

最后输出唯一的答案 JSON：
{""answer"":[""A"",""C""]}

answer 是唯一字段，数组包含 1–3 个不重复的大写选项字母，
仅限 A、B、C、D，按字母顺序排列。
示例选项仅说明格式，不代表本题答案。
分析部分不要输出候选答案 JSON，最终答案后不要输出任何内容。

题目：
Scenario and Given Conditions：

一家项目企业执行单周期工程，项目收入为固定常数 $V>0$，没有参与或退出决策。材料需求 $x_1$ 与基准作业时间 $x_2$ 在 $(0,\infty)^2$ 上具有已知的连续严格正联合密度，允许相关，且一阶矩有限。企业先选提前材料订单 $Q_m\ge0$ 与承诺工期 $T_m\ge0$；合同供应商观察订单后选产量 $Q_s\ge Q_m$，交付 $Q_m$ 并保留 $Q_s-Q_m$。随后需求与作业时间实现，超出企业库存的需求先由供应商保留库存满足，仍不足的部分由备选供应商无限补足。余料无残值。

提前价、合同加急价、备选加急价分别为 $w,w_1,w_2$，供应商单位生产成本为 $c$，满足 $0<c<w<w_1<w_2$。合同加急不增加工期，备选加急每单位缺口增加 $a_2>0$ 单位时间。令 $z^+=\max(z,0)$。供应商选择产量最大化
$$\pi_s(Q_s;Q_m)=wQ_m+w_1\mathbb E[\min(Q_s-Q_m,(x_1-Q_m)^+)]-cQ_s,$$
其最优响应记为 $Q_s^*(Q_m)$。企业选择订单与工期最大化 $V-C_q(Q_m)-C_t(Q_m,T_m)$，其中
$$C_q(Q_m)=wQ_m+w_1\mathbb E[\min(Q_s^*(Q_m)-Q_m,(x_1-Q_m)^+)]+w_2\mathbb E[(x_1-Q_s^*(Q_m))^+],$$
$$C_t(Q_m,T_m)=b_1T_m+b_2\mathbb E[(x_2+a_2(x_1-Q_s^*(Q_m))^+-T_m)^+],\qquad 0<b_1<b_2.$$
所有价格外生，企业考虑供应商响应后优化，不联合选择合同价格。记 $H_1(q)=P(x_1\ge q)$，$\tilde q_s$ 为 $w_1H_1(\tilde q_s)=c$ 的唯一根。称订单区域 $A=\{Q_m\ge\tilde q_s\}$ 为推式区域，$B=\{0\le Q_m\le\tilde q_s\}$ 为推拉式区域。涉及局部导数的最优解均为唯一正则内点，相关密度和隐函数导数存在。

审计团队无法直接看到企业订单相对于 $\tilde q_s$ 的位置，但已确认企业只可能处于推式严格内点或推拉式严格内点。团队可以分别改变 $w_1$ 或 $b_2$，测量企业最优订单和工期的局部响应。每次仅改变一个参数，其余参数与联合分布固定；扰动保持价格排序、原体制与正则内点，不跨越阈值或出现平价。供应商实际保留的安全库存为 $S=Q_s^*(Q_m^*)-Q_m^*$。

Question：

以下哪些审计判断成立？

这是多选题，请选择所有由题面给定条件确定成立的陈述。

A. 若测得 $\partial Q_m^*/\partial w_1>0$ 且 $\partial T_m^*/\partial w_1<0$，企业当前体制可唯一识别为推拉式严格内点。

B. 若测得 $\partial Q_m^*/\partial w_1=\partial T_m^*/\partial w_1=0$，企业当前体制可唯一识别为推式严格内点。

C. 处于推拉式严格内点时，供应商安全库存对合同加急价的局部响应满足 $\partial S/\partial w_1>0$。

D. 处于推式严格内点时，企业承诺工期对延期罚金率的局部响应满足 $\partial T_m^*/\partial b_2<0$。","0"
"129","你正在回答一道独立的供应链决策多选题。仅根据本题条件作答。

请根据题目给定的条件，分别简要分析 A、B、C、D 四个选项，再给出最终答案。

每个选项说明其成立或不成立的关键依据，必要时给出简短计算。
分析长度以解释清楚为准，避免重复题干或展开无关背景。
不要引入题目未给出的假设。

按以下结构输出：
A：……
B：……
C：……
D：……

最后输出唯一的答案 JSON：
{""answer"":[""A"",""C""]}

answer 是唯一字段，数组包含 1–3 个不重复的大写选项字母，
仅限 A、B、C、D，按字母顺序排列。
示例选项仅说明格式，不代表本题答案。
分析部分不要输出候选答案 JSON，最终答案后不要输出任何内容。

题目：
Scenario and Given Conditions：

一名制造商 $u$ 向一名零售商 $d$ 供货，双方分别最大化两期期望利润，无贴现。两期逆需求均为 $p(q)=1-q$，收入 $R(q)=(1-q)q$；单位生产、销售成本为零，单位跨期持有成本均为 $h\in(0,1)$。第一期产能无限。第二期状态 $N$ 的概率为 $1-\beta$、产能无限；状态 $D$ 的概率为 $\beta\in(0,1)$、产能为零。风险概率、成本和需求为共同知识。

首期订货为 $Q_1\ge0$，下游库存 $0\le I_d\le Q_1$，上游库存 $I_u\ge0$；首期生产 $Q_1+I_u$，首期销售 $q_1=Q_1-I_d$。第二期补货为 $Q_{2s}\ge0$，销售 $q_{2s}=I_d+Q_{2s}$；$D$ 状态要求 $Q_{2D}\le I_u$，$N$ 状态可新增生产 $(Q_{2N}-I_u)^+$，其中 $x^+=\max\{x,0\}$。第二期末剩余库存残值为零。批发支付为 $w_1Q_1$ 和 $w_{2s}Q_{2s}$，批发价格取非负且不高于 1；双方目标为
$$\Pi_u=w_1Q_1-hI_u+(1-\beta)w_{2N}Q_{2N}+\beta w_{2D}Q_{2D},$$
$$\Pi_d=R(Q_1-I_d)-w_1Q_1-hI_d+(1-\beta)[R(I_d+Q_{2N})-w_{2N}Q_{2N}]+\beta[R(I_d+Q_{2D})-w_{2D}Q_{2D}].$$
给定第二期价格及库存，零售商在相应供给约束内最大化第二期利润。第一期销量和第二期状态在第二期定价之前公开，制造商由 $I_d=Q_1-q_1$ 推断下游库存。采用逆向归纳的子博弈完美均衡；同时选择库存的阶段采用 Nash 均衡。

无承诺（NC）的时序为：制造商先定 $w_1$，零售商选 $Q_1$；随后双方同时且不可观测地选 $(I_u,I_d)$；第二期信息公开后，制造商按状态相机定价 $w_{2s}$，零售商补货。订货者预见后续库存均衡，制造商预见订货与库存反应。

在库存阶段，把给定首期订单对应的均衡写为 $(I_u(Q_1),I_d(Q_1))$。涉及严格局部变化的比较限于可微开放活动区，不跨越库存角点或补货截断点；讨论双方正库存时还要求 $0<I_d<Q_1$。选项中的“固定”表示另一个库存保持不变，不等于沿库存均衡同时调整。

Question：采购团队希望区分自有库存、上游备货与首期订单的作用。以下哪些陈述成立？

这是多选题，请选择所有正确选项。

A. 在中断期供给约束绑定且两状态均有正补货的开放区，固定 $I_u$ 小幅增加 $I_d$，两状态最优批发价均降低。

B. 在两状态均有正补货的开放区，固定 $I_d$ 时，上游小幅增加 $I_u$ 会降低正常状态的最优批发价。

C. 若 $h\ge\beta$，零售商无法通过削减首期订单使库存阶段的上游均衡库存由零变为正。

D. 沿双方正库存的库存阶段均衡，固定 $h,\beta$ 小幅减少 $Q_1$，会降低中断状态的最优批发价。","0"
"130","你正在回答一道独立的供应链决策多选题。仅根据本题条件作答。

请根据题目给定的条件，分别简要分析 A、B、C、D 四个选项，再给出最终答案。

每个选项说明其成立或不成立的关键依据，必要时给出简短计算。
分析长度以解释清楚为准，避免重复题干或展开无关背景。
不要引入题目未给出的假设。

按以下结构输出：
A：……
B：……
C：……
D：……

最后输出唯一的答案 JSON：
{""answer"":[""A"",""C""]}

answer 是唯一字段，数组包含 1–3 个不重复的大写选项字母，
仅限 A、B、C、D，按字母顺序排列。
示例选项仅说明格式，不代表本题答案。
分析部分不要输出候选答案 JSON，最终答案后不要输出任何内容。

题目：
Scenario and Given Conditions：

一名制造商 $u$ 向一名零售商 $d$ 供货，双方分别最大化两期期望利润，无贴现。两期逆需求均为 $p(q)=1-q$，收入 $R(q)=(1-q)q$；单位生产、销售成本为零，单位跨期持有成本均为 $h\in(0,1)$。第一期产能无限。第二期状态 $N$ 的概率为 $1-\beta$、产能无限；状态 $D$ 的概率为 $\beta\in(0,1)$、产能为零。风险概率、成本和需求为共同知识。

首期订货为 $Q_1\ge0$，下游库存 $0\le I_d\le Q_1$，上游库存 $I_u\ge0$；首期生产 $Q_1+I_u$，首期销售 $q_1=Q_1-I_d$。第二期补货为 $Q_{2s}\ge0$，销售 $q_{2s}=I_d+Q_{2s}$；$D$ 状态要求 $Q_{2D}\le I_u$，$N$ 状态可新增生产 $(Q_{2N}-I_u)^+$，其中 $x^+=\max\{x,0\}$。第二期末剩余库存残值为零。批发支付为 $w_1Q_1$ 和 $w_{2s}Q_{2s}$，批发价格取非负且不高于 1；双方目标为
$$\Pi_u=w_1Q_1-hI_u+(1-\beta)w_{2N}Q_{2N}+\beta w_{2D}Q_{2D},$$
$$\Pi_d=R(Q_1-I_d)-w_1Q_1-hI_d+(1-\beta)[R(I_d+Q_{2N})-w_{2N}Q_{2N}]+\beta[R(I_d+Q_{2D})-w_{2D}Q_{2D}].$$
给定第二期价格及库存，零售商在相应供给约束内最大化第二期利润。第一期销量和第二期状态在第二期定价之前公开，制造商由 $I_d=Q_1-q_1$ 推断下游库存。采用逆向归纳的子博弈完美均衡；同时选择库存的阶段采用 Nash 均衡。

无承诺（NC）的时序为：制造商先定 $w_1$，零售商选 $Q_1$；随后双方同时且不可观测地选 $(I_u,I_d)$；第二期信息公开后，制造商按状态相机定价 $w_{2s}$，零售商补货。订货者预见后续库存均衡，制造商预见订货与库存反应。

关注 NC 均衡库存随风险的局部变化。保持 $h$ 不变；比较只在同一可微开放库存区域内进行，不跨越库存零值边界或均衡分支切换点。记 $I_d'=dI_d/d\beta$、$I_u'=dI_u/d\beta$，包含首期最优定价与订货的内生调整。

Question：风险经理拟调整库存预算。以下哪些陈述成立？

这是多选题，请选择所有正确选项。

A. 在 $h>\beta$ 的参数范围，制造商的 NC 均衡备用库存为正。

B. 在下游持有正库存的开放参数区域，$I_d'>0$。

C. 在双方均持有正库存的开放区域，若 $I_d'>h/(2\beta^2)$，则 $I_u'<0$。

D. 在仅上游持有正库存的开放区域，$I_u'<0$。","0"
"131","你正在回答一道独立的供应链决策多选题。仅根据本题条件作答。

请根据题目给定的条件，分别简要分析 A、B、C、D 四个选项，再给出最终答案。

每个选项说明其成立或不成立的关键依据，必要时给出简短计算。
分析长度以解释清楚为准，避免重复题干或展开无关背景。
不要引入题目未给出的假设。

按以下结构输出：
A：……
B：……
C：……
D：……

最后输出唯一的答案 JSON：
{""answer"":[""A"",""C""]}

answer 是唯一字段，数组包含 1–3 个不重复的大写选项字母，
仅限 A、B、C、D，按字母顺序排列。
示例选项仅说明格式，不代表本题答案。
分析部分不要输出候选答案 JSON，最终答案后不要输出任何内容。

题目：
Scenario and Given Conditions：

一名制造商 $u$ 向一名零售商 $d$ 供货，双方分别最大化两期期望利润，无贴现。两期逆需求均为 $p(q)=1-q$，收入 $R(q)=(1-q)q$；单位生产、销售成本为零，单位跨期持有成本均为 $h\in(0,1)$。第一期产能无限。第二期状态 $N$ 的概率为 $1-\beta$、产能无限；状态 $D$ 的概率为 $\beta\in(0,1)$、产能为零。风险概率、成本和需求为共同知识。

首期订货为 $Q_1\ge0$，下游库存 $0\le I_d\le Q_1$，上游库存 $I_u\ge0$；首期生产 $Q_1+I_u$，首期销售 $q_1=Q_1-I_d$。第二期补货为 $Q_{2s}\ge0$，销售 $q_{2s}=I_d+Q_{2s}$；$D$ 状态要求 $Q_{2D}\le I_u$，$N$ 状态可新增生产 $(Q_{2N}-I_u)^+$，其中 $x^+=\max\{x,0\}$。第二期末剩余库存残值为零。批发支付为 $w_1Q_1$ 和 $w_{2s}Q_{2s}$，批发价格取非负且不高于 1；双方目标为
$$\Pi_u=w_1Q_1-hI_u+(1-\beta)w_{2N}Q_{2N}+\beta w_{2D}Q_{2D},$$
$$\Pi_d=R(Q_1-I_d)-w_1Q_1-hI_d+(1-\beta)[R(I_d+Q_{2N})-w_{2N}Q_{2N}]+\beta[R(I_d+Q_{2D})-w_{2D}Q_{2D}].$$
给定第二期价格及库存，零售商在相应供给约束内最大化第二期利润。第一期销量和第二期状态在第二期定价之前公开，制造商由 $I_d=Q_1-q_1$ 推断下游库存。采用逆向归纳的子博弈完美均衡；同时选择库存的阶段采用 Nash 均衡。

比较三种安排，均不计承诺费用且正式承诺可履行：

NC：制造商定 $w_1$，零售商选 $Q_1$，双方同时且不可观测地选择 $(I_u,I_d)$；第二期信息公开后，制造商相机定 $w_{2s}$，零售商补货。

PC（价格承诺）：制造商第一期初选择并承诺 $(w_1,w_{2N},w_{2D})$；零售商选择 $Q_1,I_d$，制造商为依约供货备货；第二期按实现状态使用承诺价格。制造商优化完整菜单，第二期承诺供货受实际库存约束。

IC（库存承诺）：制造商第一期初选择并可信承诺 $(w_1,I_u)$，零售商观察后选择 $Q_1,I_d$；第二期信息公开后制造商相机定 $w_{2s}$，零售商补货。

各安排的均衡利润记为 $\Pi_u^k,\Pi_d^k$，$k\in\{NC,PC,IC\}$，总供应链利润为 $\Pi_{sc}^k=\Pi_u^k+\Pi_d^k$。每种安排中，各方均预见后续决策而优化其当时可选的变量。



Question：制造商拟选择承诺形式，并评估其对采购行为及自身利润的影响。以下哪些陈述成立？

这是多选题，请选择所有正确选项。

A. 在制造商最优 PC 菜单的均衡中，下游跨期库存为零。

B. 可信 IC 保留了零售商通过自身库存影响第二期相机批发价格的渠道。

C. 在 NC 和 IC 均衡均处于“上游零库存、下游正库存”的开放参数区域，制造商有 $\Pi_u^{PC}>\Pi_u^{NC}$。

D. 在该模型中，$\Pi_u^{IC}\ge\max\{\Pi_u^{NC},\Pi_u^{PC}\}$。","0"
"132","你正在回答一道独立的供应链决策多选题。仅根据本题条件作答。

请根据题目给定的条件，分别简要分析 A、B、C、D 四个选项，再给出最终答案。

每个选项说明其成立或不成立的关键依据，必要时给出简短计算。
分析长度以解释清楚为准，避免重复题干或展开无关背景。
不要引入题目未给出的假设。

按以下结构输出：
A：……
B：……
C：……
D：……

最后输出唯一的答案 JSON：
{""answer"":[""A"",""C""]}

answer 是唯一字段，数组包含 1–3 个不重复的大写选项字母，
仅限 A、B、C、D，按字母顺序排列。
示例选项仅说明格式，不代表本题答案。
分析部分不要输出候选答案 JSON，最终答案后不要输出任何内容。

题目：
Scenario and Given Conditions：

一名制造商 $u$ 向一名零售商 $d$ 供货，双方分别最大化两期期望利润，无贴现。两期逆需求均为 $p(q)=1-q$，收入 $R(q)=(1-q)q$；单位生产、销售成本为零，单位跨期持有成本均为 $h\in(0,1)$。第一期产能无限。第二期状态 $N$ 的概率为 $1-\beta$、产能无限；状态 $D$ 的概率为 $\beta\in(0,1)$、产能为零。风险概率、成本和需求为共同知识。

首期订货为 $Q_1\ge0$，下游库存 $0\le I_d\le Q_1$，上游库存 $I_u\ge0$；首期生产 $Q_1+I_u$，首期销售 $q_1=Q_1-I_d$。第二期补货为 $Q_{2s}\ge0$，销售 $q_{2s}=I_d+Q_{2s}$；$D$ 状态要求 $Q_{2D}\le I_u$，$N$ 状态可新增生产 $(Q_{2N}-I_u)^+$，其中 $x^+=\max\{x,0\}$。第二期末剩余库存残值为零。批发支付为 $w_1Q_1$ 和 $w_{2s}Q_{2s}$，批发价格取非负且不高于 1；双方目标为
$$\Pi_u=w_1Q_1-hI_u+(1-\beta)w_{2N}Q_{2N}+\beta w_{2D}Q_{2D},$$
$$\Pi_d=R(Q_1-I_d)-w_1Q_1-hI_d+(1-\beta)[R(I_d+Q_{2N})-w_{2N}Q_{2N}]+\beta[R(I_d+Q_{2D})-w_{2D}Q_{2D}].$$
给定第二期价格及库存，零售商在相应供给约束内最大化第二期利润。第一期销量和第二期状态在第二期定价之前公开，制造商由 $I_d=Q_1-q_1$ 推断下游库存。采用逆向归纳的子博弈完美均衡；同时选择库存的阶段采用 Nash 均衡。

比较三种安排，均不计承诺费用且正式承诺可履行：

NC：制造商定 $w_1$，零售商选 $Q_1$，双方同时且不可观测地选择 $(I_u,I_d)$；第二期信息公开后，制造商相机定 $w_{2s}$，零售商补货。

PC（价格承诺）：制造商第一期初选择并承诺 $(w_1,w_{2N},w_{2D})$；零售商选择 $Q_1,I_d$，制造商为依约供货备货；第二期按实现状态使用承诺价格。制造商优化完整菜单，第二期承诺供货受实际库存约束。

IC（库存承诺）：制造商第一期初选择并可信承诺 $(w_1,I_u)$，零售商观察后选择 $Q_1,I_d$；第二期信息公开后制造商相机定 $w_{2s}$，零售商补货。

各安排的均衡利润记为 $\Pi_u^k,\Pi_d^k$，$k\in\{NC,PC,IC\}$，总供应链利润为 $\Pi_{sc}^k=\Pi_u^k+\Pi_d^k$。每种安排中，各方均预见后续决策而优化其当时可选的变量。

先求可信 IC 均衡，记为 $(w_1^{IC},Q_1^{IC},I_u^{IC},I_d^{IC})$，并考虑其与 NC 均衡不同的参数区域。随后进行一次单方履约激励检验：零售商按可信承诺作出的 $Q_1^{IC},I_d^{IC}$ 已固定，制造商尚未支付库存持有费用，可以无惩罚、不被零售商发现地重选实际物理库存 $x\ge0$。第二期零售商库存与状态仍按上述方式公开，制造商相机定价，$D$ 状态供给上限改为 $x$。不重新求一个包含预期违约的完整博弈均衡。令 $x^{BR}(I_d)$ 为固定零售商决策时的最优实际备货量；其局部导数只在正库存内点取值。

Question：以下哪些陈述正确描述这次履约激励检验？

这是多选题，请选择所有正确选项。

A. 在 IC 与 NC 均衡不同的区域，$x^{BR}(I_d^{IC})<I_u^{IC}$。

B. 在 IC 与 NC 均衡不同的区域，最优秘密偏离方向是增加实际备货，即 $x^{BR}(I_d^{IC})>I_u^{IC}$。

C. 若 $x^{BR}(I_d)>0$ 且不发生补货活动区切换，则 $d x^{BR}/d I_d=-1/2$。

D. 秘密备货的边际利润应计入因 $x$ 变化引起的第一期订货收益项 $w_1^{IC}\,dQ_1^{IC}/dx$，而该响应在本检验中为正。","0"
"133","你正在回答一道独立的供应链决策多选题。仅根据本题条件作答。

请根据题目给定的条件，分别简要分析 A、B、C、D 四个选项，再给出最终答案。

每个选项说明其成立或不成立的关键依据，必要时给出简短计算。
分析长度以解释清楚为准，避免重复题干或展开无关背景。
不要引入题目未给出的假设。

按以下结构输出：
A：……
B：……
C：……
D：……

最后输出唯一的答案 JSON：
{""answer"":[""A"",""C""]}

answer 是唯一字段，数组包含 1–3 个不重复的大写选项字母，
仅限 A、B、C、D，按字母顺序排列。
示例选项仅说明格式，不代表本题答案。
分析部分不要输出候选答案 JSON，最终答案后不要输出任何内容。

题目：
Scenario and Given Conditions：

一名制造商 $u$ 向一名零售商 $d$ 供货，双方分别最大化两期期望利润，无贴现。两期逆需求均为 $p(q)=1-q$，收入 $R(q)=(1-q)q$；单位生产、销售成本为零，单位跨期持有成本均为 $h\in(0,1)$。第一期产能无限。第二期状态 $N$ 的概率为 $1-\beta$、产能无限；状态 $D$ 的概率为 $\beta\in(0,1)$、产能为零。风险概率、成本和需求为共同知识。

首期订货为 $Q_1\ge0$，下游库存 $0\le I_d\le Q_1$，上游库存 $I_u\ge0$；首期生产 $Q_1+I_u$，首期销售 $q_1=Q_1-I_d$。第二期补货为 $Q_{2s}\ge0$，销售 $q_{2s}=I_d+Q_{2s}$；$D$ 状态要求 $Q_{2D}\le I_u$，$N$ 状态可新增生产 $(Q_{2N}-I_u)^+$，其中 $x^+=\max\{x,0\}$。第二期末剩余库存残值为零。批发支付为 $w_1Q_1$ 和 $w_{2s}Q_{2s}$，批发价格取非负且不高于 1；双方目标为
$$\Pi_u=w_1Q_1-hI_u+(1-\beta)w_{2N}Q_{2N}+\beta w_{2D}Q_{2D},$$
$$\Pi_d=R(Q_1-I_d)-w_1Q_1-hI_d+(1-\beta)[R(I_d+Q_{2N})-w_{2N}Q_{2N}]+\beta[R(I_d+Q_{2D})-w_{2D}Q_{2D}].$$
给定第二期价格及库存，零售商在相应供给约束内最大化第二期利润。第一期销量和第二期状态在第二期定价之前公开，制造商由 $I_d=Q_1-q_1$ 推断下游库存。采用逆向归纳的子博弈完美均衡；同时选择库存的阶段采用 Nash 均衡。

比较三种安排，均不计承诺费用且正式承诺可履行：

NC：制造商定 $w_1$，零售商选 $Q_1$，双方同时且不可观测地选择 $(I_u,I_d)$；第二期信息公开后，制造商相机定 $w_{2s}$，零售商补货。

PC（价格承诺）：制造商第一期初选择并承诺 $(w_1,w_{2N},w_{2D})$；零售商选择 $Q_1,I_d$，制造商为依约供货备货；第二期按实现状态使用承诺价格。制造商优化完整菜单，第二期承诺供货受实际库存约束。

IC（库存承诺）：制造商第一期初选择并可信承诺 $(w_1,I_u)$，零售商观察后选择 $Q_1,I_d$；第二期信息公开后制造商相机定 $w_{2s}$，零售商补货。

各安排的均衡利润记为 $\Pi_u^k,\Pi_d^k$，$k\in\{NC,PC,IC\}$，总供应链利润为 $\Pi_{sc}^k=\Pi_u^k+\Pi_d^k$。每种安排中，各方均预见后续决策而优化其当时可选的变量。

双方评估是否采用可信 IC。若出现 $\Pi_u^{IC}>\Pi_u^{NC}$ 且 $\Pi_d^{NC}>\Pi_d^{IC}$ 的偏好冲突，在第一期运营博弈开始前可约定制造商向零售商支付固定 $T\ge0$；它不随库存或订货变化，转移无摩擦，IC 仍可信履行。外部选项为 NC，采用 IC 后收益为 $(\Pi_u^{IC}-T,\Pi_d^{IC}+T)$。“弱参与”表示收益不低于 NC，“严格参与”表示收益严格高于 NC。

Question：采购双方拟评价策略偏好与固定补贴的可行性。以下哪些陈述成立？

这是多选题，请选择所有正确选项。

A. 该模型存在使零售商严格偏好 PC 而非 NC 的持有成本与风险组合。

B. 在上述偏好冲突情形中，仅有 $\Pi_u^{IC}>\Pi_u^{NC}$ 就足以保证存在使双方弱参与的固定支付。

C. 在上述偏好冲突情形中，存在使双方弱参与的固定支付，当且仅当 $\Pi_{sc}^{IC}\ge\Pi_{sc}^{NC}$。

D. 在上述偏好冲突情形中，若 $\Pi_{sc}^{IC}>\Pi_{sc}^{NC}$，则支付 $T=\tfrac12[(\Pi_d^{NC}-\Pi_d^{IC})+(\Pi_u^{IC}-\Pi_u^{NC})]$ 可使双方严格参与。","0"
"134","你正在回答一道独立的供应链决策多选题。仅根据本题条件作答。

请根据题目给定的条件，分别简要分析 A、B、C、D 四个选项，再给出最终答案。

每个选项说明其成立或不成立的关键依据，必要时给出简短计算。
分析长度以解释清楚为准，避免重复题干或展开无关背景。
不要引入题目未给出的假设。

按以下结构输出：
A：……
B：……
C：……
D：……

最后输出唯一的答案 JSON：
{""answer"":[""A"",""C""]}

answer 是唯一字段，数组包含 1–3 个不重复的大写选项字母，
仅限 A、B、C、D，按字母顺序排列。
示例选项仅说明格式，不代表本题答案。
分析部分不要输出候选答案 JSON，最终答案后不要输出任何内容。

题目：
Scenario and Given Conditions：
一家风险中性企业在最后一个经营周期生产同质服务品，制造使用充足新原料，再制造每生产一单位消耗一单位回收品。两条产线使用专用产能，不能互相调剂；均为零提前期。期初状态为 $(x^0,x^1)$，其中 $x^0\ge0$ 是回收品库存，$x^1\in\mathbb R$ 是回收品库存与服务品净库存的总和，服务品净库存为 $x=x^1-x^0$。先观察状态并同时确定计划 $(q^m,q^r)$，再实现产能并生产，最后满足确定需求 $D=1$；缺货全部积压，当期无新退回，期末无残值和后续成本。
实际产量为 $a_m=\min\{q^m,K_m\}$、$a_r=\min\{q^r,K_r\}$。单位费用为 $p=4,r=3,s=1,h=1,b=10$，依次对应实际制造、实际再制造、剩余回收品持有、剩余服务品持有和积压。企业最小化
$$E\left[4a_m+3a_r+(x^0-a_r)+(x+a_m+a_r-1)^++10(1-x-a_m-a_r)^+\right],$$
其中 $z^+=\max\{z,0\}$，数量可连续取值。
两种产能相互独立，均以各 $1/2$ 的概率取 $0$ 或 $2$，与需求独立。采用不改变任何实际产出可能性的计划范围 $0\le q^m\le2$、$0\le q^r\le\min\{x^0,2\}$；若有多个最优计划，先取最小 $q^m$，再取最小 $q^r$。

Question：
如何根据库存状态安排生产并评估履约？这是多选题，请选择所有正确选项。

A. 状态 $(x^0,x^1)=(0,0)$ 下，最优计划制造量为 $1$。

B. 状态 $(x^0,x^1)=(1,1)$ 下，仅计划再制造 $1$ 单位、制造 $0$ 单位是最优计划。

C. 状态 $(x^0,x^1)=(1,2)$ 下，不生产是最优计划。

D. 状态 $(x^0,x^1)=(1,1)$ 下，执行最优计划后、需求实现前的服务品库存以概率 $1$ 等于 $1$。","0"
"135","你正在回答一道独立的供应链决策多选题。仅根据本题条件作答。

请根据题目给定的条件，分别简要分析 A、B、C、D 四个选项，再给出最终答案。

每个选项说明其成立或不成立的关键依据，必要时给出简短计算。
分析长度以解释清楚为准，避免重复题干或展开无关背景。
不要引入题目未给出的假设。

按以下结构输出：
A：……
B：……
C：……
D：……

最后输出唯一的答案 JSON：
{""answer"":[""A"",""C""]}

answer 是唯一字段，数组包含 1–3 个不重复的大写选项字母，
仅限 A、B、C、D，按字母顺序排列。
示例选项仅说明格式，不代表本题答案。
分析部分不要输出候选答案 JSON，最终答案后不要输出任何内容。

题目：
Scenario and Given Conditions：
一家风险中性企业在最后一个经营周期生产同质服务品，制造使用充足新原料，再制造每生产一单位消耗一单位回收品。两条产线使用专用产能，不能互相调剂；均为零提前期。期初状态为 $(x^0,x^1)$，其中 $x^0\ge0$ 是回收品库存，$x^1\in\mathbb R$ 是回收品库存与服务品净库存的总和，服务品净库存为 $x=x^1-x^0$。先观察状态并同时确定计划 $(q^m,q^r)$，再实现产能并生产，最后满足确定需求 $D=1$；缺货全部积压，当期无新退回，期末无残值和后续成本。
实际产量为 $a_m=\min\{q^m,K_m\}$、$a_r=\min\{q^r,K_r\}$。单位费用为 $p=4,r=3,s=1,h=1,b=10$，依次对应实际制造、实际再制造、剩余回收品持有、剩余服务品持有和积压。企业最小化
$$E\left[4a_m+3a_r+(x^0-a_r)+(x+a_m+a_r-1)^++10(1-x-a_m-a_r)^+\right],$$
其中 $z^+=\max\{z,0\}$，数量可连续取值。
制造产能确定为 $K_m=1$，再制造产能以各 $1/2$ 的概率取 $0$ 或 $2$，与需求独立。可选范围为 $0\le q^m\le1$、$0\le q^r\le\min\{x^0,2\}$。若有多个最优计划，先取最小 $q^m$，再取最小 $q^r$。本题固定 $x^0=1$，比较 $x^1\in[0,2]$ 的库存状态。

Question：
确定制造保障与随机再制造风险如何影响不同库存状态的生产安排？这是多选题，请选择所有正确选项。

A. 当 $x^1=0$ 时，最优计划对应的实际再制造产量以概率 $1$ 等于 $1$。

B. 当 $x^1=1$ 时，最优计划为 $(q^m,q^r)=(1,0)$。

C. 当 $1<x^1<2$ 时，最优计划再制造量为 $0$。

D. 当 $x^1=1/2$ 时，最优计划是将全部回收品投入再制造，即 $q^r=1$。","0"
"136","你正在回答一道独立的供应链决策多选题。仅根据本题条件作答。

请根据题目给定的条件，分别简要分析 A、B、C、D 四个选项，再给出最终答案。

每个选项说明其成立或不成立的关键依据，必要时给出简短计算。
分析长度以解释清楚为准，避免重复题干或展开无关背景。
不要引入题目未给出的假设。

按以下结构输出：
A：……
B：……
C：……
D：……

最后输出唯一的答案 JSON：
{""answer"":[""A"",""C""]}

answer 是唯一字段，数组包含 1–3 个不重复的大写选项字母，
仅限 A、B、C、D，按字母顺序排列。
示例选项仅说明格式，不代表本题答案。
分析部分不要输出候选答案 JSON，最终答案后不要输出任何内容。

题目：
Scenario and Given Conditions：
一家风险中性企业在最后一个经营周期生产同质服务品，制造使用充足新原料，再制造每生产一单位消耗一单位回收品。两条产线使用专用产能，不能互相调剂；均为零提前期。期初状态为 $(x^0,x^1)$，其中 $x^0\ge0$ 是回收品库存，$x^1\in\mathbb R$ 是回收品库存与服务品净库存的总和，服务品净库存为 $x=x^1-x^0$。先观察状态并同时确定计划 $(q^m,q^r)$，再实现产能并生产，最后满足确定需求 $D=1$；缺货全部积压，当期无新退回，期末无残值和后续成本。
实际产量为 $a_m=\min\{q^m,K_m\}$、$a_r=\min\{q^r,K_r\}$。单位费用为 $p=4,r=3,s=1,h=1,b=10$，依次对应实际制造、实际再制造、剩余回收品持有、剩余服务品持有和积压。企业最小化
$$E\left[4a_m+3a_r+(x^0-a_r)+(x+a_m+a_r-1)^++10(1-x-a_m-a_r)^+\right],$$
其中 $z^+=\max\{z,0\}$，数量可连续取值。
再制造产能确定为 $K_r=1$，制造产能以各 $1/2$ 的概率取 $0$ 或 $2$，与需求独立。可选范围为 $0\le q^m\le2$、$0\le q^r\le\min\{x^0,1\}$。若有多个最优计划，先取最小 $q^m$，再取最小 $q^r$。本题固定 $x^1=0$，比较 $x^0\in[0,2]$ 的库存状态。

Question：
在可靠再制造与随机制造并存的情况下，哪些生产结论成立？这是多选题，请选择所有正确选项。

A. 将回收库存从 $x^0=2$ 降至 $x^0=1$，最优计划再制造量严格下降。

B. 当 $x^0=1/2$ 时，最优计划再制造量为 $1/2$。

C. 当 $0<x^0<1$ 时，最优计划制造量恒为 $1$。

D. 当 $x^0=2$ 时，执行最优计划对应的实际制造量以概率 $1$ 等于 $2$。","0"
"137","你正在回答一道独立的供应链决策多选题。仅根据本题条件作答。

请根据题目给定的条件，分别简要分析 A、B、C、D 四个选项，再给出最终答案。

每个选项说明其成立或不成立的关键依据，必要时给出简短计算。
分析长度以解释清楚为准，避免重复题干或展开无关背景。
不要引入题目未给出的假设。

按以下结构输出：
A：……
B：……
C：……
D：……

最后输出唯一的答案 JSON：
{""answer"":[""A"",""C""]}

answer 是唯一字段，数组包含 1–3 个不重复的大写选项字母，
仅限 A、B、C、D，按字母顺序排列。
示例选项仅说明格式，不代表本题答案。
分析部分不要输出候选答案 JSON，最终答案后不要输出任何内容。

题目：
Scenario and Given Conditions：
一家风险中性企业在有限期 $j=t,\ldots,T$ 通过制造或再制造提供同质服务品。原料充足，制造产能无限，再制造使用专用非负随机产能 $K_{j,r}$，其跨期独立同分布，已知分布且与全部需求、退回独立。期末非负需求 $D_j$ 和新退回 $R_j$ 的联合分布已知，期内允许相关、跨期独立。两种生产均为零提前期，缺货全部积压；退回采购费为沉没成本，新退回不收当期持有费。
状态 $(x_j^0,x_j^1)\in\mathbb R_+\times\mathbb R$ 分别是回收品库存和总库存，净服务品库存为 $x_j^1-x_j^0$。观察状态后，在产能实现前同时决定 $q_j^m\ge0$、$0\le q_j^r\le x_j^0$。实际产量 $a_{j,m}=q_j^m$、$a_{j,r}=q_j^r\wedge K_{j,r}$。令 $u_j=x_j^0-a_{j,r}$、$v_j=x_j^1+a_{j,m}$，当期成本为
$$p a_{j,m}+r a_{j,r}+s u_j+h(v_j-u_j-D_j)^++b(D_j-v_j+u_j)^+,$$
转移为 $(x_{j+1}^0,x_{j+1}^1)=(u_j+R_j,v_j+R_j-D_j)$。参数 $p>r>0,s>0,h\ge0,b>0,0<\alpha\le1$；目标是最小化剩余期成本的贴现期望，终端价值为零，其最优值记为 $V_j^r$。

另定义一个无回收品约束、无退回的辅助库存模型。状态 $x\in\mathbb R$，可靠源单位费用 $p$、订购量 $y-x\ge0$；随机源计划量 $q\ge0$、实际交付量 $q\wedge K_r$、单位交付费用 $c_j=r-sA_j$，其中 $A_j=\sum_{i=0}^{T-j}\alpha^i$。记 $G_j(z)=E[h(z-D_j)^++b(D_j-z)^+]$，
$$J_j(y,q)=py+c_jE[q\wedge K_r]+E[G_j(y+q\wedge K_r)]+\alpha E[\bar V_{j+1}^r(y+q\wedge K_r-D_j)],$$
$$\bar V_j^r(x)=\min_{y\ge x,q\ge0}J_j(y,q)-px,\qquad \bar V_{T+1}^r\equiv0.$$
定义 $S_j^0=\arg\min_y\{J_j(y,0)-(p-r+sA_j)y\}$、$S_j^1=\arg\min_y\min_{q\ge0}J_j(y,q)$ 和 $B_t=\sum_{j=t}^T(S_j^0-S_j^1)$。本题限成本期望有限、这些指数极小点存在且唯一的实例。令
$$L_t(x^0,x)=\bar V_t^r(x)+sA_t x^0+s\sum_{j=t}^T\sum_{i=1}^{T-j}\alpha^{j-t+i}E[R_j].$$

Question：
在保持上述模型条件时，哪些关于辅助模型与原系统的结论成立？这是多选题，请选择所有正确选项。

A. 将回收品剩余期持有费前置计收后，每实际再制造一单位，应从其直接生产费用中扣除 $sA_j$。

B. 对任意净服务品库存 $x$，若 $x^0\ge B_t$，则 $V_t^r(x^0,x^0+x)=L_t(x^0,x)$。

C. 对任意净服务品库存 $x$，若 $0\le x^0<B_t$，则 $V_t^r(x^0,x^0+x)>L_t(x^0,x)$。

D. 若 $\Pr(K_r=0)=0$、$x^0\ge B_t$ 且 $x<S_t^1$，则存在当期计划再制造量严格为正的最优策略。","0"
"138","你正在回答一道独立的供应链决策多选题。仅根据本题条件作答。

请根据题目给定的条件，分别简要分析 A、B、C、D 四个选项，再给出最终答案。

每个选项说明其成立或不成立的关键依据，必要时给出简短计算。
分析长度以解释清楚为准，避免重复题干或展开无关背景。
不要引入题目未给出的假设。

按以下结构输出：
A：……
B：……
C：……
D：……

最后输出唯一的答案 JSON：
{""answer"":[""A"",""C""]}

answer 是唯一字段，数组包含 1–3 个不重复的大写选项字母，
仅限 A、B、C、D，按字母顺序排列。
示例选项仅说明格式，不代表本题答案。
分析部分不要输出候选答案 JSON，最终答案后不要输出任何内容。

题目：
Scenario and Given Conditions：
一家风险中性企业在单个经营周期生产同质服务品。制造原料充足、产能无限；再制造每生产一单位消耗一单位期初回收品，使用专用产能。零提前期、需求确定为 $D=1$，当期无新退回，缺货全部积压；期末无残值或后续成本。状态 $(x^0,x^1)\in\mathbb R_+\times\mathbb R$ 是回收品库存与总库存，服务品净库存为 $x=x^1-x^0$。先选择 $q^m\ge0$、$0\le q^r\le\min\{x^0,2\}$，再实现再制造产能 $K_r$，制造实际量等于 $q^m$，再制造实际量为 $a_r=q^r\wedge K_r$。回收品单位持有费 $s=1$、服务品持有费 $h=1$、积压费 $b=10$、再制造费用 $r=3$，仅实际生产量收费。三个对照情景为

| 情景 | 单位制造费 $p$ | 再制造产能分布 |
|---|---:|---|
| I | 4 | $K_r=0,2$ 各概率 $1/2$ |
| II | 4 | $K_r\equiv2$ |
| III | 8 | $K_r=0,2$ 各概率 $1/2$ |

企业分别最小化
$$E\left[pq^m+3a_r+(x^0-a_r)+(x+q^m+a_r-1)^++10(1-x-q^m-a_r)^+\right].$$
数量可连续取值，各情景的产能与需求独立；若有多个最优计划，先取最小 $q^m$，再取最小 $q^r$。记最小期望成本为 $V^{\rm I},V^{\rm II},V^{\rm III}$。

Question：
改变产能归零风险或制造费用后，哪些结论成立？这是多选题，请选择所有正确选项。

A. 在情景 I 的状态 $(x^0,x^1)=(2,2)$ 下，零计划再制造是一项最优策略。

B. 在状态 $(x^0,x^1)=(2,2)$ 下，$V^{\rm I}-V^{\rm II}=2$。

C. 在情景 III 的状态 $(x^0,x^1)=(2,2)$ 下，零计划再制造是一项最优策略。

D. 在状态 $(x^0,x^1)=(0,0)$ 下，$V^{\rm I}=V^{\rm II}$。","0"
